الإجراء التنفيذي / المشروع,القطاع,المكون,الهدف,البرنامج,البرنامج الفرعي,مؤشر القياس,وحدة القياس,المستهدف الكلي,المتحقق الكلي,تاريخ بداية التنفيذ,تاريخ الإنجاز,الجهة المنفذة,موقف الإجراء,الكلفة الكلية,التمويل المخصص,المبلغ المصروف,العملة,وحدة المبلغ,مصدر التمويل,ملاحظات
أنشاء مدارس جديده وهدم واعادة بناء عدد (37) مدرسة ابتدائية ورياض اطفال وثانوية ضمن خطة عام (2023).,ge,الوصول والانصاف (الالتحاق والمساواة),توسيع البنية التحتية للمدارس على جميع المستويات مع الالتزام بمعايير بناء وإعادة التأهيل المدارس لاستيعاب المزيد من التلاميذ والطلاب ذوي الاحتياجات الخاصة والفتيات في المستوى الأساسي والمتوسط، وتقليل الفترات المزدوجة / الثلاثية والفصول الدراسية المكتظة,البنية التحتية,بناء مدارس,حصة المدارس التي تعمل بالنظام المزدوج لكل مستوى تعليمي,percent,100.0,10.0,2024,2026,محافظة المثنى,done,61014559140.0,,,IQD,one,تنمية الاقاليم وصندوق اعمار المحافظات الاكثر فقرا,
أنشاء مدارس جديده وهدم واعادة بناء عدد (29) مدرسة ابتدائية وثانوية ورياض اطفال ضمن خطة عام (2023).,ge,الوصول والانصاف (الالتحاق والمساواة),توسيع البنية التحتية للمدارس على جميع المستويات مع الالتزام بمعايير بناء وإعادة التأهيل المدارس لاستيعاب المزيد من التلاميذ والطلاب ذوي الاحتياجات الخاصة والفتيات في المستوى الأساسي والمتوسط، وتقليل الفترات المزدوجة / الثلاثية والفصول الدراسية المكتظة,البنية التحتية,بناء مدارس,حصة المدارس التي تعمل بالنظام المزدوج لكل مستوى تعليمي,percent,100.0,14.0,2024,2026,محافظة المثنى - تربية المثنى,done,42470370045.0,,,IQD,one,تنمية الاقاليم وصندوق اعمار المحافظات الاكثر فقرا,
هدم واعادة بناء (4),ge,الوصول والانصاف (الالتحاق والمساواة),توسيع البنية التحتية للمدارس على جميع المستويات مع الالتزام بمعايير بناء وإعادة التأهيل المدارس لاستيعاب المزيد من التلاميذ والطلاب ذوي الاحتياجات الخاصة والفتيات في المستوى الأساسي والمتوسط، وتقليل الفترات المزدوجة / الثلاثية والفصول الدراسية المكتظة,البنية التحتية,بناء مدارس,حصة المدارس التي تعمل بالنظام المزدوج لكل مستوى تعليمي,percent,100.0,,2025,2025,محافظة بغداد,done,,,,IQD,one,تنمية الأقاليم,
هدم واعادة بناء (4),ge,الوصول والانصاف (الالتحاق والمساواة),توسيع البنية التحتية للمدارس على جميع المستويات مع الالتزام بمعايير بناء وإعادة التأهيل المدارس لاستيعاب المزيد من التلاميذ والطلاب ذوي الاحتياجات الخاصة والفتيات في المستوى الأساسي والمتوسط، وتقليل الفترات المزدوجة / الثلاثية والفصول الدراسية المكتظة,البنية التحتية,بناء مدارس,حصة المدارس التي تعمل بالنظام المزدوج لكل مستوى تعليمي,percent,100.0,,2026,2026,محافظة بغداد,done,,,,IQD,one,تنمية الأقاليم,
اضافة اجنحه دراسية في 12 بناية مدرسية,ge,الوصول والانصاف (الالتحاق والمساواة),توسيع البنية التحتية للمدارس على جميع المستويات مع الالتزام بمعايير بناء وإعادة التأهيل المدارس لاستيعاب المزيد من التلاميذ والطلاب ذوي الاحتياجات الخاصة والفتيات في المستوى الأساسي والمتوسط، وتقليل الفترات المزدوجة / الثلاثية والفصول الدراسية المكتظة,البنية التحتية,بناء مدارس,حصة المدارس التي تعمل بالنظام المزدوج لكل مستوى تعليمي,percent,100.0,0.0,2025,2025,محافظة بغداد - الرصافة الثالثة,done,,,,IQD,one,امن غذائي,
اضافة اجنحه دراسية في 2 بناية مدرسية,ge,الوصول والانصاف (الالتحاق والمساواة),توسيع البنية التحتية للمدارس على جميع المستويات مع الالتزام بمعايير بناء وإعادة التأهيل المدارس لاستيعاب المزيد من التلاميذ والطلاب ذوي الاحتياجات الخاصة والفتيات في المستوى الأساسي والمتوسط، وتقليل الفترات المزدوجة / الثلاثية والفصول الدراسية المكتظة,البنية التحتية,بناء مدارس,حصة المدارس التي تعمل بالنظام المزدوج لكل مستوى تعليمي,percent,100.0,0.0,2026,2026,,done,,,,IQD,one,,
بناء روضة 4صف,ge,الوصول والانصاف (الالتحاق والمساواة),توسيع البنية التحتية للمدارس على جميع المستويات مع الالتزام بمعايير بناء وإعادة التأهيل المدارس لاستيعاب المزيد من التلاميذ والطلاب ذوي الاحتياجات الخاصة والفتيات في المستوى الأساسي والمتوسط، وتقليل الفترات المزدوجة / الثلاثية والفصول الدراسية المكتظة,البنية التحتية,بناء مدارس,رياض اطفال,percent,100.0,,2026,2026,محافظة بغداد,done,,,,IQD,one,تنمية الأقاليم,
بناء قاعات متعدده الاغراض عدد 3 قاعه,ge,الوصول والانصاف (الالتحاق والمساواة),توسيع البنية التحتية للمدارس على جميع المستويات مع الالتزام بمعايير بناء وإعادة التأهيل المدارس لاستيعاب المزيد من التلاميذ والطلاب ذوي الاحتياجات الخاصة والفتيات في المستوى الأساسي والمتوسط، وتقليل الفترات المزدوجة / الثلاثية والفصول الدراسية المكتظة,البنية التحتية,بناء مدارس,قاعات متعدده الاغراض,percent,100.0,,2026,2026,محافظة بغداد,done,,,,IQD,one,تنمية الأقاليم,
بناء روضة 6 صف,ge,الوصول والانصاف (الالتحاق والمساواة),توسيع البنية التحتية للمدارس على جميع المستويات مع الالتزام بمعايير بناء وإعادة التأهيل المدارس لاستيعاب المزيد من التلاميذ والطلاب ذوي الاحتياجات الخاصة والفتيات في المستوى الأساسي والمتوسط، وتقليل الفترات المزدوجة / الثلاثية والفصول الدراسية المكتظة,البنية التحتية,بناء مدارس,رياض اطفال,percent,100.0,0.0,2025,2025,محافظة بغداد - الرصافة الثالثة,done,,,,IQD,one,امن غذائي,
استملاك وتخصيص قطع أراضي خاصة لوزارة التربية,ge,الوصول والانصاف (الالتحاق والمساواة),توسيع البنية التحتية للمدارس على جميع المستويات مع الالتزام بمعايير بناء وإعادة التأهيل المدارس لاستيعاب المزيد من التلاميذ والطلاب ذوي الاحتياجات الخاصة والفتيات في المستوى الأساسي والمتوسط، وتقليل الفترات المزدوجة / الثلاثية والفصول الدراسية المكتظة,البنية التحتية,بناء مدارس,حصة المدارس التي تعمل بالنظام المزدوج لكل مستوى تعليمي,percent,100.0,0.0,2025,2028,,done,,,,IQD,one,تنمية الأقاليم,
بناء مدارس جديدة عدد (5) ضمن المنافع الاجتماعية,ge,الوصول والانصاف (الالتحاق والمساواة),توسيع البنية التحتية للمدارس على جميع المستويات مع الالتزام بمعايير بناء وإعادة التأهيل المدارس لاستيعاب المزيد من التلاميذ والطلاب ذوي الاحتياجات الخاصة والفتيات في المستوى الأساسي والمتوسط، وتقليل الفترات المزدوجة / الثلاثية والفصول الدراسية المكتظة,البنية التحتية,بناء مدارس,حصة المدارس التي تعمل بالنظام المزدوج لكل مستوى تعليمي,percent,100.0,,2025,2027,شركة نفط البصرة والمديرية العامة للتربية في المثنى,delayed,,,,IQD,one,ضمن المنافع الاجتماعية -شركة نفط البصرة,
اعداد تقرير الحاجة المتوقعة من الأبنية المدرسية لتقليل الاكتظاظ وفك الازدواج واستيعاب النمو السكاني لمدة خمس سنوات وعلى مستوى الاقضية في المديريات العامة للتربية في بغداد والمحافظات بالاعتماد على بيانات التقارير الاحصائية,ge,الوصول والانصاف (الالتحاق والمساواة),توسيع البنية التحتية للمدارس على جميع المستويات مع الالتزام بمعايير بناء وإعادة التأهيل المدارس لاستيعاب المزيد من التلاميذ والطلاب ذوي الاحتياجات الخاصة والفتيات في المستوى الأساسي والمتوسط، وتقليل الفترات المزدوجة / الثلاثية والفصول الدراسية المكتظة,البنية التحتية,بناء مدارس,حصة المدارس التي تعمل بالنظام المزدوج لكل مستوى تعليمي,percent,100.0,11.0,2023,2031,م .ع. التخطيط التربوي - قسم التخطيط,done,0.0,0.0,0.0,IQD,one,ـــ,
بناء (42) مدرسة ، بواقع (7) مدرسة و 6 صفوف، و13 مدرسة و12 صف و9 مدارس 18 صف و13 مدرسة 24 صف,ge,الوصول والانصاف (الالتحاق والمساواة),توسيع البنية التحتية للمدارس على جميع المستويات مع الالتزام بمعايير بناء وإعادة التأهيل المدارس لاستيعاب المزيد من التلاميذ والطلاب ذوي الاحتياجات الخاصة والفتيات في المستوى الأساسي والمتوسط، وتقليل الفترات المزدوجة / الثلاثية والفصول الدراسية المكتظة,البنية التحتية,بناء مدارس,حصة المدارس التي تعمل بالنظام المزدوج لكل مستوى تعليمي,percent,100.0,19.0,2023,2024,الامانة العامة لمجلس الوزراء و محافظة كركوك,done,,,,IQD,one,الامانة العامة لمجلس الوزراء و محافظة كركوك,
بناء مدارس وهدم وإعادة البناء (460),ge,الوصول والانصاف (الالتحاق والمساواة),توسيع البنية التحتية للمدارس على جميع المستويات مع الالتزام بمعايير بناء وإعادة التأهيل المدارس لاستيعاب المزيد من التلاميذ والطلاب ذوي الاحتياجات الخاصة والفتيات في المستوى الأساسي والمتوسط، وتقليل الفترات المزدوجة / الثلاثية والفصول الدراسية المكتظة,البنية التحتية,بناء مدارس,حصة المدارس التي تعمل بالنظام المزدوج لكل مستوى تعليمي,percent,100.0,0.0,2024,2031,محافظة البصرة - تربية البصرة,done,,,,IQD,one,تنمية الأقاليم,
استملاك أراضي عدد 350 قطعة,ge,الوصول والانصاف (الالتحاق والمساواة),توسيع البنية التحتية للمدارس على جميع المستويات مع الالتزام بمعايير بناء وإعادة التأهيل المدارس لاستيعاب المزيد من التلاميذ والطلاب ذوي الاحتياجات الخاصة والفتيات في المستوى الأساسي والمتوسط، وتقليل الفترات المزدوجة / الثلاثية والفصول الدراسية المكتظة,البنية التحتية,بناء مدارس,حصة المدارس التي تعمل بالنظام المزدوج لكل مستوى تعليمي,percent,100.0,0.0,2025,2031,محافظة البصرة - تربية البصرة,done,,,,IQD,one,تنمية الأقاليم,
نقل ملكية أراضي عدد 240,ge,الوصول والانصاف (الالتحاق والمساواة),توسيع البنية التحتية للمدارس على جميع المستويات مع الالتزام بمعايير بناء وإعادة التأهيل المدارس لاستيعاب المزيد من التلاميذ والطلاب ذوي الاحتياجات الخاصة والفتيات في المستوى الأساسي والمتوسط، وتقليل الفترات المزدوجة / الثلاثية والفصول الدراسية المكتظة,البنية التحتية,بناء مدارس,حصة المدارس التي تعمل بالنظام المزدوج لكل مستوى تعليمي,percent,100.0,13.0,2024,2031,تربية البصرة,done,,,,IQD,one,لا يتوفر بيانات,
بناء مدارس واجنحة وصحيات (خطة 2019) بعدد 92 مدارس واجنحة عدد 5 وصحيات عدد 8,ge,الوصول والانصاف (الالتحاق والمساواة),توسيع البنية التحتية للمدارس على جميع المستويات مع الالتزام بمعايير بناء وإعادة التأهيل المدارس لاستيعاب المزيد من التلاميذ والطلاب ذوي الاحتياجات الخاصة والفتيات في المستوى الأساسي والمتوسط، وتقليل الفترات المزدوجة / الثلاثية والفصول الدراسية المكتظة,البنية التحتية,بناء مدارس,حصة المدارس التي تعمل بالنظام المزدوج لكل مستوى تعليمي,percent,100.0,57.0,2020,2025,تربية بابل,done,,,,IQD,one,الموازنة الاستثمارية,
بناء مدارس واجنحة وصحيات (خطة 2021) بعدد 10 مدارس و3 اجنحة و 2 صحيات,ge,الوصول والانصاف (الالتحاق والمساواة),توسيع البنية التحتية للمدارس على جميع المستويات مع الالتزام بمعايير بناء وإعادة التأهيل المدارس لاستيعاب المزيد من التلاميذ والطلاب ذوي الاحتياجات الخاصة والفتيات في المستوى الأساسي والمتوسط، وتقليل الفترات المزدوجة / الثلاثية والفصول الدراسية المكتظة,البنية التحتية,بناء مدارس,حصة المدارس التي تعمل بالنظام المزدوج لكل مستوى تعليمي,percent,100.0,50.0,2022,2024,تربية بابل,done,,,,IQD,one,الموازنة الاستثمارية,
بناء مدارس واجنحة وصحيات (إعادة اعمار المناطق المحررة) بعدد 3 مدارس و11 اجنحة و2 صحيات,ge,الوصول والانصاف (الالتحاق والمساواة),توسيع البنية التحتية للمدارس على جميع المستويات مع الالتزام بمعايير بناء وإعادة التأهيل المدارس لاستيعاب المزيد من التلاميذ والطلاب ذوي الاحتياجات الخاصة والفتيات في المستوى الأساسي والمتوسط، وتقليل الفترات المزدوجة / الثلاثية والفصول الدراسية المكتظة,البنية التحتية,بناء مدارس,حصة المدارس التي تعمل بالنظام المزدوج لكل مستوى تعليمي,percent,100.0,50.0,2023,2025,تربية بابل,done,,,,IQD,one,الموازنة الاستثمارية,
بناء مدارس واجنحة وصحيات (مشاريع مستمرة من خطة 2025) بعدد 8 مدارس و2 روضة و هدم و بناء 4 مدارس,ge,الوصول والانصاف (الالتحاق والمساواة),توسيع البنية التحتية للمدارس على جميع المستويات مع الالتزام بمعايير بناء وإعادة التأهيل المدارس لاستيعاب المزيد من التلاميذ والطلاب ذوي الاحتياجات الخاصة والفتيات في المستوى الأساسي والمتوسط، وتقليل الفترات المزدوجة / الثلاثية والفصول الدراسية المكتظة,البنية التحتية,بناء مدارس,حصة المدارس التي تعمل بالنظام المزدوج لكل مستوى تعليمي,percent,100.0,0.0,2026,2028,تربية بابل,done,,,,IQD,one,الموازنة الاستثمارية,
بناء مدارس واجنحة وصحيات (مشاريع مستمرة من خطة 2019) بعدد 4 مدارس و3 اجنحة و1 صحيات,ge,الوصول والانصاف (الالتحاق والمساواة),توسيع البنية التحتية للمدارس على جميع المستويات مع الالتزام بمعايير بناء وإعادة التأهيل المدارس لاستيعاب المزيد من التلاميذ والطلاب ذوي الاحتياجات الخاصة والفتيات في المستوى الأساسي والمتوسط، وتقليل الفترات المزدوجة / الثلاثية والفصول الدراسية المكتظة,البنية التحتية,بناء مدارس,حصة المدارس التي تعمل بالنظام المزدوج لكل مستوى تعليمي,percent,100.0,67.0,2023,2025,تربية بابل,done,,,,IQD,one,الموازنة الاستثمارية,
هدم وإعادة بناء 132 مدرسة,ge,الوصول والانصاف (الالتحاق والمساواة),توسيع البنية التحتية للمدارس على جميع المستويات مع الالتزام بمعايير بناء وإعادة التأهيل المدارس لاستيعاب المزيد من التلاميذ والطلاب ذوي الاحتياجات الخاصة والفتيات في المستوى الأساسي والمتوسط، وتقليل الفترات المزدوجة / الثلاثية والفصول الدراسية المكتظة,البنية التحتية,بناء مدارس,حصة المدارس التي تعمل بالنظام المزدوج لكل مستوى تعليمي,percent,100.0,0.0,2024,2031,محافظة واسط - تربية واسط,done,,,,IQD,one,تنمية الأقاليم,
استملاك أراضي عدد 200 قطعة ارض,ge,الوصول والانصاف (الالتحاق والمساواة),توسيع البنية التحتية للمدارس على جميع المستويات مع الالتزام بمعايير بناء وإعادة التأهيل المدارس لاستيعاب المزيد من التلاميذ والطلاب ذوي الاحتياجات الخاصة والفتيات في المستوى الأساسي والمتوسط، وتقليل الفترات المزدوجة / الثلاثية والفصول الدراسية المكتظة,البنية التحتية,بناء مدارس,حصة المدارس التي تعمل بالنظام المزدوج لكل مستوى تعليمي,percent,100.0,0.0,2025,2031,محافظة واسط - تربية واسط,done,,,,IQD,one,تنمية الأقاليم,بداية تنفيذ المشروع سنة 2025
نقل ملكية أراضي 150 قطعة ارض,ge,الوصول والانصاف (الالتحاق والمساواة),توسيع البنية التحتية للمدارس على جميع المستويات مع الالتزام بمعايير بناء وإعادة التأهيل المدارس لاستيعاب المزيد من التلاميذ والطلاب ذوي الاحتياجات الخاصة والفتيات في المستوى الأساسي والمتوسط، وتقليل الفترات المزدوجة / الثلاثية والفصول الدراسية المكتظة,البنية التحتية,بناء مدارس,حصة المدارس التي تعمل بالنظام المزدوج لكل مستوى تعليمي,percent,100.0,0.0,2025,2031,محافظة واسط - تربية واسط,done,,,,IQD,one,تنمية الأقاليم,بداية تنفيذ المشروع سنة 2026
بناء مدارس جديدة متنوعة السعات 42 مدرسة,ge,الوصول والانصاف (الالتحاق والمساواة),توسيع البنية التحتية للمدارس على جميع المستويات مع الالتزام بمعايير بناء وإعادة التأهيل المدارس لاستيعاب المزيد من التلاميذ والطلاب ذوي الاحتياجات الخاصة والفتيات في المستوى الأساسي والمتوسط، وتقليل الفترات المزدوجة / الثلاثية والفصول الدراسية المكتظة,البنية التحتية,بناء مدارس,حصة المدارس التي تعمل بالنظام المزدوج لكل مستوى تعليمي,percent,100.0,50.0,2024,2024,شعبة الأبنية المدرسية - تربية نينوى,done,69300000000.0,33000000000.0,33000000000.0,IQD,one,تنمية أقاليم ، استثمارية,
لفك الزخم بمدارس المحافظة تم بناء مدارس ضمن مشاريع التنمية والقرض الصيني عددها 179 مدرسة,ge,الوصول والانصاف (الالتحاق والمساواة),توسيع البنية التحتية للمدارس على جميع المستويات مع الالتزام بمعايير بناء وإعادة التأهيل المدارس لاستيعاب المزيد من التلاميذ والطلاب ذوي الاحتياجات الخاصة والفتيات في المستوى الأساسي والمتوسط، وتقليل الفترات المزدوجة / الثلاثية والفصول الدراسية المكتظة,البنية التحتية,بناء مدارس,حصة المدارس التي تعمل بالنظام المزدوج لكل مستوى تعليمي,percent,100.0,0.0,2024,2028,الامانة العامة لمجلس الوزراء +محافظة كربلاء المقدسة +وزارة التربية,done,,,,IQD,one,الموازنة الاستثمارية,
استملاك قطع اراضي 113 قطعة ارض,ge,الوصول والانصاف (الالتحاق والمساواة),توسيع البنية التحتية للمدارس على جميع المستويات مع الالتزام بمعايير بناء وإعادة التأهيل المدارس لاستيعاب المزيد من التلاميذ والطلاب ذوي الاحتياجات الخاصة والفتيات في المستوى الأساسي والمتوسط، وتقليل الفترات المزدوجة / الثلاثية والفصول الدراسية المكتظة,البنية التحتية,بناء مدارس,حصة المدارس التي تعمل بالنظام المزدوج لكل مستوى تعليمي,percent,100.0,0.0,2024,2028,الامانة العامة لمجلس الوزراء +محافظة كربلاء المقدسة +وزارة التربية,done,,,,IQD,one,لايحتاج الى تمويل لانهاتنازل من قبل المتبرع,
بناء مدارس (عدد 529 مدرسة),ge,الوصول والانصاف (الالتحاق والمساواة),توسيع البنية التحتية للمدارس على جميع المستويات مع الالتزام بمعايير بناء وإعادة التأهيل المدارس لاستيعاب المزيد من التلاميذ والطلاب ذوي الاحتياجات الخاصة والفتيات في المستوى الأساسي والمتوسط، وتقليل الفترات المزدوجة / الثلاثية والفصول الدراسية المكتظة,البنية التحتية,بناء مدارس,حصة المدارس التي تعمل بالنظام المزدوج لكل مستوى تعليمي,percent,100.0,2.0,2024,2028,"وزارة التربية.محافظة بغداد ,مجلس رئاسة الوزراء, صندوق الاعمار",delayed,,,,IQD,one,"وزارة التربية,قرض الكويتي,تنمية اقاليم,مشروع المدارس النموذجية , صندوق الاعمار",
المدارس المشيدة ضمن القرض الصيني بواقع (13) مدرسة تم اصدار الاوامر الادارية في تخصيص البناية والاشغال للمدارس,ge,الوصول والانصاف (الالتحاق والمساواة),توسيع البنية التحتية للمدارس على جميع المستويات مع الالتزام بمعايير بناء وإعادة التأهيل المدارس لاستيعاب المزيد من التلاميذ والطلاب ذوي الاحتياجات الخاصة والفتيات في المستوى الأساسي والمتوسط، وتقليل الفترات المزدوجة / الثلاثية والفصول الدراسية المكتظة,البنية التحتية,بناء مدارس,حصة المدارس التي تعمل بالنظام المزدوج لكل مستوى تعليمي,percent,100.0,,2024,2024,,done,0.0,,,IQD,one,,
أنشاء مدارس جديده وهدم واعادة بناء عدد (37) مدرسة ابتدائية ورياض اطفال وثانوية ضمن خطة عام (2023).,ge,الوصول والانصاف (الالتحاق والمساواة),توسيع البنية التحتية للمدارس على جميع المستويات مع الالتزام بمعايير بناء وإعادة التأهيل المدارس لاستيعاب المزيد من التلاميذ والطلاب ذوي الاحتياجات الخاصة والفتيات في المستوى الأساسي والمتوسط، وتقليل الفترات المزدوجة / الثلاثية والفصول الدراسية المكتظة,البنية التحتية,بناء مدارس,حصة المدارس التي تعمل بالنظام المزدوج لكل مستوى تعليمي,percent,100.0,29.0,2024,2026,"وزارة التربية.محافظة بغداد ,مجلس رئاسة الوزراء, صندوق الاعمار",delayed,,,,IQD,one,"وزارة التربية,قرض الكويتي,تنمية اقاليم,مشروع المدارس النموذجية , صندوق الاعمار",
أنشاء مدارس جديده وهدم واعادة بناء عدد (29) مدرسة ابتدائية وثانوية ورياض اطفال ضمن خطة عام (2023).,ge,الوصول والانصاف (الالتحاق والمساواة),توسيع البنية التحتية للمدارس على جميع المستويات مع الالتزام بمعايير بناء وإعادة التأهيل المدارس لاستيعاب المزيد من التلاميذ والطلاب ذوي الاحتياجات الخاصة والفتيات في المستوى الأساسي والمتوسط، وتقليل الفترات المزدوجة / الثلاثية والفصول الدراسية المكتظة,البنية التحتية,بناء مدارس,حصة المدارس التي تعمل بالنظام المزدوج لكل مستوى تعليمي,percent,100.0,30.0,2024,2026,"وزارة التربية.محافظة بغداد ,مجلس رئاسة الوزراء, صندوق الاعمار",done,,,,IQD,one,"وزارة التربية,قرض الكويتي,تنمية اقاليم,مشروع المدارس النموذجية , صندوق الاعمار",
بناء مدارس جديدة عدد (5) ضمن المنافع الاجتماعية,ge,الوصول والانصاف (الالتحاق والمساواة),توسيع البنية التحتية للمدارس على جميع المستويات مع الالتزام بمعايير بناء وإعادة التأهيل المدارس لاستيعاب المزيد من التلاميذ والطلاب ذوي الاحتياجات الخاصة والفتيات في المستوى الأساسي والمتوسط، وتقليل الفترات المزدوجة / الثلاثية والفصول الدراسية المكتظة,البنية التحتية,بناء مدارس,حصة المدارس التي تعمل بالنظام المزدوج لكل مستوى تعليمي,percent,100.0,0.0,2025,2027,"وزارة التربية.محافظة بغداد ,مجلس رئاسة الوزراء, صندوق الاعمار",done,,,,IQD,one,"وزارة التربية,قرض الكويتي,تنمية اقاليم,مشروع المدارس النموذجية , صندوق الاعمار",بداية تنفيذ المشروع في 2025
بناء مدرسة 18 صف عدد2 -بناء مدرسة 12صف عدد5- بناء جناح إضافي عدد 3 - هدم وإعادة بناء مدارس ايلة للسقوط ذات سعات مختلفة عدد2- بناء روضة عدد1,ge,الوصول والانصاف (الالتحاق والمساواة),توسيع البنية التحتية للمدارس على جميع المستويات مع الالتزام بمعايير بناء وإعادة التأهيل المدارس لاستيعاب المزيد من التلاميذ والطلاب ذوي الاحتياجات الخاصة والفتيات في المستوى الأساسي والمتوسط، وتقليل الفترات المزدوجة / الثلاثية والفصول الدراسية المكتظة,البنية التحتية,بناء مدارس,حصة المدارس التي تعمل بالنظام المزدوج لكل مستوى تعليمي,percent,100.0,23.0,2023,2024,وزارة التربية -محافظة ديالى-صندوق اعمار المناطق المتضررة - تربية ديالى,done,,,,IQD,one,وزارة التربية -محافظة ديالى-صندوق اعمار المناطق المتضررة,
بناء مدارس عدد 19مدرسة,ge,الوصول والانصاف (الالتحاق والمساواة),توسيع البنية التحتية للمدارس على جميع المستويات مع الالتزام بمعايير بناء وإعادة التأهيل المدارس لاستيعاب المزيد من التلاميذ والطلاب ذوي الاحتياجات الخاصة والفتيات في المستوى الأساسي والمتوسط، وتقليل الفترات المزدوجة / الثلاثية والفصول الدراسية المكتظة,البنية التحتية,بناء مدارس,حصة المدارس التي تعمل بالنظام المزدوج لكل مستوى تعليمي,percent,100.0,40.0,2023,2025,محافظة صلاح الدين - تربية صلاح الدين,done,,,,IQD,one,محافظة صلاح الدين,
هدم وبناء 6 مدارس,ge,الوصول والانصاف (الالتحاق والمساواة),توسيع البنية التحتية للمدارس على جميع المستويات مع الالتزام بمعايير بناء وإعادة التأهيل المدارس لاستيعاب المزيد من التلاميذ والطلاب ذوي الاحتياجات الخاصة والفتيات في المستوى الأساسي والمتوسط، وتقليل الفترات المزدوجة / الثلاثية والفصول الدراسية المكتظة,البنية التحتية,بناء مدارس,حصة المدارس التي تعمل بالنظام المزدوج لكل مستوى تعليمي,percent,100.0,50.0,2023,2025,محافظة صلاح الدين - تربية صلاح الدين,done,,,,IQD,one,محافظة صلاح الدين,
بنا مدارس القرض الصيني 78 مدرسة,ge,الوصول والانصاف (الالتحاق والمساواة),توسيع البنية التحتية للمدارس على جميع المستويات مع الالتزام بمعايير بناء وإعادة التأهيل المدارس لاستيعاب المزيد من التلاميذ والطلاب ذوي الاحتياجات الخاصة والفتيات في المستوى الأساسي والمتوسط، وتقليل الفترات المزدوجة / الثلاثية والفصول الدراسية المكتظة,البنية التحتية,بناء مدارس,حصة المدارس التي تعمل بالنظام المزدوج لكل مستوى تعليمي,percent,100.0,60.0,2023,2025,محافظة صلاح الدين - تربية صلاح الدين,done,,,,IQD,one,القرض الصيني,
1- بناء مدارس جديدة 2- هدم واعادة بناء 3- التخلص من المدارس الكرفانية,ge,الوصول والانصاف (الالتحاق والمساواة),توسيع البنية التحتية للمدارس على جميع المستويات مع الالتزام بمعايير بناء وإعادة التأهيل المدارس لاستيعاب المزيد من التلاميذ والطلاب ذوي الاحتياجات الخاصة والفتيات في المستوى الأساسي والمتوسط، وتقليل الفترات المزدوجة / الثلاثية والفصول الدراسية المكتظة,البنية التحتية,بناء مدارس,حصة المدارس التي تعمل بالنظام المزدوج لكل مستوى تعليمي,percent,100.0,5.0,2024,2031,ديوان محافظة ذي قار,done,,,,IQD,one,الموازنة الاستثمارية,
نقل ملكية 400 قطعة اراض,ge,الوصول والانصاف (الالتحاق والمساواة),توسيع البنية التحتية للمدارس على جميع المستويات مع الالتزام بمعايير بناء وإعادة التأهيل المدارس لاستيعاب المزيد من التلاميذ والطلاب ذوي الاحتياجات الخاصة والفتيات في المستوى الأساسي والمتوسط، وتقليل الفترات المزدوجة / الثلاثية والفصول الدراسية المكتظة,البنية التحتية,بناء مدارس,حصة المدارس التي تعمل بالنظام المزدوج لكل مستوى تعليمي,percent,100.0,6.0,2024,2031,دوائر البلدية وعقارات الدولة والزراعة - تربية ذي قار,delayed,,,,IQD,one,لا تحتاج,
بناء 32 مدرسة,ge,الوصول والانصاف (الالتحاق والمساواة),توسيع البنية التحتية للمدارس على جميع المستويات مع الالتزام بمعايير بناء وإعادة التأهيل المدارس لاستيعاب المزيد من التلاميذ والطلاب ذوي الاحتياجات الخاصة والفتيات في المستوى الأساسي والمتوسط، وتقليل الفترات المزدوجة / الثلاثية والفصول الدراسية المكتظة,البنية التحتية,بناء مدارس,حصة المدارس التي تعمل بالنظام المزدوج لكل مستوى تعليمي,percent,100.0,0.0,2024,2026,تربية الانبار,done,,,,IQD,one,القرض الصيني / مشروع الوزارة / صندوق الاعمار,
انشاء 7 اجنحة,ge,الوصول والانصاف (الالتحاق والمساواة),توسيع البنية التحتية للمدارس على جميع المستويات مع الالتزام بمعايير بناء وإعادة التأهيل المدارس لاستيعاب المزيد من التلاميذ والطلاب ذوي الاحتياجات الخاصة والفتيات في المستوى الأساسي والمتوسط، وتقليل الفترات المزدوجة / الثلاثية والفصول الدراسية المكتظة,البنية التحتية,بناء مدارس,حصة المدارس التي تعمل بالنظام المزدوج لكل مستوى تعليمي,percent,100.0,0.0,2025,2026,,done,,,,IQD,one,,
تم ادراج بناء (67) مدرسة ضمن تخصيصات محافظة ميسان لسنة 2023 على ان يتم التنفيذ لسنة 2024,ge,الوصول والانصاف (الالتحاق والمساواة),توسيع البنية التحتية للمدارس على جميع المستويات مع الالتزام بمعايير بناء وإعادة التأهيل المدارس لاستيعاب المزيد من التلاميذ والطلاب ذوي الاحتياجات الخاصة والفتيات في المستوى الأساسي والمتوسط، وتقليل الفترات المزدوجة / الثلاثية والفصول الدراسية المكتظة,البنية التحتية,بناء مدارس,حصة المدارس التي تعمل بالنظام المزدوج لكل مستوى تعليمي,percent,100.0,0.0,2024,2026,المحافظة قسم إدارة المشاريع - تربية ميسان,done,,,,IQD,one,محافظة ميسان +الأمانة العامة لمجلس الوزاء,
ادراج خطة لبناء 23 جناح إضافي ضمن تخصيصات المحافظة,ge,الوصول والانصاف (الالتحاق والمساواة),توسيع البنية التحتية للمدارس على جميع المستويات مع الالتزام بمعايير بناء وإعادة التأهيل المدارس لاستيعاب المزيد من التلاميذ والطلاب ذوي الاحتياجات الخاصة والفتيات في المستوى الأساسي والمتوسط، وتقليل الفترات المزدوجة / الثلاثية والفصول الدراسية المكتظة,البنية التحتية,بناء مدارس,حصة المدارس التي تعمل بالنظام المزدوج لكل مستوى تعليمي,percent,100.0,0.0,2024,2025,الجهد الهندسي مكتب رئيس الوزاء - تربية ميسان,done,,,,IQD,one,الجهد الهندسي مكتب رئيس الوزاء,
بناء اجنحة إضافية عدد 7 من قبل فريق الجهد الهندسي التابع لمكتب رئيس الوزارء,ge,الوصول والانصاف (الالتحاق والمساواة),توسيع البنية التحتية للمدارس على جميع المستويات مع الالتزام بمعايير بناء وإعادة التأهيل المدارس لاستيعاب المزيد من التلاميذ والطلاب ذوي الاحتياجات الخاصة والفتيات في المستوى الأساسي والمتوسط، وتقليل الفترات المزدوجة / الثلاثية والفصول الدراسية المكتظة,البنية التحتية,بناء مدارس,حصة المدارس التي تعمل بالنظام المزدوج لكل مستوى تعليمي,percent,100.0,0.0,2024,2024,الجهد الهندسي مكتب رئيس الوزاء - تربية ميسان,done,,,,IQD,one,الجهد الهندسي مكتب رئيس الوزاء,
انشاء مدرسة 24 صف ابتدائي في الكوفة على القطعة المرقمة (3/14127) - تاريخ المباشرة بالمشروع 2023/12/21,ge,الوصول والانصاف (الالتحاق والمساواة),توسيع البنية التحتية للمدارس على جميع المستويات مع الالتزام بمعايير بناء وإعادة التأهيل المدارس لاستيعاب المزيد من التلاميذ والطلاب ذوي الاحتياجات الخاصة والفتيات في المستوى الأساسي والمتوسط، وتقليل الفترات المزدوجة / الثلاثية والفصول الدراسية المكتظة,البنية التحتية,بناء مدارس,حصة المدارس التي تعمل بالنظام المزدوج لكل مستوى تعليمي,percent,100.0,4.0,2024,2025,محافظة النجف/هيئة الاعمار - تربية نجف,done,1532630000.0,1532630000.0,,IQD,one,تنمية الاقاليم,نسبة الإنجاز الحالية (42%) وقد اسأنف العمل بعد التوقف
اضافة وهدم واعادة بناء صحيات رشحت للوزارة بواقع (5) جناح تنفيذها مناقصات و (10) تنفيذ امانه تم تشكيل لجنة الاشراف بالامر الاداري 23625 في 29/4/2024 وحسب كتاب شعبة الابنية المدرسية 778/3/3/37 في 2024/7/18,ge,الوصول والانصاف (الالتحاق والمساواة),توسيع البنية التحتية للمدارس على جميع المستويات مع الالتزام بمعايير بناء وإعادة التأهيل المدارس لاستيعاب المزيد من التلاميذ والطلاب ذوي الاحتياجات الخاصة والفتيات في المستوى الأساسي والمتوسط، وتقليل الفترات المزدوجة / الثلاثية والفصول الدراسية المكتظة,البنية التحتية,بناء مدارس,حصة المدارس التي تعمل بالنظام المزدوج لكل مستوى تعليمي,percent,100.0,13.0,2024,2025,شعبة الابنية + شعبة الاملاك والاراضي - تربية الكرخ الاولى,delayed,,,,IQD,one,تمويل دولي / منظمات مجتمع مدني,
المدارس المشيدة ضمن القرض الصيني بواقع (27) مدرسة تم اصدار الاوامر الادارية في تخصيص البناية والاشغال للمدارس بواقع (5) مدرسة والعمل مستمر (مرفق نسخة من الاوامر الادارية للمدارس),ge,الوصول والانصاف (الالتحاق والمساواة),توسيع البنية التحتية للمدارس على جميع المستويات مع الالتزام بمعايير بناء وإعادة التأهيل المدارس لاستيعاب المزيد من التلاميذ والطلاب ذوي الاحتياجات الخاصة والفتيات في المستوى الأساسي والمتوسط، وتقليل الفترات المزدوجة / الثلاثية والفصول الدراسية المكتظة,البنية التحتية,بناء مدارس,حصة المدارس التي تعمل بالنظام المزدوج لكل مستوى تعليمي,percent,100.0,0.0,2024,2024,شعبة الابنية + شعبة الاملاك والاراضي - تربية الكرخ الاولى,done,54000000000.0,,,IQD,one,وزارة الاسكان/ الاتفاقية الصينية,
بناء كشك للحوانيت المدرسية مبالغها من المديرية العامة لتربية بغداد الكرخ الاولى,ge,الوصول والانصاف (الالتحاق والمساواة),توسيع البنية التحتية للمدارس على جميع المستويات مع الالتزام بمعايير بناء وإعادة التأهيل المدارس لاستيعاب المزيد من التلاميذ والطلاب ذوي الاحتياجات الخاصة والفتيات في المستوى الأساسي والمتوسط، وتقليل الفترات المزدوجة / الثلاثية والفصول الدراسية المكتظة,البنية التحتية,بناء مدارس,حصة المدارس التي تعمل بالنظام المزدوج لكل مستوى تعليمي,percent,100.0,0.0,2024,2025,شعبة الابنية المدرسية - تربية الكرخ الاولى,done,900000000.0,450000000.0,450000000.0,IQD,one,مديرية تربية الكرخ الاولى/ قسم الشؤون المالية شعبة الحوانيت المدرسية,
بناء مدارس جديدة + هدم واعادة بناء مدارس بسعات اكبر) ( انشاء جديد) (عدد 3),ge,الوصول والانصاف (الالتحاق والمساواة),توسيع البنية التحتية للمدارس على جميع المستويات مع الالتزام بمعايير بناء وإعادة التأهيل المدارس لاستيعاب المزيد من التلاميذ والطلاب ذوي الاحتياجات الخاصة والفتيات في المستوى الأساسي والمتوسط، وتقليل الفترات المزدوجة / الثلاثية والفصول الدراسية المكتظة,البنية التحتية,بناء مدارس,حصة المدارس التي تعمل بالنظام المزدوج لكل مستوى تعليمي,percent,100.0,0.0,2023,2024,POWER CHINA - تربية الكرخ الثالثة,done,,,,IQD,one,الامانة العامة لمجلس الوزراء / اللجنة العليا لبناء المدارس,
تأسيس مدارس اهلية عدد (637),ge,الوصول والانصاف (الالتحاق والمساواة),توسيع البنية التحتية للمدارس على جميع المستويات مع الالتزام بمعايير بناء وإعادة التأهيل المدارس لاستيعاب المزيد من التلاميذ والطلاب ذوي الاحتياجات الخاصة والفتيات في المستوى الأساسي والمتوسط، وتقليل الفترات المزدوجة / الثلاثية والفصول الدراسية المكتظة,البنية التحتية,بناء مدارس,حصة المدارس التي تعمل بالنظام المزدوج لكل مستوى تعليمي,percent,100.0,80.0,2023,2025,مديرية التعليم العام والاهلي والاجنبي / قسم تعليم الاهلي,done,,,,IQD,one,,
تأسيس مدارس اهلية عدد (165),ge,الوصول والانصاف (الالتحاق والمساواة),توسيع البنية التحتية للمدارس على جميع المستويات مع الالتزام بمعايير بناء وإعادة التأهيل المدارس لاستيعاب المزيد من التلاميذ والطلاب ذوي الاحتياجات الخاصة والفتيات في المستوى الأساسي والمتوسط، وتقليل الفترات المزدوجة / الثلاثية والفصول الدراسية المكتظة,البنية التحتية,بناء مدارس,حصة المدارس التي تعمل بالنظام المزدوج لكل مستوى تعليمي,percent,100.0,,2023,2025,مديرية التعليم العام والاهلي والاجنبي / قسم تعليم الاهلي,done,,,,IQD,one,,
تأسيس معاهد اهلية عدد (15),ge,الوصول والانصاف (الالتحاق والمساواة),توسيع البنية التحتية للمدارس على جميع المستويات مع الالتزام بمعايير بناء وإعادة التأهيل المدارس لاستيعاب المزيد من التلاميذ والطلاب ذوي الاحتياجات الخاصة والفتيات في المستوى الأساسي والمتوسط، وتقليل الفترات المزدوجة / الثلاثية والفصول الدراسية المكتظة,البنية التحتية,بناء مدارس,حصة المدارس التي تعمل بالنظام المزدوج لكل مستوى تعليمي,percent,100.0,,2023,2025,مديرية التعليم العام والاهلي والاجنبي / قسم تعليم الاهلي,done,,,,IQD,one,,
تأسيس رياض اطفال عدد (26),ge,الوصول والانصاف (الالتحاق والمساواة),توسيع البنية التحتية للمدارس على جميع المستويات مع الالتزام بمعايير بناء وإعادة التأهيل المدارس لاستيعاب المزيد من التلاميذ والطلاب ذوي الاحتياجات الخاصة والفتيات في المستوى الأساسي والمتوسط، وتقليل الفترات المزدوجة / الثلاثية والفصول الدراسية المكتظة,البنية التحتية,بناء مدارس,حصة المدارس التي تعمل بالنظام المزدوج لكل مستوى تعليمي,percent,100.0,,2023,2025,مديرية التعليم العام والاهلي والاجنبي / قسم تعليم الاهلي,done,,,,IQD,one,,
تأسيس رياض اطفال عدد (126),ge,الوصول والانصاف (الالتحاق والمساواة),توسيع البنية التحتية للمدارس على جميع المستويات مع الالتزام بمعايير بناء وإعادة التأهيل المدارس لاستيعاب المزيد من التلاميذ والطلاب ذوي الاحتياجات الخاصة والفتيات في المستوى الأساسي والمتوسط، وتقليل الفترات المزدوجة / الثلاثية والفصول الدراسية المكتظة,البنية التحتية,بناء مدارس,حصة المدارس التي تعمل بالنظام المزدوج لكل مستوى تعليمي,percent,100.0,90.0,2023,2025,مديرية التعليم العام والاهلي والاجنبي / قسم تعليم الاهلي,done,,,,IQD,one,,
هدم وإعادة بناء مدارس عدد 30مدرسة,ge,الوصول والانصاف (الالتحاق والمساواة),توسيع البنية التحتية للمدارس عن طريق صندوق اعادة اعمار المناطق المتضررة من العمليات الارهابية على جميع المستويات مع الالتزام بمعايير بناء وإعادة التأهيل المدارس لاستيعاب المزيد من التلاميذ والطلاب ذوي الاحتياجات الخاصة والفتيات في المستوى الأساسي والمتوسط، وتقليل الفترات المزدوجة / الثلاثية والفصول الدراسية المكتظة,البنية التحتية,بناء مدارس,حصة المدارس التي تعمل بالنظام المزدوج لكل مستوى تعليمي,percent,100.0,60.0,2025,2026,محافظة صلاح الدين - تربية صلاح الدين,done,,,,IQD,one,صندوق إعادة اعمار المناطق المتضررة من العمليات الإرهابية,
شمول مدارس بالدراسة التركمانية في المحافظات المشمولة بالدراسة التركمانية سنة 2023عدد( 15) لسنة 2024(3),ge,الوصول والانصاف (الالتحاق والمساواة),توسيع البنية التحتية للمدارس على جميع المستويات مع الالتزام بمعايير بناء وإعادة التأهيل المدارس لاستيعاب المزيد من التلاميذ والطلاب ذوي الاحتياجات الخاصة والفتيات في المستوى الأساسي والمتوسط، وتقليل الفترات المزدوجة / الثلاثية والفصول الدراسية المكتظة,البنية التحتية,بناء مدارس,معدل الالتحاق الاجمالي في التعليم قبل الابتدائي (الصف 1+2),percent,100.0,85.0,2023,2024,الجهة المنفذة قسم الشؤون الفنية في المديرية العامة للدراسة التركمانية بالتعاون مع اقسام الدراسة التركمانية في المديريات العامة للتربية في المحافظات (نينوى /كركوك/صلاح الدين/ديالى),done,,,,IQD,one,لايوجد,
تأسيس معاهد اهلية عدد (151),ge,الوصول والانصاف (الالتحاق والمساواة),توسيع البنية التحتية للمدارس على جميع المستويات مع الالتزام بمعايير بناء وإعادة التأهيل المدارس لاستيعاب المزيد من التلاميذ والطلاب ذوي الاحتياجات الخاصة والفتيات في المستوى الأساسي والمتوسط، وتقليل الفترات المزدوجة / الثلاثية والفصول الدراسية المكتظة,البنية التحتية,بناء مدارس,حصة المدارس التي تعمل بالنظام المزدوج لكل مستوى تعليمي,percent,100.0,75.0,2023,2025,مديرية التعليم العام والاهلي والاجنبي / قسم تعليم الاهلي,done,,,,IQD,one,,
هدم واعادة بناء المدارس,ge,الوصول والانصاف (الالتحاق والمساواة),توسيع البنية التحتية للمدارس على جميع المستويات مع الالتزام بمعايير بناء وإعادة التأهيل المدارس لاستيعاب المزيد من التلاميذ والطلاب ذوي الاحتياجات الخاصة والفتيات في المستوى الأساسي والمتوسط، وتقليل الفترات المزدوجة / الثلاثية والفصول الدراسية المكتظة,البنية التحتية,بناء مدارس,عدد المدارس,percent,100.0,,2025,2025,,done,,,,IQD,one,,
"هدم وبناء مدارس ذات سعات مختلفة (6,12,18,24)صف بعدد6 وبناء اجنحة إضافية بعدد8 وهدم وبناء روضة بعدد 2",ge,الوصول والانصاف (الالتحاق والمساواة),توسيع البنية التحتية للمدارس على جميع المستويات مع الالتزام بمعايير بناء وإعادة التأهيل المدارس لاستيعاب المزيد من التلاميذ والطلاب ذوي الاحتياجات الخاصة والفتيات في المستوى الأساسي والمتوسط، وتقليل الفترات المزدوجة / الثلاثية والفصول الدراسية المكتظة,البنية التحتية,بناء مدارس,حصة المدارس التي تعمل بالنظام المزدوج لكل مستوى تعليمي,percent,100.0,,2025,2025,,done,,,,IQD,one,,
بناء مدارس ضمن الاتفاقية العراقية الصينية عدد (3) المتبقية من المرحلة الاولى,ge,الوصول والانصاف (الالتحاق والمساواة),توسيع البنية التحتية للمدارس على جميع المستويات مع الالتزام بمعايير بناء وإعادة التأهيل المدارس لاستيعاب المزيد من التلاميذ والطلاب ذوي الاحتياجات الخاصة والفتيات في المستوى الأساسي والمتوسط، وتقليل الفترات المزدوجة / الثلاثية والفصول الدراسية المكتظة,البنية التحتية,بناء مدارس,حصة المدارس التي تعمل بالنظام المزدوج لكل مستوى تعليمي,percent,100.0,25.0,2024,2025,POWER CHINA,done,,,,IQD,one,الامانة العامة لمجلس الوزراء (الاتفاقية العراقية الصينية),
بناء مدارس ضمن خطة تطوير مدينة الكاظمية المقدسة واطرافها عدد(38) مدرسة وكمايلي :- - هدم واعادة بناء مدارس عدد (35) مدرسة - بناء مدارس على قطع اراضي عدد (3),ge,الوصول والانصاف (الالتحاق والمساواة),توسيع البنية التحتية للمدارس على جميع المستويات مع الالتزام بمعايير بناء وإعادة التأهيل المدارس لاستيعاب المزيد من التلاميذ والطلاب ذوي الاحتياجات الخاصة والفتيات في المستوى الأساسي والمتوسط، وتقليل الفترات المزدوجة / الثلاثية والفصول الدراسية المكتظة,البنية التحتية,بناء مدارس,حصة المدارس التي تعمل بالنظام المزدوج لكل مستوى تعليمي,percent,100.0,0.0,2025,2027,وزارة التربية,done,,,,IQD,one,الامانة العامة لمجلس الوزراء (خطة تطوير مدينة الكاظمية المقدسة),
اضافة بناء -جناح دراسي 6 صف في مدرسة البلاذري - قاعة متعددة الاغرض في مدرسة وهران - جناح اداري 10 غرفةفي فسم تربية التاجي والطاارمية - مجموعة صحية 5 مقعد في فسم تربية التاجي والطاارمية,ge,الوصول والانصاف (الالتحاق والمساواة),توسيع البنية التحتية للمدارس على جميع المستويات مع الالتزام بمعايير بناء وإعادة التأهيل المدارس لاستيعاب المزيد من التلاميذ والطلاب ذوي الاحتياجات الخاصة والفتيات في المستوى الأساسي والمتوسط، وتقليل الفترات المزدوجة / الثلاثية والفصول الدراسية المكتظة,البنية التحتية,بناء مدارس,حصة المدارس التي تعمل بالنظام المزدوج لكل مستوى تعليمي,percent,100.0,0.0,2026,2027,وزارة التربية,done,,,,IQD,one,محافظة بغداد (الامن الغذائي),
هدم واعاداة بناء مدارس ضمن خطة محافظة بغداد عدد ( 8) مرحلة ثانية,ge,الوصول والانصاف (الالتحاق والمساواة),توسيع البنية التحتية للمدارس على جميع المستويات مع الالتزام بمعايير بناء وإعادة التأهيل المدارس لاستيعاب المزيد من التلاميذ والطلاب ذوي الاحتياجات الخاصة والفتيات في المستوى الأساسي والمتوسط، وتقليل الفترات المزدوجة / الثلاثية والفصول الدراسية المكتظة,البنية التحتية,بناء مدارس,حصة المدارس التي تعمل بالنظام المزدوج لكل مستوى تعليمي,percent,100.0,0.0,2025,2027,وزارة التربية,stopped,,,,IQD,one,محافظة بغداد (الامن الغذائي),
بناء مديرية نموذجية مقاولة رقم 29,ge,الوصول والانصاف (الالتحاق والمساواة),توسيع البنية التحتية للمدارس على جميع المستويات مع الالتزام بمعايير بناء وإعادة التأهيل المدارس لاستيعاب المزيد من التلاميذ والطلاب ذوي الاحتياجات الخاصة والفتيات في المستوى الأساسي والمتوسط، وتقليل الفترات المزدوجة / الثلاثية والفصول الدراسية المكتظة,البنية التحتية,بناء مدارس,حصة المدارس التي تعمل بالنظام المزدوج لكل مستوى تعليمي,percent,100.0,0.0,2025,2027,وزارة التربية,done,,,,IQD,one,محافظة بغداد (الامن الغذائي),
هدم واعاداة بناء مدارس ضمن خطة محافظة بغداد عدد ( 5),ge,الوصول والانصاف (الالتحاق والمساواة),توسيع البنية التحتية للمدارس على جميع المستويات مع الالتزام بمعايير بناء وإعادة التأهيل المدارس لاستيعاب المزيد من التلاميذ والطلاب ذوي الاحتياجات الخاصة والفتيات في المستوى الأساسي والمتوسط، وتقليل الفترات المزدوجة / الثلاثية والفصول الدراسية المكتظة,البنية التحتية,بناء مدارس,حصة المدارس التي تعمل بالنظام المزدوج لكل مستوى تعليمي,percent,100.0,5.0,2025,2027,وزارة التربية,done,,,,IQD,one,محافظة بغداد (الامن الغذائي),
تاسيس 425 مؤسسة اهلية (روضة - مدرسة - معهد تقوية,ge,الوصول والانصاف (الالتحاق والمساواة),توسيع البنية التحتية للمدارس على جميع المستويات مع الالتزام بمعايير بناء وإعادة التأهيل المدارس لاستيعاب المزيد من التلاميذ والطلاب ذوي الاحتياجات الخاصة والفتيات في المستوى الأساسي والمتوسط، وتقليل الفترات المزدوجة / الثلاثية والفصول الدراسية المكتظة,البنية التحتية,بناء مدارس,معدل الالتحاق,percent,100.0,0.0,2024,2024,م. ع التعليم العام / قسم التعليم الاهلي / شعبتي الاجازات,done,0.0,0.0,0.0,IQD,one,,
بناء مدارس ذات سعات جديدة العدد 20,ge,الوصول والانصاف (الالتحاق والمساواة),توسيع البنية التحتية للمدارس على جميع المستويات مع الالتزام بمعايير بناء وإعادة التأهيل المدارس لاستيعاب المزيد من التلاميذ والطلاب ذوي الاحتياجات الخاصة والفتيات في المستوى الأساسي والمتوسط، وتقليل الفترات المزدوجة / الثلاثية والفصول الدراسية المكتظة,البنية التحتية,بناء مدارس,حصة المدارس التي تعمل بالنظام المزدوج لكل مستوى تعليمي,percent,100.0,,2025,2025,شعبة الأبنية المدرسية,done,69300000000.0,33000000000.0,33000000000.0,IQD,one,تنمية أقاليم ، استثمارية,
بناء مدارس جديدة متنوعة السعات 0 مدرسة,ge,الوصول والانصاف (الالتحاق والمساواة),توسيع البنية التحتية للمدارس على جميع المستويات مع الالتزام بمعايير بناء وإعادة التأهيل المدارس لاستيعاب المزيد من التلاميذ والطلاب ذوي الاحتياجات الخاصة والفتيات في المستوى الأساسي والمتوسط، وتقليل الفترات المزدوجة / الثلاثية والفصول الدراسية المكتظة,البنية التحتية,بناء مدارس,حصة المدارس التي تعمل بالنظام المزدوج لكل مستوى تعليمي,,1.0,,2026,2026,شعبة الأبنية المدرسية,stopped,,0.0,0.0,IQD,one,,0
تاهيل المدارس عدد 13,ge,الوصول والانصاف (الالتحاق والمساواة),توسيع البنية التحتية للمدارس على جميع المستويات مع الالتزام بمعايير بناء وإعادة التأهيل المدارس لاستيعاب المزيد من التلاميذ والطلاب ذوي الاحتياجات الخاصة والفتيات في المستوى الأساسي والمتوسط، وتقليل الفترات المزدوجة / الثلاثية والفصول الدراسية المكتظة,البنية التحتية,إعادة تأهيل المدارس,حصة المدارس التي تعمل بالنظام المزدوج لكل مستوى تعليمي,percent,100.0,,2025,2025,شعبة الأبنية المدرسية,done,3000000000.0,,,IQD,one,منظمات,
صيانة مدارس 199 الامن الغذائي 30 الجهد الخدمي 55,ge,الوصول والانصاف (الالتحاق والمساواة),توسيع البنية التحتية للمدارس على جميع المستويات مع الالتزام بمعايير بناء وإعادة التأهيل المدارس لاستيعاب المزيد من التلاميذ والطلاب ذوي الاحتياجات الخاصة والفتيات في المستوى الأساسي والمتوسط، وتقليل الفترات المزدوجة / الثلاثية والفصول الدراسية المكتظة,البنية التحتية,إعادة تأهيل المدارس,حصة المدارس التي تعمل بالنظام المزدوج لكل مستوى تعليمي,percent,100.0,80.0,2023,2025,تربية بابل,done,680000000.0,,,IQD,one,الموازنة التشغيلية,
صيانة صحيات عدد 5 منظمة اليونسكو,ge,الوصول والانصاف (الالتحاق والمساواة),توسيع البنية التحتية للمدارس على جميع المستويات مع الالتزام بمعايير بناء وإعادة التأهيل المدارس لاستيعاب المزيد من التلاميذ والطلاب ذوي الاحتياجات الخاصة والفتيات في المستوى الأساسي والمتوسط، وتقليل الفترات المزدوجة / الثلاثية والفصول الدراسية المكتظة,البنية التحتية,إعادة تأهيل المدارس,حصة المدارس التي تعمل بالنظام المزدوج لكل مستوى تعليمي,percent,100.0,100.0,2023,2023,تربية بابل,done,,,,IQD,one,الموازنة الاستثمارية,
إعادة تأهيل المدارس التي تحتاج الى ترميم شاملاو جزئي بواقع 740 مدرسة,ge,الوصول والانصاف (الالتحاق والمساواة),توسيع البنية التحتية للمدارس على جميع المستويات مع الالتزام بمعايير بناء وإعادة التأهيل المدارس لاستيعاب المزيد من التلاميذ والطلاب ذوي الاحتياجات الخاصة والفتيات في المستوى الأساسي والمتوسط، وتقليل الفترات المزدوجة / الثلاثية والفصول الدراسية المكتظة,البنية التحتية,إعادة تأهيل المدارس,حصة المدارس التي تعمل بالنظام المزدوج لكل مستوى تعليمي,percent,100.0,0.0,2024,2031,,done,,,,IQD,one,وزارة التربية,
تاهيل مدارس بواقع 25 مدرسة,ge,الوصول والانصاف (الالتحاق والمساواة),توسيع البنية التحتية للمدارس على جميع المستويات مع الالتزام بمعايير بناء وإعادة التأهيل المدارس لاستيعاب المزيد من التلاميذ والطلاب ذوي الاحتياجات الخاصة والفتيات في المستوى الأساسي والمتوسط، وتقليل الفترات المزدوجة / الثلاثية والفصول الدراسية المكتظة,البنية التحتية,إعادة تأهيل المدارس,حصة المدارس التي تعمل بالنظام المزدوج لكل مستوى تعليمي,percent,100.0,,2024,2024,شعبة الأبنية المدرسية - تربية نينوى,done,3000000000.0,,,IQD,one,منظمات,
تاهيل مدارس متفرقة في ناحية الحرية - بواقع (2) مدرسة ترميم في سنة 2024,ge,الوصول والانصاف (الالتحاق والمساواة),توسيع البنية التحتية للمدارس على جميع المستويات مع الالتزام بمعايير بناء وإعادة التأهيل المدارس لاستيعاب المزيد من التلاميذ والطلاب ذوي الاحتياجات الخاصة والفتيات في المستوى الأساسي والمتوسط، وتقليل الفترات المزدوجة / الثلاثية والفصول الدراسية المكتظة,البنية التحتية,إعادة تأهيل المدارس,حصة المدارس التي تعمل بالنظام المزدوج لكل مستوى تعليمي,percent,100.0,97.0,2023,2024,محافظة النجف/هيئة الاعمار - تربية نجف,done,,,,IQD,one,قانون الامن الغذائي,منجز كلي
تمثل انشاء جناح مدرسة قرطبة في سنة 2024,ge,الوصول والانصاف (الالتحاق والمساواة),توسيع البنية التحتية للمدارس على جميع المستويات مع الالتزام بمعايير بناء وإعادة التأهيل المدارس لاستيعاب المزيد من التلاميذ والطلاب ذوي الاحتياجات الخاصة والفتيات في المستوى الأساسي والمتوسط، وتقليل الفترات المزدوجة / الثلاثية والفصول الدراسية المكتظة,البنية التحتية,إعادة تأهيل المدارس,,percent,,0.0,,2024,محافظة النجف/هيئة الاعمار - تربية نجف,done,,,,IQD,one,,منجز كلي
تمثل انشاء جناح مدرسة الاصلاح في سنة 2025,ge,الوصول والانصاف (الالتحاق والمساواة),توسيع البنية التحتية للمدارس على جميع المستويات مع الالتزام بمعايير بناء وإعادة التأهيل المدارس لاستيعاب المزيد من التلاميذ والطلاب ذوي الاحتياجات الخاصة والفتيات في المستوى الأساسي والمتوسط، وتقليل الفترات المزدوجة / الثلاثية والفصول الدراسية المكتظة,البنية التحتية,إعادة تأهيل المدارس,,percent,,0.0,,2025,محافظة النجف/هيئة الاعمار - تربية نجف,done,,,,IQD,one,,منجز كلي
تاهيل مدارس متفرقة في ناحية الرضوية - تاريخ المباشرة (9/5/2023) بواقع (7) مدرسة متوقع الانجاز في 2024.,ge,الوصول والانصاف (الالتحاق والمساواة),توسيع البنية التحتية للمدارس على جميع المستويات مع الالتزام بمعايير بناء وإعادة التأهيل المدارس لاستيعاب المزيد من التلاميذ والطلاب ذوي الاحتياجات الخاصة والفتيات في المستوى الأساسي والمتوسط، وتقليل الفترات المزدوجة / الثلاثية والفصول الدراسية المكتظة,البنية التحتية,إعادة تأهيل المدارس,حصة المدارس التي تعمل بالنظام المزدوج لكل مستوى تعليمي,percent,100.0,27.0,2023,2024,محافظة النجف/هيئة الاعمار - تربية نجف,done,,,,IQD,one,قانون الامن الغذائي,منجز كلي
انشاء اجنحة دراسية عدد 3 وقاعات دراسية عدد2 ومجاميع صحية عدد 4 في مدارس متفرقة في المناذرة,ge,الوصول والانصاف (الالتحاق والمساواة),توسيع البنية التحتية للمدارس على جميع المستويات مع الالتزام بمعايير بناء وإعادة التأهيل المدارس لاستيعاب المزيد من التلاميذ والطلاب ذوي الاحتياجات الخاصة والفتيات في المستوى الأساسي والمتوسط، وتقليل الفترات المزدوجة / الثلاثية والفصول الدراسية المكتظة,البنية التحتية,إعادة تأهيل المدارس,حصة المدارس التي تعمل بالنظام المزدوج لكل مستوى تعليمي,percent,100.0,,2026,2026,المديرية العامة لتربية النجف الأشرف/ شعبة الابنية المدرسية,stopped,1377279000.0,1377279000.0,,IQD,one,تنمية أقاليم,تعتمد نسب الإنجاز على توفر السيولة المالية وكشوفات الحذف والاستحداث وغيرها من الأسباب الكثيرة الأخرى
تاهيل مدارس في قضاء النجف/القاطع الشمالي - تاريخ المباشرة (1/8/2023) بواقع (7) مدارس,ge,الوصول والانصاف (الالتحاق والمساواة),توسيع البنية التحتية للمدارس على جميع المستويات مع الالتزام بمعايير بناء وإعادة التأهيل المدارس لاستيعاب المزيد من التلاميذ والطلاب ذوي الاحتياجات الخاصة والفتيات في المستوى الأساسي والمتوسط، وتقليل الفترات المزدوجة / الثلاثية والفصول الدراسية المكتظة,البنية التحتية,إعادة تأهيل المدارس,حصة المدارس التي تعمل بالنظام المزدوج لكل مستوى تعليمي,percent,,22.0,2023,2025,محافظة النجف/هيئة الاعمار - تربية نجف,done,,,,IQD,one,قانون الامن الغذائي,منجز كلي
تاهيل مدارس في قضاء النجف/قاطع الجديدة الرابعة - تاريخ المباشرة (15/9/2023) بواقع (5) مدارس,ge,الوصول والانصاف (الالتحاق والمساواة),توسيع البنية التحتية للمدارس على جميع المستويات مع الالتزام بمعايير بناء وإعادة التأهيل المدارس لاستيعاب المزيد من التلاميذ والطلاب ذوي الاحتياجات الخاصة والفتيات في المستوى الأساسي والمتوسط، وتقليل الفترات المزدوجة / الثلاثية والفصول الدراسية المكتظة,البنية التحتية,إعادة تأهيل المدارس,حصة المدارس التي تعمل بالنظام المزدوج لكل مستوى تعليمي,percent,,19.0,2023,2025,محافظة النجف/هيئة الاعمار - تربية نجف,done,,,,IQD,one,قانون الامن الغذائي,منجز كلي
انشاء روضة واحدة مع ترميم (3) مدارس في ناحية النور - تاريخ المباشرة (20/8/2023),ge,الوصول والانصاف (الالتحاق والمساواة),توسيع البنية التحتية للمدارس على جميع المستويات مع الالتزام بمعايير بناء وإعادة التأهيل المدارس لاستيعاب المزيد من التلاميذ والطلاب ذوي الاحتياجات الخاصة والفتيات في المستوى الأساسي والمتوسط، وتقليل الفترات المزدوجة / الثلاثية والفصول الدراسية المكتظة,البنية التحتية,إعادة تأهيل المدارس,حصة المدارس التي تعمل بالنظام المزدوج لكل مستوى تعليمي,percent,100.0,96.0,2023,2024,محافظة النجف/هيئة الاعمار - تربية نجف,done,624823500.0,624823500.0,,IQD,one,قانون الامن الغذائي,منجز كلي
تاهيل بواقع(3) مدارس: مدرستي السياب وطول كرم في الكوفة المرحلة الثانية مع تاهيل مدرسة سيد إبراهيم الغمر - تاريخ المباشرة في العمل: 2023/11/30,ge,الوصول والانصاف (الالتحاق والمساواة),توسيع البنية التحتية للمدارس على جميع المستويات مع الالتزام بمعايير بناء وإعادة التأهيل المدارس لاستيعاب المزيد من التلاميذ والطلاب ذوي الاحتياجات الخاصة والفتيات في المستوى الأساسي والمتوسط، وتقليل الفترات المزدوجة / الثلاثية والفصول الدراسية المكتظة,البنية التحتية,إعادة تأهيل المدارس,حصة المدارس التي تعمل بالنظام المزدوج لكل مستوى تعليمي,percent,,35.0,2023,2025,محافظة النجف/هيئة الاعمار - تربية نجف,done,,,,IQD,one,قانون الامن الغذائي,منجز كلي
انشاء قاعات واجنحة دراسية مع تاهيل مدارس متفرقة في الكوفة تاريخ المباشرة في العمل: 2024/2/27,ge,الوصول والانصاف (الالتحاق والمساواة),توسيع البنية التحتية للمدارس على جميع المستويات مع الالتزام بمعايير بناء وإعادة التأهيل المدارس لاستيعاب المزيد من التلاميذ والطلاب ذوي الاحتياجات الخاصة والفتيات في المستوى الأساسي والمتوسط، وتقليل الفترات المزدوجة / الثلاثية والفصول الدراسية المكتظة,البنية التحتية,إعادة تأهيل المدارس,حصة المدارس التي تعمل بالنظام المزدوج لكل مستوى تعليمي,percent,,10.0,2024,2025,محافظة النجف/هيئة الاعمار - تربية نجف,done,,,,IQD,one,قانون الامن الغذائي,منجز كلي
"تاهيل مدارس في قضاء النجف/قاطع المدينة القديمة - تاريخ المباشرة (12/3/2024) بواقع (6) مدارس, منهن مدرستان قرار هدم.",ge,الوصول والانصاف (الالتحاق والمساواة),توسيع البنية التحتية للمدارس على جميع المستويات مع الالتزام بمعايير بناء وإعادة التأهيل المدارس لاستيعاب المزيد من التلاميذ والطلاب ذوي الاحتياجات الخاصة والفتيات في المستوى الأساسي والمتوسط، وتقليل الفترات المزدوجة / الثلاثية والفصول الدراسية المكتظة,البنية التحتية,إعادة تأهيل المدارس,حصة المدارس التي تعمل بالنظام المزدوج لكل مستوى تعليمي,percent,,20.0,2024,2025,محافظة النجف/هيئة الاعمار - تربية نجف,done,,,,IQD,one,قانون الامن الغذائي,منجز كلي
ترميم مدارس متفرقة في الكوفة ومنطقة الزركة - تاريخ المباشرة بالمشروع: 2024/4/16 بواقع (4) مدارس.,ge,الوصول والانصاف (الالتحاق والمساواة),توسيع البنية التحتية للمدارس على جميع المستويات مع الالتزام بمعايير بناء وإعادة التأهيل المدارس لاستيعاب المزيد من التلاميذ والطلاب ذوي الاحتياجات الخاصة والفتيات في المستوى الأساسي والمتوسط، وتقليل الفترات المزدوجة / الثلاثية والفصول الدراسية المكتظة,البنية التحتية,إعادة تأهيل المدارس,حصة المدارس التي تعمل بالنظام المزدوج لكل مستوى تعليمي,percent,100.0,30.0,2024,2024,المديرية العامة لتربية النجف الأشرف/ شعبة الابنية المدرسية,done,,,,IQD,one,تنفيذ أمانة,منجز كلي
ترميم مدارس متفرقة في ناحية القادسية والمشخاب - تاريخ المباشرة بالمشروع: 2024/4/18 بواقع (4) مدارس,ge,الوصول والانصاف (الالتحاق والمساواة),توسيع البنية التحتية للمدارس على جميع المستويات مع الالتزام بمعايير بناء وإعادة التأهيل المدارس لاستيعاب المزيد من التلاميذ والطلاب ذوي الاحتياجات الخاصة والفتيات في المستوى الأساسي والمتوسط، وتقليل الفترات المزدوجة / الثلاثية والفصول الدراسية المكتظة,البنية التحتية,إعادة تأهيل المدارس,حصة المدارس التي تعمل بالنظام المزدوج لكل مستوى تعليمي,percent,100.0,9.0,2024,2024,المديرية العامة لتربية النجف الأشرف/ شعبة الابنية المدرسية,done,,,,IQD,one,قانون الامن الغذائي,تم اكمال مدرستين بنسبة انجاز (100%) ولم تتم المباشرة باعمال مدرستين اخرتين
ترميم مدارس متفرقة في مركز محافظة النجف - تاريخ المباشرة بالمشروع: 2024/4/16 بواقع (3) مدارس.,ge,الوصول والانصاف (الالتحاق والمساواة),توسيع البنية التحتية للمدارس على جميع المستويات مع الالتزام بمعايير بناء وإعادة التأهيل المدارس لاستيعاب المزيد من التلاميذ والطلاب ذوي الاحتياجات الخاصة والفتيات في المستوى الأساسي والمتوسط، وتقليل الفترات المزدوجة / الثلاثية والفصول الدراسية المكتظة,البنية التحتية,إعادة تأهيل المدارس,حصة المدارس التي تعمل بالنظام المزدوج لكل مستوى تعليمي,percent,100.0,4.0,2024,2024,المديرية العامة لتربية النجف الأشرف/ شعبة الابنية المدرسية,done,,,,IQD,one,تنفيذ أمانة,منجز كلي
ترميم وتأهيل متوسطة الشهيد عبدالمنعم الفارس,ge,الوصول والانصاف (الالتحاق والمساواة),توسيع البنية التحتية للمدارس على جميع المستويات مع الالتزام بمعايير بناء وإعادة التأهيل المدارس لاستيعاب المزيد من التلاميذ والطلاب ذوي الاحتياجات الخاصة والفتيات في المستوى الأساسي والمتوسط، وتقليل الفترات المزدوجة / الثلاثية والفصول الدراسية المكتظة,البنية التحتية,إعادة تأهيل المدارس,حصة المدارس التي تعمل بالنظام المزدوج لكل مستوى تعليمي,percent,100.0,0.0,2024-12-01 00:00:00,2025,المديرية العامة لتربية النجف الأشرف/ شعبة الابنية المدرسية,delayed,,,,IQD,one,مناقصة,بسبب عدم صرف المستحقات المالية
ترميم وتأهيل مدرسة (6) كانون الابتدائية و مدرسة مصطفى جواد الابتدائية,ge,الوصول والانصاف (الالتحاق والمساواة),توسيع البنية التحتية للمدارس على جميع المستويات مع الالتزام بمعايير بناء وإعادة التأهيل المدارس لاستيعاب المزيد من التلاميذ والطلاب ذوي الاحتياجات الخاصة والفتيات في المستوى الأساسي والمتوسط، وتقليل الفترات المزدوجة / الثلاثية والفصول الدراسية المكتظة,البنية التحتية,إعادة تأهيل المدارس,حصة المدارس التي تعمل بالنظام المزدوج لكل مستوى تعليمي,percent,100.0,,2024-11-23 00:00:00,2025,المديرية العامة لتربية النجف الأشرف/ شعبة الابنية المدرسية,done,,,,IQD,one,مناقصة,بسبب عدم صرف المستحقات المالية
ترميم وتاهيل متوسطة زهرة الوادي للبنات وسياج لثانوية النرجس للبنات,ge,الوصول والانصاف (الالتحاق والمساواة),توسيع البنية التحتية للمدارس على جميع المستويات مع الالتزام بمعايير بناء وإعادة التأهيل المدارس لاستيعاب المزيد من التلاميذ والطلاب ذوي الاحتياجات الخاصة والفتيات في المستوى الأساسي والمتوسط، وتقليل الفترات المزدوجة / الثلاثية والفصول الدراسية المكتظة,البنية التحتية,إعادة تأهيل المدارس,حصة المدارس التي تعمل بالنظام المزدوج لكل مستوى تعليمي,percent,100.0,0.0,2024-12-04 00:00:00,2025,المديرية العامة لتربية النجف الأشرف/ شعبة الابنية المدرسية,delayed,,,,IQD,one,مناقصة,بسبب عدم صرف المستحقات المالية
انشاء (23) مجموعة صحية في مدارس متفرقة مقسمة على (6) أوامر تنفيذ,ge,الوصول والانصاف (الالتحاق والمساواة),توسيع البنية التحتية للمدارس على جميع المستويات مع الالتزام بمعايير بناء وإعادة التأهيل المدارس لاستيعاب المزيد من التلاميذ والطلاب ذوي الاحتياجات الخاصة والفتيات في المستوى الأساسي والمتوسط، وتقليل الفترات المزدوجة / الثلاثية والفصول الدراسية المكتظة,البنية التحتية,إعادة تأهيل المدارس,حصة المدارس التي تعمل بالنظام المزدوج لكل مستوى تعليمي,percent,100.0,0.0,2024-11-01 00:00:00,2025,لجنة تنفيذ امانة/ وزارة التربية,done,,,,IQD,one,ـــ,منجز كلي
ملحق عقد انشاء جناح دراسي (6) صف ومجموعه صحية وترميم في مدرسة المفاخر,ge,الوصول والانصاف (الالتحاق والمساواة),توسيع البنية التحتية للمدارس على جميع المستويات مع الالتزام بمعايير بناء وإعادة التأهيل المدارس لاستيعاب المزيد من التلاميذ والطلاب ذوي الاحتياجات الخاصة والفتيات في المستوى الأساسي والمتوسط، وتقليل الفترات المزدوجة / الثلاثية والفصول الدراسية المكتظة,البنية التحتية,إعادة تأهيل المدارس,حصة المدارس التي تعمل بالنظام المزدوج لكل مستوى تعليمي,percent,100.0,0.0,2024-12-08 00:00:00,2025,محافظة النجف/هيئة الاعمار - تربية نجف,done,,,,IQD,one,امن غذائي,منجز كلي
انشاء مدرسة 18 صف ابتدائي في الكوفة على القطعة المرقمة (118) مقاطعة (24) البوحداري,ge,الوصول والانصاف (الالتحاق والمساواة),توسيع البنية التحتية للمدارس على جميع المستويات مع الالتزام بمعايير بناء وإعادة التأهيل المدارس لاستيعاب المزيد من التلاميذ والطلاب ذوي الاحتياجات الخاصة والفتيات في المستوى الأساسي والمتوسط، وتقليل الفترات المزدوجة / الثلاثية والفصول الدراسية المكتظة,البنية التحتية,إعادة تأهيل المدارس,حصة المدارس التي تعمل بالنظام المزدوج لكل مستوى تعليمي,percent,100.0,0.0,2024-07-23 00:00:00,2025,محافظة النجف/هيئة الاعمار - تربية نجف,done,,,,IQD,one,تنمية اقاليم,منجز كلي
انشاء جناح دراسي عدد(1) ومجاميع صحية عدد (3) في مدارس متفرقة في المشخاب,ge,الوصول والانصاف (الالتحاق والمساواة),توسيع البنية التحتية للمدارس على جميع المستويات مع الالتزام بمعايير بناء وإعادة التأهيل المدارس لاستيعاب المزيد من التلاميذ والطلاب ذوي الاحتياجات الخاصة والفتيات في المستوى الأساسي والمتوسط، وتقليل الفترات المزدوجة / الثلاثية والفصول الدراسية المكتظة,البنية التحتية,إعادة تأهيل المدارس,حصة المدارس التي تعمل بالنظام المزدوج لكل مستوى تعليمي,,1.0,0.0,2025-03-03 00:00:00,2025,محافظة النجف/هيئة الاعمار - تربية نجف,done,,,,IQD,one,تنمية اقاليم,المعلومات لدى محافظة النجف الاشرف قد تعود أسباب عدم الإنجاز (حذف واستحداث-توقفات-سيوله مالية) وغيرها الكثير من الأسباب
تم اعداد الكشوفات التخمينية لاعادة تاهيل المدارس وفق الحاجة و الأولوية للابنية المحتاجة الى الترميم,ge,الوصول والانصاف (الالتحاق والمساواة),توسيع البنية التحتية للمدارس على جميع المستويات مع الالتزام بمعايير بناء وإعادة التأهيل المدارس لاستيعاب المزيد من التلاميذ والطلاب ذوي الاحتياجات الخاصة والفتيات في المستوى الأساسي والمتوسط، وتقليل الفترات المزدوجة / الثلاثية والفصول الدراسية المكتظة,البنية التحتية,إعادة تأهيل المدارس,حصة المدارس التي تعمل بالنظام الأحادي والمزدوج لكل مستوى تعليمي,percent,100.0,0.0,2025,2025,المديرية العامة لتربية النجف الأشرف / قسم التخطيط التربوي بالتنسيق مع شعبة الابنية المدرسية وشعبة الاملاك والاراضي التربوية,done,,,,IQD,one,لا يحتاج الى تخصيص,منجز كلي
اعمال ترميم وصيانة بواقع 26 مدرسة,ge,الوصول والانصاف (الالتحاق والمساواة),توسيع البنية التحتية للمدارس على جميع المستويات مع الالتزام بمعايير بناء وإعادة التأهيل المدارس لاستيعاب المزيد من التلاميذ والطلاب ذوي الاحتياجات الخاصة والفتيات في المستوى الأساسي والمتوسط، وتقليل الفترات المزدوجة / الثلاثية والفصول الدراسية المكتظة,البنية التحتية,إعادة تأهيل المدارس,حصة المدارس التي تعمل بالنظام المزدوج لكل مستوى تعليمي,percent,100.0,0.0,2025,2025,المديرية العامة لتربية النجف الأشرف / قسم التخطيط التربوي بالتتنسيق مع: قسم الملاك/قسمي الاشرافين التربوي والاختصاصي,done,,,,IQD,one,لا يحتاج الى تخصيص,منجز كلي
اعمال ترميم وصيانة بواقع 2 مدرسة,ge,الوصول والانصاف (الالتحاق والمساواة),توسيع البنية التحتية للمدارس على جميع المستويات مع الالتزام بمعايير بناء وإعادة التأهيل المدارس لاستيعاب المزيد من التلاميذ والطلاب ذوي الاحتياجات الخاصة والفتيات في المستوى الأساسي والمتوسط، وتقليل الفترات المزدوجة / الثلاثية والفصول الدراسية المكتظة,البنية التحتية,إعادة تأهيل المدارس,حصة المدارس التي تعمل بالنظام المزدوج لكل مستوى تعليمي,percent,100.0,0.0,2024,2024,الامانة العامة لمجلس الوزراء / فريق الجهد الخدمي والهندسي,done,,,,IQD,one,الامانة العامة لمجلس الوزراء / فريق الجهد الخدمي والهندسي,
المدارس التي بحاجة الى تأهيل مدارس عدد (168) مدرسة,ge,الوصول والانصاف (الالتحاق والمساواة),توسيع البنية التحتية للمدارس على جميع المستويات مع الالتزام بمعايير بناء وإعادة التأهيل المدارس لاستيعاب المزيد من التلاميذ والطلاب ذوي الاحتياجات الخاصة والفتيات في المستوى الأساسي والمتوسط، وتقليل الفترات المزدوجة / الثلاثية والفصول الدراسية المكتظة,البنية التحتية,إعادة تأهيل المدارس,حصة المدارس التي تعمل بالنظام المزدوج لكل مستوى تعليمي,percent,100.0,5.0,2024,2026,شعبة الابنية المدرسية - تربية الكرخ الاولى,delayed,17000000000.0,,850000000.0,IQD,one,موازنة تشغيلية حساب جاري,عدم توفير التخصيص المالي تم ترميم 15 مدرسة بتعاون مع ( 11مدرسة ضمن خطة صندوق الاعمار + 4 مدارس وزارة التربية)
صيانة المجموعات الصحية والتاسيسات المائية و تاسيس الكهربائية والاحتياجات الضرورية,ge,الوصول والانصاف (الالتحاق والمساواة),توسيع البنية التحتية للمدارس على جميع المستويات مع الالتزام بمعايير بناء وإعادة التأهيل المدارس لاستيعاب المزيد من التلاميذ والطلاب ذوي الاحتياجات الخاصة والفتيات في المستوى الأساسي والمتوسط، وتقليل الفترات المزدوجة / الثلاثية والفصول الدراسية المكتظة,البنية التحتية,إعادة تأهيل المدارس,حصة المدارس التي تعمل بالنظام المزدوج لكل مستوى تعليمي,percent,100.0,0.0,2024,2031,تربية الانبار,done,33700000000.0,,,IQD,one,الوزارة / المنظمات,
صيانة الابنية المدرسة 350 مدرسة,ge,الوصول والانصاف (الالتحاق والمساواة),توسيع البنية التحتية للمدارس على جميع المستويات مع الالتزام بمعايير بناء وإعادة التأهيل المدارس لاستيعاب المزيد من التلاميذ والطلاب ذوي الاحتياجات الخاصة والفتيات في المستوى الأساسي والمتوسط، وتقليل الفترات المزدوجة / الثلاثية والفصول الدراسية المكتظة,البنية التحتية,إعادة تأهيل المدارس,حصة المدارس التي تعمل بالنظام المزدوج لكل مستوى تعليمي,percent,100.0,23.0,2024,2031,تربية ذي قار,delayed,21000000000.0,6500000000.0,,IQD,one,الموازنة الجارية,
العمل على صيانة وترميم الأبنية المدرسية بما متوفر من الموازنة التشغيلية للمديرية وتنفيذ الزيارات الميدانية للمدارس التي فيها مشاريع صيانة,ge,الوصول والانصاف (الالتحاق والمساواة),توسيع البنية التحتية للمدارس على جميع المستويات مع الالتزام بمعايير بناء وإعادة التأهيل المدارس لاستيعاب المزيد من التلاميذ والطلاب ذوي الاحتياجات الخاصة والفتيات في المستوى الأساسي والمتوسط، وتقليل الفترات المزدوجة / الثلاثية والفصول الدراسية المكتظة,البنية التحتية,إعادة تأهيل المدارس,حصة المدارس التي تعمل بالنظام المزدوج لكل مستوى تعليمي,percent,100.0,0.0,2024,2028,مديرية تربية كربلاء / شعبة الابنية + قسم التخطيط التربوي,delayed,,,,IQD,one,يحتاج تخصيص 10 مليار من الموازنة التشغيلية,
ترميم مدارس صيانة سطوح وصحيات,ge,الوصول والانصاف (الالتحاق والمساواة),توسيع البنية التحتية للمدارس على جميع المستويات مع الالتزام بمعايير بناء وإعادة التأهيل المدارس لاستيعاب المزيد من التلاميذ والطلاب ذوي الاحتياجات الخاصة والفتيات في المستوى الأساسي والمتوسط، وتقليل الفترات المزدوجة / الثلاثية والفصول الدراسية المكتظة,البنية التحتية,إعادة تأهيل المدارس,حصة المدارس التي تعمل بالنظام المزدوج لكل مستوى تعليمي,percent,100.0,2.0,2024,2026,مديريرة تربية الكرخ2,delayed,,,,IQD,one,وزارة التربية (جاري ),
ترميم مدارس صيانة سطوح وصحيات عدد 5 مدارس,ge,الوصول والانصاف (الالتحاق والمساواة),توسيع البنية التحتية للمدارس على جميع المستويات مع الالتزام بمعايير بناء وإعادة التأهيل المدارس لاستيعاب المزيد من التلاميذ والطلاب ذوي الاحتياجات الخاصة والفتيات في المستوى الأساسي والمتوسط، وتقليل الفترات المزدوجة / الثلاثية والفصول الدراسية المكتظة,البنية التحتية,إعادة تأهيل المدارس,حصة المدارس التي تعمل بالنظام المزدوج لكل مستوى تعليمي,percent,100.0,60.0,2024,2025,محافظة صلاح الدين - تربية صلاح الدين,done,,,,IQD,one,محافظة صلاح الدين,
صيانة وتاهيل مدارس اضافية ترميم شامل او ترميم مجاميع صحية كون معظم المدارس بحاجة الى تاهيل عدد(30),ge,الوصول والانصاف (الالتحاق والمساواة),توسيع البنية التحتية للمدارس على جميع المستويات مع الالتزام بمعايير بناء وإعادة التأهيل المدارس لاستيعاب المزيد من التلاميذ والطلاب ذوي الاحتياجات الخاصة والفتيات في المستوى الأساسي والمتوسط، وتقليل الفترات المزدوجة / الثلاثية والفصول الدراسية المكتظة,البنية التحتية,إعادة تأهيل المدارس,حصة المدارس التي تعمل بالنظام المزدوج لكل مستوى تعليمي,percent,100.0,0.0,2024,2025,شعبة الابنية المدرسية -ربية المثنى,done,,,,IQD,one,الموازنة,
ترميم مدارس عدد 12 إعادة تأهيل وترميم مدارس عدد 4,ge,الوصول والانصاف (الالتحاق والمساواة),توسيع البنية التحتية للمدارس على جميع المستويات مع الالتزام بمعايير بناء وإعادة التأهيل المدارس لاستيعاب المزيد من التلاميذ والطلاب ذوي الاحتياجات الخاصة والفتيات في المستوى الأساسي والمتوسط، وتقليل الفترات المزدوجة / الثلاثية والفصول الدراسية المكتظة,البنية التحتية,إعادة تأهيل المدارس,حصة المدارس التي تعمل بالنظام المزدوج لكل مستوى تعليمي,,1.0,,2025,2025,,done,,,,IQD,one,,
ترميم مدارس صيانة السطوح والصحيات,ge,الوصول والانصاف (الالتحاق والمساواة),توسيع البنية التحتية للمدارس على جميع المستويات مع الالتزام بمعايير بناء وإعادة التأهيل المدارس لاستيعاب المزيد من التلاميذ والطلاب ذوي الاحتياجات الخاصة والفتيات في المستوى الأساسي والمتوسط، وتقليل الفترات المزدوجة / الثلاثية والفصول الدراسية المكتظة,البنية التحتية,إعادة تأهيل المدارس,حصة المدارس التي تعمل بالنظام المزدوج لكل مستوى تعليمي,percent,100.0,59.0,2024,2024,منضمات - تربية ديالى,done,241000000.0,241000000.0,241000000.0,IQD,one,صندوق التربية +منضمات,
إعادة تأهيل المدارس التي تحتاج الى ترميم شامل او جزئي,ge,الوصول والانصاف (الالتحاق والمساواة),توسيع البنية التحتية للمدارس على جميع المستويات مع الالتزام بمعايير بناء وإعادة التأهيل المدارس لاستيعاب المزيد من التلاميذ والطلاب ذوي الاحتياجات الخاصة والفتيات في المستوى الأساسي والمتوسط، وتقليل الفترات المزدوجة / الثلاثية والفصول الدراسية المكتظة,البنية التحتية,إعادة تأهيل المدارس,حصة المدارس التي تعمل بالنظام المزدوج لكل مستوى تعليمي,percent,100.0,13.0,2024,2031,تربية البصرة,done,,,,IQD,one,وزارة التربية,
السبورات المدرسية(وايت بورد) : تجهيز مدارس مديريتنا بالسبورات المدرسية عدد (5000) سبورة,ge,الجودة والموائمة,تطوير مناهج وأساليب التقويم وتحديث تخصصات التعليم الاعدادي والتدريب المهني,المناهج والتقييم,توفير كتب جديدة للصفوف الأربعة الأولى من المرحلة الابتدائية,مناهج قائمة على المعايير في جميع صفوف التعليم العام ودمج المهارات والقدرات المستهدفة في الهدف الرابع من أهداف التنمية المستدامة بما في ذلك أسلوب الحياة المستدام، وحقوق الإنسان، والمساواة بين الجنسين، وتعزيز ثقافة السلام واللاعنف، والمواطنة العالمية، وقبول التنوع الثقافي.,percent,100.0,0.0,2026,2031,العتبة الحسينية المقدسة - تربية كربلاء,done,,,,IQD,one,,
تجهيز اثاث مدرسي الى اقسام ومدارس المديرية (ميز إدارة ، كرسي دوار، دولاب حديد،كرسي ثابت ،طقم قنفات...) عدد (1000) لكل مادة,ge,الجودة والموائمة,تطوير مناهج وأساليب التقويم وتحديث تخصصات التعليم الاعدادي والتدريب المهني,المناهج والتقييم,توفير كتب جديدة للصفوف الأربعة الأولى من المرحلة الابتدائية,مناهج قائمة على المعايير في جميع صفوف التعليم العام ودمج المهارات والقدرات المستهدفة في الهدف الرابع من أهداف التنمية المستدامة بما في ذلك أسلوب الحياة المستدام، وحقوق الإنسان، والمساواة بين الجنسين، وتعزيز ثقافة السلام واللاعنف، والمواطنة العالمية، وقبول التنوع الثقافي.,percent,100.0,0.0,2026,2031,العتبة الحسينية المقدسة - تربية كربلاء,done,,,,IQD,one,,
تم اعداد الكشوفات التخمينية لاعادة تاهيل المدارس وفق الحاجة و الأولوية للابنية المحتاجة الى الترميم,ge,الوصول والانصاف (الالتحاق والمساواة),توسيع البنية التحتية للمدارس على جميع المستويات مع الالتزام بمعايير بناء وإعادة التأهيل المدارس لاستيعاب المزيد من التلاميذ والطلاب ذوي الاحتياجات الخاصة والفتيات في المستوى الأساسي والمتوسط، وتقليل الفترات المزدوجة / الثلاثية والفصول الدراسية المكتظة,البنية التحتية,إعادة تأهيل المدارس,حصة المدارس التي تعمل بالنظام الأحادي والمزدوج لكل مستوى تعليمي,percent,100.0,,2025,2028,تربية القادسية,done,,18000000000.0,,IQD,one,الموازنة التشغيلية,
نوفبر رحلات مدرسية نمطية,ge,الوصول والانصاف (الالتحاق والمساواة),توسيع البنية التحتية للمدارس على جميع المستويات مع الالتزام بمعايير بناء وإعادة التأهيل المدارس لاستيعاب المزيد من التلاميذ والطلاب ذوي الاحتياجات الخاصة والفتيات في المستوى الأساسي والمتوسط، وتقليل الفترات المزدوجة / الثلاثية والفصول الدراسية المكتظة,البنية التحتية,إعادة تأهيل المدارس,حصة المدارس التي تعمل بالنظام المزدوج لكل مستوى تعليمي,,,,2024-09-29 00:00:00,قيد العمل,شركة النهرين العامة لطباعة وانتاج المستلزمات التربوية,done,,,,IQD,one,موارد الشركة الذاتية,
اعمال إضافة وحدات صحية خاصة لذوي الاحتياجات الخاصة بالإضافة الى اعمال إضافة الرمبات في مدارس البناء الجديد,ge,الوصول والانصاف (الالتحاق والمساواة),توسيع البنية التحتية للمدارس على جميع المستويات مع الالتزام بمعايير بناء وإعادة التأهيل المدارس لاستيعاب المزيد من التلاميذ والطلاب ذوي الاحتياجات الخاصة والفتيات في المستوى الأساسي والمتوسط، وتقليل الفترات المزدوجة / الثلاثية والفصول الدراسية المكتظة,البنية التحتية,إضافة التسهيلات المدرسية لذوي الاحتياجات الخاصة,حصة المدارس التي تعمل بالنظام المزدوج لكل مستوى تعليمي,percent,100.0,,2025,2025,شعبة الأبنية المدرسية,done,150000000.0,,,IQD,one,منظمات,
شطر المدارس ذات الدوام المزدوج عن طريق بناء مدارس جديدة,ge,الوصول والانصاف (الالتحاق والمساواة),توسيع البنية التحتية للمدارس على جميع المستويات مع الالتزام بمعايير بناء وإعادة التأهيل المدارس لاستيعاب المزيد من التلاميذ والطلاب ذوي الاحتياجات الخاصة والفتيات في المستوى الأساسي والمتوسط، وتقليل الفترات المزدوجة / الثلاثية والفصول الدراسية المكتظة,البنية التحتية,إضافة التسهيلات المدرسية لذوي الاحتياجات الخاصة,حصة المدارس التي تعمل بالنظام المزدوج لكل مستوى تعليمي,percent,100.0,,2025,2025,قسم التخطيط التربوي,done,,,,IQD,one,لايحتاج تمويل,
اجراء الترميم للمدارس االمشمولة بصفوف التربية الخاصةبواقع (57) مدرسة,ge,الوصول والانصاف (الالتحاق والمساواة),توسيع البنية التحتية للمدارس على جميع المستويات مع الالتزام بمعايير بناء وإعادة التأهيل المدارس لاستيعاب المزيد من التلاميذ والطلاب ذوي الاحتياجات الخاصة والفتيات في المستوى الأساسي والمتوسط، وتقليل الفترات المزدوجة / الثلاثية والفصول الدراسية المكتظة,البنية التحتية,إضافة التسهيلات المدرسية لذوي الاحتياجات الخاصة,حصة المدارس التي تعمل بالنظام المزدوج لكل مستوى تعليمي,percent,100.0,0.0,2025,2026,شعبة الابنية المدرسية - تربية الكرخ الاولى,done,14250000000.0,221098000.0,221098000.0,IQD,one,قسم الشؤون المالية,
متابعة المدارس التي فيها صفوف تربية خاصة لشمولها بالسبورات الذكية,ge,الوصول والانصاف (الالتحاق والمساواة),توسيع البنية التحتية للمدارس على جميع المستويات مع الالتزام بمعايير بناء وإعادة التأهيل المدارس لاستيعاب المزيد من التلاميذ والطلاب ذوي الاحتياجات الخاصة والفتيات في المستوى الأساسي والمتوسط، وتقليل الفترات المزدوجة / الثلاثية والفصول الدراسية المكتظة,البنية التحتية,إضافة التسهيلات المدرسية لذوي الاحتياجات الخاصة,حصة المدارس التي تعمل بالنظام المزدوج لكل مستوى تعليمي,percent,100.0,0.0,2025,2026,قسم التعليم العام والملاك شعبة التربية الخاصة - تربية الكرخ الاولى,done,,,,IQD,one,مناقلة بين المدارس + منظمة الطفولة,
إضافة تعديلات على الأبنية المدرسية المقامة حالياً,ge,الوصول والانصاف (الالتحاق والمساواة),توسيع البنية التحتية للمدارس على جميع المستويات مع الالتزام بمعايير بناء وإعادة التأهيل المدارس لاستيعاب المزيد من التلاميذ والطلاب ذوي الاحتياجات الخاصة والفتيات في المستوى الأساسي والمتوسط، وتقليل الفترات المزدوجة / الثلاثية والفصول الدراسية المكتظة,البنية التحتية,إضافة التسهيلات المدرسية لذوي الاحتياجات الخاصة,حصة المدارس التي تعمل بالنظام المزدوج لكل مستوى تعليمي,percent,100.0,0.0,2025,2031,تربية البصرة,delayed,,,,IQD,one,وزارة التربية,
اضافة مقعد صحي لذوي الاحتياجات الخاصة مع تخصيص اماكن خاصة لهم في الصفوف,ge,الوصول والانصاف (الالتحاق والمساواة),توسيع البنية التحتية للمدارس على جميع المستويات مع الالتزام بمعايير بناء وإعادة التأهيل المدارس لاستيعاب المزيد من التلاميذ والطلاب ذوي الاحتياجات الخاصة والفتيات في المستوى الأساسي والمتوسط، وتقليل الفترات المزدوجة / الثلاثية والفصول الدراسية المكتظة,البنية التحتية,إضافة التسهيلات المدرسية لذوي الاحتياجات الخاصة,حصة المدارس التي تعمل بالنظام المزدوج لكل مستوى تعليمي,percent,100.0,0.0,2024,2025,تربية الانبار,done,100000000.0,,,IQD,one,الوزارة / المنظمات,
فك ازدواج المدارس الثلاثية والثنائية الدوام,ge,الوصول والانصاف (الالتحاق والمساواة),توسيع البنية التحتية للمدارس على جميع المستويات مع الالتزام بمعايير بناء وإعادة التأهيل المدارس لاستيعاب المزيد من التلاميذ والطلاب ذوي الاحتياجات الخاصة والفتيات في المستوى الأساسي والمتوسط، وتقليل الفترات المزدوجة / الثلاثية والفصول الدراسية المكتظة,البنية التحتية,إضافة التسهيلات المدرسية لذوي الاحتياجات الخاصة,حصة المدارس التي تعمل بالنظام المزدوج لكل مستوى تعليمي,percent,100.0,67.0,2024,2028,شعبة التخطيط,done,,,,IQD,one,ــ,
اعمال إضافة وحدات صحية خاصة لذوي الاحتياجات الخاصة بالإضافة الى اعمال إضافة الرمبات في مدارس البناء الجديد,ge,الوصول والانصاف (الالتحاق والمساواة),توسيع البنية التحتية للمدارس على جميع المستويات مع الالتزام بمعايير بناء وإعادة التأهيل المدارس لاستيعاب المزيد من التلاميذ والطلاب ذوي الاحتياجات الخاصة والفتيات في المستوى الأساسي والمتوسط، وتقليل الفترات المزدوجة / الثلاثية والفصول الدراسية المكتظة,البنية التحتية,إضافة التسهيلات المدرسية لذوي الاحتياجات الخاصة,حصة المدارس التي تعمل بالنظام المزدوج لكل مستوى تعليمي,percent,100.0,75.0,2024,2024,شعبة الأبنية المدرسية - تربية نينوى,done,150000000.0,,,IQD,one,منظمات,
التوسع في فتح صفوف التربية الخاصة بواقع (5) صف في خمس مدارس متفرقة حسب الحاجة,ge,الوصول والانصاف (الالتحاق والمساواة),توسيع البنية التحتية للمدارس على جميع المستويات مع الالتزام بمعايير بناء وإعادة التأهيل المدارس لاستيعاب المزيد من التلاميذ والطلاب ذوي الاحتياجات الخاصة والفتيات في المستوى الأساسي والمتوسط، وتقليل الفترات المزدوجة / الثلاثية والفصول الدراسية المكتظة,البنية التحتية,إضافة التسهيلات المدرسية لذوي الاحتياجات الخاصة,حصة المدارس التي تعمل بالنظام المزدوج لكل مستوى تعليمي,percent,100.0,0.0,2024,2024,قسم الملاك / شعبة التربية الخاصة - تربية المثنى,delayed,,,,IQD,one,ــ,
تحديد الطلبة بطيء التعلم وفق تقارير اللجان الطبية و تأمين قبول الطلبة الجدد في الصف الاول الابتدائي,ge,الوصول والانصاف (الالتحاق والمساواة),توسيع البنية التحتية للمدارس على جميع المستويات مع الالتزام بمعايير بناء وإعادة التأهيل المدارس لاستيعاب المزيد من التلاميذ والطلاب ذوي الاحتياجات الخاصة والفتيات في المستوى الأساسي والمتوسط، وتقليل الفترات المزدوجة / الثلاثية والفصول الدراسية المكتظة,البنية التحتية,إضافة التسهيلات المدرسية لذوي الاحتياجات الخاصة,حصة المدارس التي تعمل بالنظام المزدوج لكل مستوى تعليمي,percent,100.0,0.0,2024,2024,المديرية العامة لتربية بغداد الكرخ الثالثة/ قسم التعليم العام والملاك,done,,,,IQD,one,لا تحتاج,
اجراء بحث بعنوان (رضا اولياء امور ذوي الاحتياجات الخاصة عن الاداء المؤسسة التربوية.),ge,الوصول والانصاف (الالتحاق والمساواة),توسيع البنية التحتية للمدارس على جميع المستويات مع الالتزام بمعايير بناء وإعادة التأهيل المدارس لاستيعاب المزيد من التلاميذ والطلاب ذوي الاحتياجات الخاصة والفتيات في المستوى الأساسي والمتوسط، وتقليل الفترات المزدوجة / الثلاثية والفصول الدراسية المكتظة,البنية التحتية,إضافة التسهيلات المدرسية لذوي الاحتياجات الخاصة,حصة المدارس التي تعمل بالنظام المزدوج لكل مستوى تعليمي,percent,100.0,75.0,2024,2024,مركز البحوث والدراسات,done,0.0,0.0,0.0,IQD,one,لا تحتاج,
شطر المدارس ذات الدوام المزدوج عن طريق بناء مدارس جديدة,ge,الوصول والانصاف (الالتحاق والمساواة),توسيع البنية التحتية للمدارس على جميع المستويات مع الالتزام بمعايير بناء وإعادة التأهيل المدارس لاستيعاب المزيد من التلاميذ والطلاب ذوي الاحتياجات الخاصة والفتيات في المستوى الأساسي والمتوسط، وتقليل الفترات المزدوجة / الثلاثية والفصول الدراسية المكتظة,البنية التحتية,إضافة التسهيلات المدرسية لذوي الاحتياجات الخاصة,حصة المدارس التي تعمل بالنظام المزدوج لكل مستوى تعليمي,percent,100.0,,2024,2024,قسم التخطيط التربوي,done,,,,IQD,one,لايحتاج تمويل,
فك الدوام الثلاثي والثنائي وتنفيذ خطة بناء مدارس واشغال البنايات المنجزة,ge,الوصول والانصاف (الالتحاق والمساواة),توسيع البنية التحتية للمدارس على جميع المستويات مع الالتزام بمعايير بناء وإعادة التأهيل المدارس لاستيعاب المزيد من التلاميذ والطلاب ذوي الاحتياجات الخاصة والفتيات في المستوى الأساسي والمتوسط، وتقليل الفترات المزدوجة / الثلاثية والفصول الدراسية المكتظة,البنية التحتية,إضافة التسهيلات المدرسية لذوي الاحتياجات الخاصة,حصة المدارس التي تعمل بالنظام المزدوج لكل مستوى تعليمي,percent,100.0,0.0,2024,2031,الاشراف التربوي + قسم التخطيط,done,,,,IQD,one,ــ,
فك ازدواج المدارس الثلاثية والثنائية الدوام,ge,الوصول والانصاف (الالتحاق والمساواة),توسيع البنية التحتية للمدارس على جميع المستويات مع الالتزام بمعايير بناء وإعادة التأهيل المدارس لاستيعاب المزيد من التلاميذ والطلاب ذوي الاحتياجات الخاصة والفتيات في المستوى الأساسي والمتوسط، وتقليل الفترات المزدوجة / الثلاثية والفصول الدراسية المكتظة,البنية التحتية,الانتقال إلى مدارس الفترات الواحدة,حصة المدارس التي تعمل بالنظام المزدوج لكل مستوى تعليمي,percent,100.0,0.0,2024,2028,"وزارة التربية.محافظة بغداد ,مجلس رئاسة الوزراء, صندوق الاعمار",delayed,,,,IQD,one,"وزارة التربية,قرض الكويتي,تنمية اقاليم,مشروع المدارس النموذجية , صندوق الاعمار",
فك الاكتظاظ والازدواج من خلال فتح مدارس جديدة وتخصيص ابنية وتغيير درجة مدرسة,ge,الوصول والانصاف (الالتحاق والمساواة),توسيع البنية التحتية للمدارس على جميع المستويات مع الالتزام بمعايير بناء وإعادة التأهيل المدارس لاستيعاب المزيد من التلاميذ والطلاب ذوي الاحتياجات الخاصة والفتيات في المستوى الأساسي والمتوسط، وتقليل الفترات المزدوجة / الثلاثية والفصول الدراسية المكتظة,البنية التحتية,الانتقال إلى مدارس الفترات الواحدة,حصة المدارس التي تعمل بالنظام المزدوج لكل مستوى تعليمي,percent,100.0,0.0,2025,2026,قسم التخطيط التربوي+ قسم الاشراف التربوي+ قسم الاشراف الاختصاصي+ قسم تربية ابي غريب,done,,,,IQD,one,لا يحتاج تخصيص,
يقوم قسم التخطيط التربوي وبالتنسيق مع قسمي الاشرافين التربوي والاختصاصي وقسم التعليم العام والملاك بإصدار أوامر فتح مدارس جديدة بواقع (56),ge,الوصول والانصاف (الالتحاق والمساواة),توسيع البنية التحتية للمدارس على جميع المستويات مع الالتزام بمعايير بناء وإعادة التأهيل المدارس لاستيعاب المزيد من التلاميذ والطلاب ذوي الاحتياجات الخاصة والفتيات في المستوى الأساسي والمتوسط، وتقليل الفترات المزدوجة / الثلاثية والفصول الدراسية المكتظة,البنية التحتية,الانتقال إلى مدارس الفترات الواحدة,حصة المدارس التي تعمل بالنظام المزدوج لكل مستوى تعليمي,percent,100.0,0.0,2024,2024,قسم التخطيط التربوي,done,,,,IQD,one,ـــ,
يقوم قسم التخطيط التربوي وبالتنسيق مع قسمي الاشرافين التربوي والاختصاصي وقسم التعليم العام والملاك شطر ودمج وغلق ورفع وخفض وتسمية مدارس بواقع( 42),ge,الوصول والانصاف (الالتحاق والمساواة),توسيع البنية التحتية للمدارس على جميع المستويات مع الالتزام بمعايير بناء وإعادة التأهيل المدارس لاستيعاب المزيد من التلاميذ والطلاب ذوي الاحتياجات الخاصة والفتيات في المستوى الأساسي والمتوسط، وتقليل الفترات المزدوجة / الثلاثية والفصول الدراسية المكتظة,البنية التحتية,الانتقال إلى مدارس الفترات الواحدة,حصة المدارس التي تعمل بالنظام المزدوج لكل مستوى تعليمي,percent,100.0,0.0,2024,2024,قسم التخطيط التربوي,done,,,,IQD,one,ـــ,
التخلص من الدوام الثنائي والثلاثي,ge,الوصول والانصاف (الالتحاق والمساواة),توسيع البنية التحتية للمدارس على جميع المستويات مع الالتزام بمعايير بناء وإعادة التأهيل المدارس لاستيعاب المزيد من التلاميذ والطلاب ذوي الاحتياجات الخاصة والفتيات في المستوى الأساسي والمتوسط، وتقليل الفترات المزدوجة / الثلاثية والفصول الدراسية المكتظة,البنية التحتية,الانتقال إلى مدارس الفترات الواحدة,حصة المدارس التي تعمل بالنظام المزدوج لكل مستوى تعليمي,percent,100.0,20.0,2024,2031,تربية ذي قار,done,,,,IQD,one,0,
فتح مدارس بواقع (2) مدرسة وشطروازدواج بواقع ( 2) وتغذية مدارس وتوزيع ازقة بواقع (1) بالتنسيق مع الجهات ذات العلاقة,ge,الوصول والانصاف (الالتحاق والمساواة),توسيع البنية التحتية للمدارس على جميع المستويات مع الالتزام بمعايير بناء وإعادة التأهيل المدارس لاستيعاب المزيد من التلاميذ والطلاب ذوي الاحتياجات الخاصة والفتيات في المستوى الأساسي والمتوسط، وتقليل الفترات المزدوجة / الثلاثية والفصول الدراسية المكتظة,البنية التحتية,الانتقال إلى مدارس الفترات الواحدة,حصة المدارس التي تعمل بالنظام المزدوج لكل مستوى تعليمي,percent,100.0,17.0,2024,2024,قسم التخطيط التربوي,done,,,,IQD,one,لا تحتاج,
فتح وشطروازدواج بواقع وتغذية مدارس وتوزيع ازقة و انتظام دوام بواقع ( 20 ) مدرسة بالتنسيق مع الجهات ذات العلاقة,ge,الوصول والانصاف (الالتحاق والمساواة),توسيع البنية التحتية للمدارس على جميع المستويات مع الالتزام بمعايير بناء وإعادة التأهيل المدارس لاستيعاب المزيد من التلاميذ والطلاب ذوي الاحتياجات الخاصة والفتيات في المستوى الأساسي والمتوسط، وتقليل الفترات المزدوجة / الثلاثية والفصول الدراسية المكتظة,البنية التحتية,الانتقال إلى مدارس الفترات الواحدة,حصة المدارس التي تعمل بالنظام المزدوج لكل مستوى تعليمي,percent,100.0,0.0,2026,2026,قسم التخطيط التربوي,done,,,,IQD,one,لا تحتاج,
يقوم قسم التخطيط التربوي بالتنسيق مع شعبة الابنية المدرسية وشعبة الاملاك والاراضي التربوية بتزويدهم بمقدار الحاجة من بناء مدارس جديدة بحسب اولوية الرقعة الجغرافية ونسبة اكتضاض التلميذ والطلبة وتوفر الأرض.,ge,الوصول والانصاف (الالتحاق والمساواة),توسيع البنية التحتية للمدارس على جميع المستويات مع الالتزام بمعايير بناء وإعادة التأهيل المدارس لاستيعاب المزيد من التلاميذ والطلاب ذوي الاحتياجات الخاصة والفتيات في المستوى الأساسي والمتوسط، وتقليل الفترات المزدوجة / الثلاثية والفصول الدراسية المكتظة,البنية التحتية,الانتقال إلى مدارس الفترات الواحدة,حصة المدارس التي تعمل بالنظام المزدوج لكل مستوى تعليمي,percent,100.0,0.0,2026,2031,المديرية العامة لتربية النجف الأشرف / قسم التخطيط التربوي بالتنسيق مع شعبة الابنية المدرسية وشعبة الاملاك والاراضي التربوية,done,,,,IQD,one,لا يحتاج الى تخصيص,
يقوم قسم التخطيط التربوي وبالتنسيق مع قسمي الاشرافين التربوي والاختصاصي وقسم التعليم العام والملاك بإصدار أوامر فتح مدارس جديدة لغرض فك الازدواج,ge,الوصول والانصاف (الالتحاق والمساواة),توسيع البنية التحتية للمدارس على جميع المستويات مع الالتزام بمعايير بناء وإعادة التأهيل المدارس لاستيعاب المزيد من التلاميذ والطلاب ذوي الاحتياجات الخاصة والفتيات في المستوى الأساسي والمتوسط، وتقليل الفترات المزدوجة / الثلاثية والفصول الدراسية المكتظة,البنية التحتية,الانتقال إلى مدارس الفترات الواحدة,حصة المدارس التي تعمل بالنظام المزدوج لكل مستوى تعليمي,percent,100.0,0.0,2025,2031,قسم التخطيط التربوي,done,,,,IQD,one,ـــ,
فك الازدواج الثلاثي والثنائي وذالك بتوفير مدارس جديدة,ge,الوصول والانصاف (الالتحاق والمساواة),توسيع البنية التحتية للمدارس على جميع المستويات مع الالتزام بمعايير بناء وإعادة التأهيل المدارس لاستيعاب المزيد من التلاميذ والطلاب ذوي الاحتياجات الخاصة والفتيات في المستوى الأساسي والمتوسط، وتقليل الفترات المزدوجة / الثلاثية والفصول الدراسية المكتظة,البنية التحتية,الانتقال إلى مدارس الفترات الواحدة,حصة المدارس التي تعمل بالنظام المزدوج لكل مستوى تعليمي,percent,100.0,0.0,2023,2027,,done,,,,IQD,one,,
فك الازدواج الثلاثي والثنائي اعتماداً على توفير الأبنية المدرسية الكافية,ge,الوصول والانصاف (الالتحاق والمساواة),توسيع البنية التحتية للمدارس على جميع المستويات مع الالتزام بمعايير بناء وإعادة التأهيل المدارس لاستيعاب المزيد من التلاميذ والطلاب ذوي الاحتياجات الخاصة والفتيات في المستوى الأساسي والمتوسط، وتقليل الفترات المزدوجة / الثلاثية والفصول الدراسية المكتظة,البنية التحتية,الانتقال إلى مدارس الفترات الواحدة,حصة المدارس التي تعمل بالنظام المزدوج لكل مستوى تعليمي,percent,100.0,0.0,2025,2031,تربية البصرة,done,0.0,0.0,0.0,IQD,one,ـــ,
تغذية لاعبي المنتخبات المشاركين في الوحدات التدريبية الخاصة بمشروع البطل الاولمبي,ge,الوصول والانصاف (الالتحاق والمساواة),توسيع البنية التحتية للمدارس على جميع المستويات مع الالتزام بمعايير بناء وإعادة التأهيل المدارس لاستيعاب المزيد من التلاميذ والطلاب ذوي الاحتياجات الخاصة والفتيات في المستوى الأساسي والمتوسط، وتقليل الفترات المزدوجة / الثلاثية والفصول الدراسية المكتظة,البنية التحتية,التغذية المدرسية والتوعية الصحية,حصة المدارس التي تعمل بالنظام المزدوج لكل مستوى تعليمي,percent,100.0,0.0,2024,2024,اللجنة الاولمبية العراقية - مديرية العامة للتربية الرياضية,done,,,,IQD,one,اللجنة الاولمبية الوطنية العراقية,
برامج التوعية الصحية تشمل - المدارس المناهضة للتدخين / - توعية ضد مخاطر المخدرات والمؤثرات العقلية / - برامج التوعية للوقاية من الامراض الانتقالية وغير الانتقالية / - برنامج فحص الطلبة الجدد / - ااصحة النفسية / - برامج توعية من مخاطر الابتزاز الالكتروني والتنمر / - ترشيد استهلاكي,ge,الوصول والانصاف (الالتحاق والمساواة),توسيع البنية التحتية للمدارس على جميع المستويات مع الالتزام بمعايير بناء وإعادة التأهيل المدارس لاستيعاب المزيد من التلاميذ والطلاب ذوي الاحتياجات الخاصة والفتيات في المستوى الأساسي والمتوسط، وتقليل الفترات المزدوجة / الثلاثية والفصول الدراسية المكتظة,البنية التحتية,التغذية المدرسية والتوعية الصحية,حصة المدارس التي تعمل بالنظام المزدوج لكل مستوى تعليمي,percent,100.0,3.0,2024,2031,الديريات العامة للتربية في المحافظات - المديرية العامة للتربية ارياضية,done,,,60000000.0,IQD,one,موازنة وزارة التربية,
عدد المدارس المشمولة بالتغذية المدرسية 2418 مدرسة وعدد التلاميذ المستفيدين من البرنامج التغذية 40544959 تلميذ,ge,الوصول والانصاف (الالتحاق والمساواة),ضمان بيئة تعليمية صحية وآمنة لضمان حصول المتعلمين الاكثر تهميشاً على التعليم,بيئة صحية وامنة,التغذية المدرسية والتوعية الصحية,نسبة الطلبة الذين يتلقون التغذية المدرسية في المدارس الابتدائية,percent,100.0,0.0,2024,2028,التربية البيئية والصحة المدرسية ـــ,done,54107294725.0,,54107294725.0,IQD,one,موازنة وزارة التربية,
ورش عمل للمنسقين الصحيين في المدارس كافة حول مهام وواجبات المنسقين الصحيين /مكافحة التبغ في المدارس / صحة الفم والاسنان /سرطان الثدي/القاحات الحصبة والجدري المائي / صحة العيون /مرض الكوليرا,ge,الوصول والانصاف (الالتحاق والمساواة),ضمان بيئة تعليمية صحية وآمنة لضمان حصول المتعلمين الاكثر تهميشاً على التعليم,بيئة صحية وامنة,التغذية المدرسية والتوعية الصحية,نسبة الطلبة الذين يتلقون التغذية المدرسية في المدارس الابتدائية,percent,100.0,64.0,2024,2024,قسم النشاط الرياضي والكشفي,done,0.0,0.0,0.0,IQD,one,لاتحتاج تمويل,
حملات لقاح التلاميذ (4500 مدرسة) فتح وحدات صحية (150 وحدة) إقامة حملات توعوية لجميع المراحل (700 مدرسة) دورات المنسقيين الصحيين (14 دورة) ورش توعوية حول مضار التدخين والتلوث وترشيد المياه (25 ورشة) بالتعاون مع دائرة صحة النجف الاشرف,ge,الوصول والانصاف (الالتحاق والمساواة),ضمان بيئة تعليمية صحية وآمنة لضمان حصول المتعلمين الاكثر تهميشاً على التعليم,بيئة صحية وامنة,التغذية المدرسية والتوعية الصحية,نسبة التلاميذ الذين يتلقون اللقاحات في المدارس الابتدائية,percent,100.0,,2026,2031,دائرة صحة النجف بالتعاون مع المديرية العامة لتربية النجف الأشرف,done,,,,IQD,one,ـــ,
المتابعة والاشراف على التلاميذ والطلبة لتحذيرهم عن مضار استخدام التبغ والمخدرات واقامت ورش عمل المنسقين الصحيين,ge,الوصول والانصاف (الالتحاق والمساواة),ضمان بيئة تعليمية صحية وآمنة لضمان حصول المتعلمين الاكثر تهميشاً على التعليم,بيئة صحية وامنة,التغذية المدرسية والتوعية الصحية,نسبة الطلبة الذين يتلقون التغذية المدرسية في المدارس الابتدائية,percent,100.0,50.0,2024,2024,قسم النشاط الرياضي والكشفي,done,0.0,0.0,0.0,IQD,one,لا تحتاج,
اقامت ندوات توعوية صحية للجان اصدقاء البيئة والصحة المدرسية,ge,الوصول والانصاف (الالتحاق والمساواة),ضمان بيئة تعليمية صحية وآمنة لضمان حصول المتعلمين الاكثر تهميشاً على التعليم,بيئة صحية وامنة,التغذية المدرسية والتوعية الصحية,نسبة الطلبة الذين يتلقون التغذية المدرسية في المدارس الابتدائية,percent,100.0,60.0,2024,2024,قسم النشاط الرياضي والكشفي,done,0.0,0.0,0.0,IQD,one,لا تحتاج,
المشاركة في الندوات والمهرجانات ومجالس الرعاية الصحية وحملات التوعية الصحية داخل المدارس بواقع ( 10) حملات توعية (10) عدد الندوات,ge,الوصول والانصاف (الالتحاق والمساواة),ضمان بيئة تعليمية صحية وآمنة لضمان حصول المتعلمين الاكثر تهميشاً على التعليم,بيئة صحية وامنة,التغذية المدرسية والتوعية الصحية,نسبة الطلبة الذين يتلقون التغذية المدرسية في المدارس الابتدائية,percent,100.0,50.0,2024,2024,قسم النشاط الرياضي والكشفي,done,0.0,0.0,0.0,IQD,one,لا تحتاج,
اقامة دورات للمنسقين الصحيين في المدارس,ge,الوصول والانصاف (الالتحاق والمساواة),ضمان بيئة تعليمية صحية وآمنة لضمان حصول المتعلمين الاكثر تهميشاً على التعليم,بيئة صحية وامنة,التغذية المدرسية والتوعية الصحية,نسبة الطلبة الذين يتلقون التغذية المدرسية في المدارس الابتدائية,percent,100.0,0.0,2024,2024,وزارة التربية(مشروع وزاري) - تربية الكرخ الثالثة,done,0.0,0.0,0.0,IQD,one,ـــ,
تطبيق معايير دليل الصحة والسلامة المهنية متابعة تنفيذ وتحليل ونتائج وإجراءات تحسين السلامة,ge,الوصول والانصاف (الالتحاق والمساواة),ضمان بيئة تعليمية صحية وآمنة لضمان حصول المتعلمين الاكثر تهميشاً على التعليم,بيئة صحية وامنة,التغذية المدرسية والتوعية الصحية,نسبة الطلبة الذين يتلقون التغذية المدرسية في المدارس الابتدائية,percent,100.0,0.0,2024,2025,قسم إدارة الجودة الشاملة المديريات العامة للتربية قسم الصحة والسلامة المهنية,done,0.0,0.0,0.0,IQD,one,ـــ,
تبويب المخصصات الثابتة في موازنة المديرية التي تمنح ( لتأهيل وترميم بنايات المدارس ),ge,الوصول والانصاف (الالتحاق والمساواة),ضمان بيئة تعليمية صحية وآمنة لضمان حصول المتعلمين الاكثر تهميشاً على التعليم,بيئة صحية وامنة,التغذية المدرسية والتوعية الصحية,نسبة الطلبة الذين يتلقون التغذية المدرسية في المدارس الابتدائية,percent,100.0,7.0,2024,2024,الامانة العامة لمجلس الوزراء / فريق الجهد الخدمي والهندسي - تربية الكرخ الثالثة,done,,,,IQD,one,الامانة العامة لمجلس الوزراء / فريق الجهد الخدمي والهندسي,
اقامة دورات للمنسقين الصحيين في المدارس / لمشاركة في الندوات والمهرجانات ومجالس الرعاية الصحية وحملات التوعية الصحية داخل المدارس بواقع ( 10) حملات توعية (10) عدد الندوات / اقامت ندوات توعوية صحية للجان اصدقاء البيئة والصحة المدرسية,ge,الوصول والانصاف (الالتحاق والمساواة),ضمان بيئة تعليمية صحية وآمنة لضمان حصول المتعلمين الاكثر تهميشاً على التعليم,بيئة صحية وامنة,التغذية المدرسية والتوعية الصحية,نسبة الطلبة الذين يتلقون التغذية المدرسية في المدارس الابتدائية,percent,100.0,0.0,2026,2026,قسم النشاط الرياضي والكشفي,done,,,,IQD,one,لا يحتاج,
ورش عمل للمنسقين الصحيين في المدارس كافة حول مهام وواجبات المنسقين الصحيين /مكافحة التبغ في المدارس / صحة الفم والاسنان /سرطان الثدي/القاحات الحصبة والجدري المائي / صحة العيون /مرض الكوليرا,ge,الوصول والانصاف (الالتحاق والمساواة),ضمان بيئة تعليمية صحية وآمنة لضمان حصول المتعلمين الاكثر تهميشاً على التعليم,بيئة صحية وامنة,التغذية المدرسية والتوعية الصحية,نسبة الطلبة الذين يتلقون التغذية المدرسية في المدارس الابتدائية,percent,100.0,,2025,2025,قسم النشاط الرياضي والكشفي,done,0.0,0.0,0.0,IQD,one,لاتحتاج تمويل,
وضع إرشادات لطلاب الذين يستقلون الحافلات المدرسية واتخاذ التدابير اللازمة المتعلقة بمعايير السلامة المدرسية وتنظيم ولوج الحافلات المدرسية وتفادي الاكتظاظ والازدحام والعنف بمحيط محطات الحافلات والمدرسة,ge,الوصول والانصاف (الالتحاق والمساواة),ضمان بيئة تعليمية صحية وآمنة لضمان حصول المتعلمين الاكثر تهميشاً على التعليم,بيئة صحية وامنة,التغذية المدرسية والتوعية الصحية,نسبة الطلبة الذين يتلقون التغذية المدرسية في المدارس الابتدائية,percent,100.0,0.0,2024,2024,إدارة المدرسة / الاشراف التربوي - تربية الانبار,done,0.0,0.0,0.0,IQD,one,لايوجد تمويل,
عقد ورش تثقيفية وتشكيل لجان خاصة لسلامة الطلاب ووضع مطبات صناعية امام المدارس التي تقع على الشوارع العامة,ge,الوصول والانصاف (الالتحاق والمساواة),ضمان بيئة تعليمية صحية وآمنة لضمان حصول المتعلمين الاكثر تهميشاً على التعليم,بيئة صحية وامنة,النقل المدرسي واجراءات السلامة,نسبة الطلبة الذين يتلقون التغذية المدرسية في المدارس الابتدائية,percent,100.0,100.0,2024,2024,شعبة الصحة السلامة المهنية - تربية نينوى,done,0.0,0.0,0.0,IQD,one,ــ,
تجهيز الابنية المدرسية بمطافئ حريق,ge,الوصول والانصاف (الالتحاق والمساواة),ضمان بيئة تعليمية صحية وآمنة لضمان حصول المتعلمين الاكثر تهميشاً على التعليم,بيئة صحية وامنة,النقل المدرسي واجراءات السلامة,نسبة المدارس المنفذ فيها الطرق والسلامة المرورية,percent,100.0,90.0,2024,2024,تربية ذي قار,done,80000000.0,80000000.0,80000000.0,IQD,one,الموازنة الجارية,
تشكيل لجان وطرق سلامة مرورية,ge,الوصول والانصاف (الالتحاق والمساواة),ضمان بيئة تعليمية صحية وآمنة لضمان حصول المتعلمين الاكثر تهميشاً على التعليم,بيئة صحية وامنة,النقل المدرسي واجراءات السلامة,نسبة المدارس المنفذ فيها الطرق والسلامة المرورية,percent,100.0,40.0,2023,2024,تربية بابل,done,0.0,0.0,0.0,IQD,one,لا يحتاج للتخصيص,
طباعة المناهج الخاصة بالتعليم المسرع,ge,الوصول والانصاف (الالتحاق والمساواة),ضمان بيئة تعليمية صحية وآمنة لضمان حصول المتعلمين الاكثر تهميشاً على التعليم,بيئة صحية وامنة,النقل المدرسي واجراءات السلامة,نسبة المدارس المنفذ فيها الطرق والسلامة المرورية,percent,100.0,0.0,2025,2027,مكتب الوزير / قسم العقود,done,,,,IQD,one,المديرية العامة للشؤون الإدارية و مكتب الوزير / قسم العقود,يبدأ تنفيذ المشروع سنة 2025
توفير الصفوف لمدارس التعليم المسرع,ge,الوصول والانصاف (الالتحاق والمساواة),ضمان بيئة تعليمية صحية وآمنة لضمان حصول المتعلمين الاكثر تهميشاً على التعليم,بيئة صحية وامنة,النقل المدرسي واجراءات السلامة,نسبة المدارس المنفذ فيها الطرق والسلامة المرورية,percent,100.0,,2025,2031,المديرية العامة للتخطيط التربوي / قسم الأبنية المدرسية,done,,,,IQD,one,الجهاز التنفيذي لمحو الأمية,يبدأ تنفيذ المشروع سنة 2025
مشروع السلامة المرورية مع مديرية مرور بابل,ge,الوصول والانصاف (الالتحاق والمساواة),ضمان بيئة تعليمية صحية وآمنة لضمان حصول المتعلمين الاكثر تهميشاً على التعليم,بيئة صحية وامنة,النقل المدرسي واجراءات السلامة,نسبة المدارس المنفذ فيها الطرق والسلامة المرورية,percent,100.0,,2025,2026,تربية بابل,done,,,,IQD,one,لا يحتاج للتخصيص,
مشروع المستشار الصحي في مدارس تربية بابل بالتعاون مع دائرة الصحة في المحافظة,ge,الوصول والانصاف (الالتحاق والمساواة),ضمان بيئة تعليمية صحية وآمنة لضمان حصول المتعلمين الاكثر تهميشاً على التعليم,بيئة صحية وامنة,النقل المدرسي واجراءات السلامة,نسبة المدارس المنفذ فيها الطرق والسلامة المرورية,percent,100.0,,2025,2026,تربية بابل,done,,,,IQD,one,لا يحتاج للتخصيص,
يوجد (15 ) مدرسة للتعليم المسرع وهناك مقترح زيادة اعداد المدارس الخاصة بالتعليم المسرع للوصول الى (30) مدرسة,ge,الوصول والانصاف (الالتحاق والمساواة),توفير فرص تعليمية رسمية وغير رسمية مرنة للطلاب الذين تجاوزوا السن والمتسربين من الدراسة بسبب الفقر واحتلال تنظيم داعش وفيروس كوفيد -١٩ والأزمات الأخرى,استمراية التعليم والتعلم مدى الحياة,التعليم المسرع واللحاق بالركب,معدل عدد الملتحقين ببرامج التعليم غيرالنظامي,percent,100.0,0.0,2024,2027,قسم محو الامية,delayed,,,,IQD,one,ـــ,
العودة الى التعليم,ge,الوصول والانصاف (الالتحاق والمساواة),توفير فرص تعليمية رسمية وغير رسمية مرنة للطلاب الذين تجاوزوا السن والمتسربين من الدراسة بسبب الفقر واحتلال تنظيم داعش وفيروس كوفيد -١٩ والأزمات الأخرى,استمراية التعليم والتعلم مدى الحياة,التعليم المسرع واللحاق بالركب,معدل عدد الملتحقين ببرامج التعليم غيرالنظامي,percent,100.0,15.0,2024,2024,وزارة التربية/المديرية العامة للشؤون المالية,done,150000000.0,120000000.0,120000000.0,IQD,one,تشغيلي ومجالس محافظات ومنظمة اليونيسف,
فتح صفوف خاصة باليافعين في مدارس التعليم,ge,الوصول والانصاف (الالتحاق والمساواة),توفير فرص تعليمية رسمية وغير رسمية مرنة للطلاب الذين تجاوزوا السن والمتسربين من الدراسة بسبب الفقر واحتلال تنظيم داعش وفيروس كوفيد -١٩ والأزمات الأخرى,استمراية التعليم والتعلم مدى الحياة,التعليم المسرع واللحاق بالركب,معدل عدد الملتحقين ببرامج التعليم غيرالنظامي,percent,100.0,0.0,2024,2024,إدارة المدرسة / الاشراف التربوي,done,0.0,0.0,0.0,IQD,one,لايوجد تمويل,
اجراء عملية التوعية للمعلمين المنسقيين الصحيين حول آلية التعامل مع اليافعين واندماجهم في المدارس النهارية بالتعاون مع دائرة الصحة,ge,الوصول والانصاف (الالتحاق والمساواة),توفير فرص تعليمية رسمية وغير رسمية مرنة للطلاب الذين تجاوزوا السن والمتسربين من الدراسة بسبب الفقر واحتلال تنظيم داعش وفيروس كوفيد -١٩ والأزمات الأخرى,استمراية التعليم والتعلم مدى الحياة,التعليم المسرع واللحاق بالركب,معدل عدد الملتحقين ببرامج التعليم غيرالنظامي,percent,100.0,0.0,2024,2024,دائرة الصحة + شعبة الصجة والبيئة المدرسية - تربية المثنى,done,0.0,0.0,0.0,IQD,one,ـــ,
اعداد احصائيات بأعداد مدارس اليافعين حسب عدد الطلبة والهيئات التدريبية وتأمين قبول الطلبة من مدارس الاعتيادية الى مدارس اليافعين,ge,الوصول والانصاف (الالتحاق والمساواة),توفير فرص تعليمية رسمية وغير رسمية مرنة للطلاب الذين تجاوزوا السن والمتسربين من الدراسة بسبب الفقر واحتلال تنظيم داعش وفيروس كوفيد -١٩ والأزمات الأخرى,استمراية التعليم والتعلم مدى الحياة,تعليم اليافعين,معدل عدد الملتحقين ببرامج التعليم غيرالنظامي,percent,100.0,0.0,2024,2024,مديرية تربية الكرخ الثالثة / قسم التخطيط التربوي/ شعبة الاحصاء,done,0.0,0.0,0.0,IQD,one,لا تحتاج,
ترجمة دراسة بعنوان (انهاء العقوبة البدنية في المدارس),ge,الوصول والانصاف (الالتحاق والمساواة),توفير فرص تعليمية رسمية وغير رسمية مرنة للطلاب الذين تجاوزوا السن والمتسربين من الدراسة بسبب الفقر واحتلال تنظيم داعش وفيروس كوفيد -١٩ والأزمات الأخرى,استمراية التعليم والتعلم مدى الحياة,تعليم اليافعين,معدل عدد الملتحقين ببرامج التعليم غيرالنظامي,percent,100.0,0.0,2024,2024,جميع المديريات العامة للتربية - مركز البحوث والدراسات,done,0.0,0.0,0.0,IQD,one,ـــ,
فتح صفوف لليافعين في مدارس التعليم المسرع في حال قدرتهم على الالتحاق في تلك الصفوف لضمان التحاقهم بالدراسة,ge,الوصول والانصاف (الالتحاق والمساواة),توفير فرص تعليمية رسمية وغير رسمية مرنة للطلاب الذين تجاوزوا السن والمتسربين من الدراسة بسبب الفقر واحتلال تنظيم داعش وفيروس كوفيد -١٩ والأزمات الأخرى,استمراية التعليم والتعلم مدى الحياة,تعليم اليافعين,معدل عدد الملتحقين ببرامج التعليم غيرالنظامي,percent,100.0,0.0,2024,2026,قسم محو الامية,delayed,,,,IQD,one,ـــ,
فتح مدارس وصفوف لليافعين,ge,الوصول والانصاف (الالتحاق والمساواة),توفير فرص تعليمية رسمية وغير رسمية مرنة للطلاب الذين تجاوزوا السن والمتسربين من الدراسة بسبب الفقر واحتلال تنظيم داعش وفيروس كوفيد -١٩ والأزمات الأخرى,استمراية التعليم والتعلم مدى الحياة,تعليم اليافعين,معدل عدد الملتحقين ببرامج التعليم غيرالنظامي,percent,100.0,78.0,2024,2024,قسم التخطيط التربوي,done,,,,IQD,one,ـــ,
تم اعداد الاطار الموقعي لمدارس التعليم اليافعين بواقع (7) مدرسة يبين الموقع البيئي والجغرافي لمدارس التعليم اليافعين لعام 2024 بواقع (7) مدارس (حضر) وتم اعداد احصائية بأعداد المدارس حسب الاستقلالية ضيف بواقع (7) مدارس لليافعين واعداد احصائية وللهيئات التعليمية بواقع (56) ذكور و(34) اناث وبلغ عدد الشعب حسب المراحل الدراسية بواقع (7) للمرحلة الاولى و(7) للمرحلة الثانية و(7) للمرحلة الثالثة و(7) للمرحلة الرابعة,ge,الوصول والانصاف (الالتحاق والمساواة),توفير فرص تعليمية رسمية وغير رسمية مرنة للطلاب الذين تجاوزوا السن والمتسربين من الدراسة بسبب الفقر واحتلال تنظيم داعش وفيروس كوفيد -١٩ والأزمات الأخرى,استمراية التعليم والتعلم مدى الحياة,تعليم اليافعين,معدل عدد الملتحقين ببرامج التعليم غيرالنظامي,percent,100.0,0.0,2024,2024,قسم التخطيط/ شعبة الاحصاء,done,,,,IQD,one,ـــ,
فتح صفوف لذوي الاحتياجات الخاصة,ge,الوصول والانصاف (الالتحاق والمساواة),توفير فرص تعليمية رسمية وغير رسمية مرنة للطلاب الذين تجاوزوا السن والمتسربين من الدراسة بسبب الفقر واحتلال تنظيم داعش وفيروس كوفيد -١٩ والأزمات الأخرى,استمراية التعليم والتعلم مدى الحياة,تعليم اليافعين,معدل عدد الملتحقين ببرامج التعليم غيرالنظامي,percent,100.0,0.0,2024,2024,قسم التربية الخاصة - المديرية العامة للتربية ارياضية,done,0.0,0.0,0.0,IQD,one,لا يحتاج تخصيص,
ترجمة دراسة بعنوان (الزي المدرسي وعلاقته بالحالة الاجتماعية والاقتصادية),ge,الوصول والانصاف (الالتحاق والمساواة),توفير فرص تعليمية رسمية وغير رسمية مرنة للطلاب الذين تجاوزوا السن والمتسربين من الدراسة بسبب الفقر واحتلال تنظيم داعش وفيروس كوفيد -١٩ والأزمات الأخرى,استمراية التعليم والتعلم مدى الحياة,تعليم اليافعين,معدل عدد الملتحقين ببرامج التعليم غيرالنظامي,percent,100.0,,2025,2025,جميع المديريات العامة للتربية,done,0.0,0.0,0.0,IQD,one,ـــ,
محو أمية موظفي دوائر الدولة,ge,الوصول والانصاف (الالتحاق والمساواة),توفير فرص تعليمية رسمية وغير رسمية مرنة للطلاب الذين تجاوزوا السن والمتسربين من الدراسة بسبب الفقر واحتلال تنظيم داعش وفيروس كوفيد -١٩ والأزمات الأخرى,استمراية التعليم والتعلم مدى الحياة,تعليم اليافعين,معدل عدد الملتحقين ببرامج التعليم غيرالنظامي,percent,100.0,30.0,2023,2025,الجهاز التنفيذي لمحو الأمية,done,,,,IQD,one,الجهاز التنفيذي لمحو الأمية,
الاستمرار في دعم مراكز محو الأمية وورش تعليم مهارات الحياة الخاصة بالدراسات حصراً والتوسع في فتح تلك الورش بالتعاون مع منظمات المجتمع المدني والمنظمات الدولية وعلى مستوى المحافظات كافة,ge,الوصول والانصاف (الالتحاق والمساواة),توفير فرص تعليمية رسمية وغير رسمية مرنة للطلاب الذين تجاوزوا السن والمتسربين من الدراسة بسبب الفقر واحتلال تنظيم داعش وفيروس كوفيد -١٩ والأزمات الأخرى,استمراية التعليم والتعلم مدى الحياة,المدارس المسائية وبرامج محو الامية,معدل عدد الملتحقين ببرامج التعليم غيرالنظامي,percent,100.0,44.0,2023,2025,الجهاز التنفيذي لمحو الأمية,done,,,,IQD,one,الجهاز التنفيذي لمحو الأمية وتبرعات ذاتية,
استدامة تعليم موظفي دوائر الدولة,ge,الوصول والانصاف (الالتحاق والمساواة),توفير فرص تعليمية رسمية وغير رسمية مرنة للطلاب الذين تجاوزوا السن والمتسربين من الدراسة بسبب الفقر واحتلال تنظيم داعش وفيروس كوفيد -١٩ والأزمات الأخرى,استمراية التعليم والتعلم مدى الحياة,المدارس المسائية وبرامج محو الامية,معدل عدد الملتحقين ببرامج التعليم غيرالنظامي,percent,100.0,0.0,2025,2027,الجهاز التنفيذي لمحو الأمية,done,0.0,0.0,0.0,IQD,one,الجهاز التنفيذي لمحو الأمية,يبدأ تنفيذ المشروع سنة 2025
منصة نيوتن التعليمية / منصة الكترونية حكومية مجانية توفر دروس ومحاضرات واختبارات الالكترونية للتلاميذ والطلبة (العمل على المنصة سنوي),ge,الوصول والانصاف (الالتحاق والمساواة),توفير فرص تعليمية رسمية وغير رسمية مرنة للطلاب الذين تجاوزوا السن والمتسربين من الدراسة بسبب الفقر واحتلال تنظيم داعش وفيروس كوفيد -١٩ والأزمات الأخرى,استمراية التعليم والتعلم مدى الحياة,التعليم الرقمي و عن بعد,معدل عدد الملتحقين ببرامج التعليم غيرالنظامي,percent,100.0,100.0,2020,2020,مديرية التلفزيون التربوي/شعبة التعليم عن بعد,done,0.0,0.0,0.0,IQD,one,ـــ,الملاحظات
المدرسة الحكومية الالكترونية المدرسة الالكترونية تقدم دروس لطلبة الانتساب والخارجيين (العمل على البرنامج سنوي),ge,الوصول والانصاف (الالتحاق والمساواة),توفير فرص تعليمية رسمية وغير رسمية مرنة للطلاب الذين تجاوزوا السن والمتسربين من الدراسة بسبب الفقر واحتلال تنظيم داعش وفيروس كوفيد -١٩ والأزمات الأخرى,استمراية التعليم والتعلم مدى الحياة,التعليم الرقمي و عن بعد,معدل عدد الملتحقين ببرامج التعليم غيرالنظامي,percent,100.0,0.0,2024,2025,مديرية التلفزيون التربوي/ شعبة المدرسة الحكومية الالكترونية,done,0.0,0.0,0.0,IQD,one,ـــ,تم استئناف العمل بالمشروع بموجب كتاب مكتب رئيس مجلس الوزراء ذي العدد 3016/2544149 في (17/9/2025)
تم اعداد دراسة بأعداد الطلبة والتلاميذ المستفيدين من منصة نيوتن بواقع (389) تلميذ للمرحلة الابتدائية و(22) طالب للمرحلة الثانوية وبلغ عدد المدارس المشاركة في حل الاختبارات (37) وعدد الطلبة المشاركين في حل الاختبارات (411) تلميذ وطالب ومنح شهادات تقديرية لللذين اجتازو اختبار المنصة بمعدل 90% فما فوق بواقع (231) حسب كتاب شعبة التعليم عن بعد المرقم 116 في 2024/6/5,ge,الوصول والانصاف (الالتحاق والمساواة),توفير فرص تعليمية رسمية وغير رسمية مرنة للطلاب الذين تجاوزوا السن والمتسربين من الدراسة بسبب الفقر واحتلال تنظيم داعش وفيروس كوفيد -١٩ والأزمات الأخرى,استمراية التعليم والتعلم مدى الحياة,التعليم الرقمي و عن بعد,معدل عدد الملتحقين ببرامج التعليم غيرالنظامي,percent,100.0,0.0,2024,2025,شعبة التعليم عن بعد - تربية الكرخ الاولى,done,0.0,0.0,0.0,IQD,one,ـــ,
دورات للكوادر المسؤولة عن اداره التعليم عن بعد,ge,الوصول والانصاف (الالتحاق والمساواة),توفير فرص تعليمية رسمية وغير رسمية مرنة للطلاب الذين تجاوزوا السن والمتسربين من الدراسة بسبب الفقر واحتلال تنظيم داعش وفيروس كوفيد -١٩ والأزمات الأخرى,استمراية التعليم والتعلم مدى الحياة,التعليم الرقمي و عن بعد,معدل عدد الملتحقين ببرامج التعليم غيرالنظامي,count,1.0,0.0,2024,2024,المديرية العامة لتربية القادسية,done,0.0,0.0,0.0,IQD,one,,
بوابة التعلم الرقمي,ge,الوصول والانصاف (الالتحاق والمساواة),توفير فرص تعليمية رسمية وغير رسمية مرنة للطلاب الذين تجاوزوا السن والمتسربين من الدراسة بسبب الفقر واحتلال تنظيم داعش وفيروس كوفيد -١٩ والأزمات الأخرى,استمراية التعليم والتعلم مدى الحياة,التعليم الرقمي و عن بعد,معدل عدد الملتحقين ببرامج التعليم غيرالنظامي,percent,100.0,0.0,2023,2025,مديرية التلفزيون التربوي/ الشركات المعتمدة من قبل وزارة التربية,stopped,30000000000.0,,,IQD,one,ـــ,عدم توفير التخصيص المالي
اعداد معايير رقمنة المناهج,ge,الوصول والانصاف (الالتحاق والمساواة),توفير فرص تعليمية رسمية وغير رسمية مرنة للطلاب الذين تجاوزوا السن والمتسربين من الدراسة بسبب الفقر واحتلال تنظيم داعش وفيروس كوفيد -١٩ والأزمات الأخرى,استمراية التعليم والتعلم مدى الحياة,التعليم الرقمي و عن بعد,معدل عدد الملتحقين ببرامج التعليم غيرالنظامي,percent,100.0,75.0,2024,2024,المديرية العامة للمناهج+ قسم تطوير التعليم + هيئة المستشارين /مكتب رئيس الوزراء,done,0.0,0.0,0.0,IQD,one,لايوجد,
توفير وسائل تعليمية للمدارس وحسب الحاجة الفعلية,ge,الجودة والموائمة,توفير بيئة تعليمية جاذبة تساعد على التعلم,بيئة تعليمية جاذبة,الوسائل التعليمية ذوي الاحتياجات والمتعلمين الموهوبين,نسبة المتعلمين من ذوي الاحتياجات الخاصة,percent,100.0,0.0,2025,2031,وزارة التربية - تربية البصرة,stopped,,,,IQD,one,وزارة التربية,
إعتماد مشروع ذوي الاحتاجات الخاصة من كفيفي البصر بالتعاون مع الوقف الشيعي / العتبة الحسينية المقدسة,ge,الجودة والموائمة,توفير بيئة تعليمية جاذبة تساعد على التعلم,بيئة تعليمية جاذبة,الوسائل التعليمية ذوي الاحتياجات والمتعلمين الموهوبين,نسبة المتعلمين من ذوي الاحتياجات الخاصة,percent,100.0,1.6,2023,2031,الجهاز التنفيذي لمحو الأمية,done,0.0,0.0,0.0,IQD,one,العتبة العباسية,
متابعة المدارس المشمولة بالتجديدات التربوية المختلفة كالتربية الخاصة والدمج التربوي ومعلمي الصف الاول ومتابعة المدارس المشمولة بالمناهج التربية الخاص,ge,الجودة والموائمة,توفير بيئة تعليمية جاذبة تساعد على التعلم,بيئة تعليمية جاذبة,الوسائل التعليمية ذوي الاحتياجات والمتعلمين الموهوبين,نسبة المتعلمين من ذوي الاحتياجات الخاصة,percent,100.0,91.0,2024,2028,قسم التعليم العام والملاك+ قسم شؤون المناهج والتقنيات التربوية + قسم الاشراف التربوي - تربية كربلاء,done,,,,IQD,one,بحاجة الى تخصيص لتجهيز المدارس بالوسائل التعليمية للتربية الخاصة,
تجهيز المدارس بوسائل تعليمية (داتا شو، اذاعة مدرسية، مجسمات),ge,الجودة والموائمة,توفير بيئة تعليمية جاذبة تساعد على التعلم,بيئة تعليمية جاذبة,الوسائل التعليمية ذوي الاحتياجات والمتعلمين الموهوبين,نسبة المتعلمين من ذوي الاحتياجات الخاصة,percent,100.0,100.0,2024,2024,مديرية تربية ذي قار,done,888000000.0,888000000.0,888000000.0,IQD,one,الموازنة الجارية,
توزيع 20 شاشة ذكية الى المدارس ومدارس الموهوبين,ge,الجودة والموائمة,توفير بيئة تعليمية جاذبة تساعد على التعلم,بيئة تعليمية جاذبة,الوسائل التعليمية ذوي الاحتياجات والمتعلمين الموهوبين,نسبة المتعلمين من ذوي الاحتياجات الخاصة,percent,100.0,0.0,2024,2024,محافظة الانبار - تربية الانبار,done,,,,IQD,one,المحافظة,
اجراء بحث بعنوان (استخدام التقنيات التعليمية الحديثة بمدارس التعليم العام في العراق),ge,الجودة والموائمة,توفير بيئة تعليمية جاذبة تساعد على التعلم,بيئة تعليمية جاذبة,الوسائل التعليمية ذوي الاحتياجات والمتعلمين الموهوبين,نسبة المتعلمين من ذوي الاحتياجات الخاصة,percent,100.0,,2025,2025,جميع المديريات العامة للتربية,done,0.0,0.0,0.0,IQD,one,ـــ,
شمول مدارس المتميزين والمتفوقين وجميع المراحل بمشروع التعليم الالكتروني والمدرسة الالكترونية,ge,الجودة والموائمة,توفير بيئة تعليمية جاذبة تساعد على التعلم,بيئة تعليمية جاذبة,الوسائل التعليمية ذوي الاحتياجات والمتعلمين الموهوبين,نسبة المتعلمين من ذوي الاحتياجات الخاصة,percent,100.0,50.0,2023,2024,تربية بابل,done,1000000.0,,,IQD,one,الموازنة التشغيلية,
شراء الوسائل التعليمية ومتابعة توزيعها وتفعيلها,ge,الجودة والموائمة,توفير بيئة تعليمية جاذبة تساعد على التعلم,بيئة تعليمية جاذبة,الوسائل التعليمية ذوي الاحتياجات والمتعلمين الموهوبين,نسبة المتعلمين من ذوي الاحتياجات الخاصة,percent,100.0,,2024,2031,قسم شؤون المناهج والتقنيات التربوية,delayed,101000000.0,101000000.0,76000000.0,IQD,one,موازنة تشغيلية,عدم توفير التخصيص المالي
شراء وتوزيع المعدات على المختبرات العلمية والحاسوب والمكتبات,ge,الجودة والموائمة,توفير بيئة تعليمية جاذبة تساعد على التعلم,بيئة تعليمية جاذبة,مختبرات العلوم والحاسوب ومعدات تكنولوجيا المعلومات والاتصالات,نسبة المدارس التي تتمتع بأدوا ت لتسهيل الدروس الإلكترونية (كهرباء، إنترنت، مختبرات كمبيوتر، مختبر علوم، مكتبات مدرسية),percent,100.0,0.0,2024,2031,قسم شؤون المناهج والتقنيات التربوية,delayed,101000000.0,101000000.0,76000000.0,IQD,one,موازنة تشغيلية,عدم توفير التخصيص المالي
توفير معدات واثاث وأجهزة حاسوب وتوزيعها على المدارس حسب الحاجة الفعلية,ge,الجودة والموائمة,توفير بيئة تعليمية جاذبة تساعد على التعلم,بيئة تعليمية جاذبة,مختبرات العلوم والحاسوب ومعدات تكنولوجيا المعلومات والاتصالات,نسبة المدارس التي تتمتع بأدوا ت لتسهيل الدروس الإلكترونية (كهرباء، إنترنت، مختبرات كمبيوتر، مختبر علوم، مكتبات مدرسية),percent,100.0,0.0,2025,2031,وزارة التربية,done,,,,IQD,one,وزارة التربية,
توزيع داتة شو ومجسامات لمختبرات,ge,الجودة والموائمة,توفير بيئة تعليمية جاذبة تساعد على التعلم,بيئة تعليمية جاذبة,مختبرات العلوم والحاسوب ومعدات تكنولوجيا المعلومات والاتصالات,نسبة المدارس التي تتمتع بأدوا ت لتسهيل الدروس الإلكترونية (كهرباء، إنترنت، مختبرات كمبيوتر، مختبر علوم، مكتبات مدرسية),percent,100.0,0.0,2024,2024,محافظة الانبار - تربية الانبار,done,,,,IQD,one,المحافظة,
متابعة مختبرات الحاسوب في المدارس وتحديد الحاجة الفعلية لصيانة اجهزة الحاسوب,ge,الجودة والموائمة,توفير بيئة تعليمية جاذبة تساعد على التعلم,بيئة تعليمية جاذبة,مختبرات العلوم والحاسوب ومعدات تكنولوجيا المعلومات والاتصالات,نسبة المدارس التي تتمتع بأدوا ت لتسهيل الدروس الإلكترونية (كهرباء، إنترنت، مختبرات كمبيوتر، مختبر علوم، مكتبات مدرسية),percent,100.0,50.0,2024,2024,قسم المناهج والوسائل التربوية,done,0.0,0.0,0.0,IQD,one,لايحتاج,
تجهيز مختبر العلوم بالنماذج والداتاشو والمجسمات والاذاعات المدرسية,ge,الجودة والموائمة,توفير بيئة تعليمية جاذبة تساعد على التعلم,بيئة تعليمية جاذبة,مختبرات العلوم والحاسوب ومعدات تكنولوجيا المعلومات والاتصالات,نسبة المدارس التي تتمتع بأدوا ت لتسهيل الدروس الإلكترونية (كهرباء، إنترنت، مختبرات كمبيوتر، مختبر علوم، مكتبات مدرسية),percent,100.0,50.0,2024,2024,قسم المناهج والوسائل التربوية,done,0.0,0.0,0.0,IQD,one,لايحتاج,
تجهيز مختبر العلوم بالنماذج والداتاشو والمجسمات والاذاعات المدرسية / متابعة مختبرات الحاسوب في المدارس وتحديد الحاجة الفعلية لصيانة اجهزة الحاسوب,ge,الجودة والموائمة,توفير بيئة تعليمية جاذبة تساعد على التعلم,بيئة تعليمية جاذبة,مختبرات العلوم والحاسوب ومعدات تكنولوجيا المعلومات والاتصالات,نسبة المدارس التي تتمتع بأدوا ت لتسهيل الدروس الإلكترونية (كهرباء، إنترنت، مختبرات كمبيوتر، مختبر علوم، مكتبات مدرسية),percent,100.0,0.0,2026,2026,قسم المناهج والوسائل التربوية,done,,,,IQD,one,لايحتاج,
اقامة ندوة بعنوان المختبرات الافتراضية ثورة جديدة في تعليم العلوم في المدارس),ge,الجودة والموائمة,توفير بيئة تعليمية جاذبة تساعد على التعلم,بيئة تعليمية جاذبة,مختبرات العلوم والحاسوب ومعدات تكنولوجيا المعلومات والاتصالات,نسبة المدارس التي تتمتع بأدوا ت لتسهيل الدروس الإلكترونية (كهرباء، إنترنت، مختبرات كمبيوتر، مختبر علوم، مكتبات مدرسية),percent,100.0,0.0,2025,2025,مركز البحوث والدراسات,done,0.0,0.0,0.0,IQD,one,لايحتاج,
اقامة ندوة بعنوان المختبرات العلمية في المدارس اهميتها وسبل الارتقاء بها),ge,الجودة والموائمة,توفير بيئة تعليمية جاذبة تساعد على التعلم,بيئة تعليمية جاذبة,مختبرات العلوم والحاسوب ومعدات تكنولوجيا المعلومات والاتصالات,نسبة المدارس التي تتمتع بأدوا ت لتسهيل الدروس الإلكترونية (كهرباء، إنترنت، مختبرات كمبيوتر، مختبر علوم، مكتبات مدرسية),percent,100.0,0.0,2024,2024,مركز البحوث والدراسات,done,0.0,0.0,0.0,IQD,one,لايحتاج,
تجهيز مختبرات للمدارس الثانوية ومختبرات للمدارس الابتدائية للعلوم,ge,الجودة والموائمة,توفير بيئة تعليمية جاذبة تساعد على التعلم,بيئة تعليمية جاذبة,مختبرات العلوم والحاسوب ومعدات تكنولوجيا المعلومات والاتصالات,نسبة المدارس التي تتمتع بأدوا ت لتسهيل الدروس الإلكترونية (كهرباء، إنترنت، مختبرات كمبيوتر، مختبر علوم، مكتبات مدرسية),percent,100.0,0.0,2024,2028,قسم التخطيط التربوي + قسم شؤون المناهج والتقنيات التربوية + قسم الاشراف التربوي والاختصاصي,done,,,,IQD,one,ــ,
توفير تقنيات تعليمية واثاث مختبري ( مختبرات العلوم )ادخال التقنيات الحديثة من خلال تجهيز المختبرات العلمية بالشاشات التفاعلية والداتا شو,ge,الجودة والموائمة,توفير بيئة تعليمية جاذبة تساعد على التعلم,بيئة تعليمية جاذبة,مختبرات العلوم والحاسوب ومعدات تكنولوجيا المعلومات والاتصالات,نسبة المدارس التي تتمتع بأدوا ت لتسهيل الدروس الإلكترونية (كهرباء، إنترنت، مختبرات كمبيوتر، مختبر علوم، مكتبات مدرسية),percent,100.0,0.0,2024,2024,وزارة التربية - تربية الكرخ الثانية,done,,,,IQD,one,وزارة التربية,
تجهيز المدارس بسبورة ذكية,ge,الجودة والموائمة,توفير بيئة تعليمية جاذبة تساعد على التعلم,بيئة تعليمية جاذبة,مختبرات العلوم والحاسوب ومعدات تكنولوجيا المعلومات والاتصالات,نسبة المدارس التي تتمتع بأدوا ت لتسهيل الدروس الإلكترونية (كهرباء، إنترنت، مختبرات كمبيوتر، مختبر علوم، مكتبات مدرسية),percent,100.0,0.0,2024,2024,مديرية تربية ذي قار,done,830000000.0,830000000.0,830000000.0,IQD,one,الموازنة الجارية,
تجهيز المختبرات العلمية (كيمياء، فيزياء، علوم حياة) للمدارس الابتدائية والثانوية بـ(الشاشات التفاعلية، الأثاث المختبري، وسائل تعليمية، اشكال هندسية),ge,الجودة والموائمة,توفير بيئة تعليمية جاذبة تساعد على التعلم,بيئة تعليمية جاذبة,مختبرات العلوم والحاسوب ومعدات تكنولوجيا المعلومات والاتصالات,نسبة المدارس التي تتمتع بأدوا ت لتسهيل الدروس الإلكترونية (كهرباء، إنترنت، مختبرات كمبيوتر، مختبر علوم، مكتبات مدرسية),percent,100.0,10.0,2024,2024,تربية بابل,done,189150000.0,,,IQD,one,الموازنة التشغيلية,
صيانة حواسيب المدارس والاقسام والطابعات وأجهزة الاستنساخ من ناحية الهاردوير والسوفتوير,ge,الجودة والموائمة,توفير بيئة تعليمية جاذبة تساعد على التعلم,بيئة تعليمية جاذبة,مختبرات العلوم والحاسوب ومعدات تكنولوجيا المعلومات والاتصالات,نسبة المدارس التي تتمتع بأدوا ت لتسهيل الدروس الإلكترونية (كهرباء، إنترنت، مختبرات كمبيوتر، مختبر علوم، مكتبات مدرسية),percent,100.0,0.0,2025-01-02 00:00:00,2025-12-31 00:00:00,المديرية العامة لتربية النجف الاشرف / قسم التخطيط /شعبة المعلومات والاتصالات,done,,,,IQD,one,ـــ,
1-يقدم الطلب من قبل إدارة المدرسة 2-الموافقة من قبل قسم شؤون المناهج 3-فتح سجلات المختبرات من قبل شعبة التقنيات التربوية 4-تجهيز المدارس بالمواد المختبرية والوسائل التعلمية الحديثة 5- تدقيق ومطابقة السجلات سنويا (سجلات الوسائل التعليمية والمختبرات )- تجهيز( 750) مدرسة من كل سنة من مواد مختبرات .,ge,الجودة والموائمة,توفير بيئة تعليمية جاذبة تساعد على التعلم,بيئة تعليمية جاذبة,مختبرات العلوم والحاسوب ومعدات تكنولوجيا المعلومات والاتصالات,نسبة المدارس التي تتمتع بأدوا ت لتسهيل الدروس الإلكترونية (كهرباء، إنترنت، مختبرات كمبيوتر، مختبر علوم، مكتبات مدرسية),percent,100.0,,15\1\2025,30\12\2025,المديرية العامة لتربية النجف الاشرف / قسم شؤون المناهج والتقنيات التربوية,done,,,,IQD,one,حسابات المديرية العامة لتربية النجف,
1-يقدم الطلب من قبل إدارة المدرسة 2-الموافقة من قبل قسم شؤون المناهج 3-فتح سجلات المختبرات من قبل شعبة التقنيات التربوية 4-تجهيز المدارس بالمواد المختبرية والوسائل التعلمية الحديثة 5- تدقيق ومطابقة السجلات سنويا (سجلات الوسائل التعليمية والمختبرات )- تجهيز( 50) مدرسة من كل سنة من مواد مختبرات .,ge,الجودة والموائمة,توفير بيئة تعليمية جاذبة تساعد على التعلم,بيئة تعليمية جاذبة,مختبرات العلوم والحاسوب ومعدات تكنولوجيا المعلومات والاتصالات,نسبة المدارس التي تتمتع بأدوا ت لتسهيل الدروس الإلكترونية (كهرباء، إنترنت، مختبرات كمبيوتر، مختبر علوم، مكتبات مدرسية),percent,100.0,50.0,2024,2025,المديرية العامة لتربية النجف الاشرف / قسم شؤون المناهج والتقنيات التربوية,done,350000000.0,350000001.0,,IQD,one,الموازنة التشغيلية,
المعرض السنوي لبرمجيات الحاسوب / 1- تحديد موعد إقامة المعرض السنوي للبرمجيات( بين الشهر 3-4 ). 2- تشكيل لجنة من موظفي شعبة مناهج الحاسوب بأمر السيد المدير العام لاستلام الاعمال المشاركة وفحصها 4- تحديد الاعمال المشاركة في المعرض .4- اقامة المعرض السنوي لبرمجيات الحاسوب.,ge,الجودة والموائمة,توفير بيئة تعليمية جاذبة تساعد على التعلم,بيئة تعليمية جاذبة,مختبرات العلوم والحاسوب ومعدات تكنولوجيا المعلومات والاتصالات,نسبة المدارس التي تتمتع بأدوا ت لتسهيل الدروس الإلكترونية (كهرباء، إنترنت، مختبرات كمبيوتر، مختبر علوم، مكتبات مدرسية),percent,100.0,,1\3\2025,30\6\2025,المديرية العامة لتربية النجف الاشرف / قسم شؤون المناهج والتقنيات التربوية,done,,,,IQD,one,ـــ,
"اقامة معرض الوسائل والمبتكرات العلمية السنوي , تحديد موعد إقامة المعرض السنوي ( الشهر 4 ). 2- تشكيل لجنة من موظفي شعبة التقنيات التعليمية بأمر السيد المدير العام لاستلام الاعمال المشاركة وفحصها 4- تحديد الاعمال المشاركة في المعرض .4- اقامة المعرض السنوي عرض الوسائل والمبتكرات التعليمية",ge,الجودة والموائمة,توفير بيئة تعليمية جاذبة تساعد على التعلم,بيئة تعليمية جاذبة,مختبرات العلوم والحاسوب ومعدات تكنولوجيا المعلومات والاتصالات,نسبة المدارس التي تتمتع بأدوا ت لتسهيل الدروس الإلكترونية (كهرباء، إنترنت، مختبرات كمبيوتر، مختبر علوم، مكتبات مدرسية),,1.0,,1\4\2025,15\4\2025,المديرية العامة لتربية النجف الاشرف / قسم شؤون المناهج والتقنيات التربوية,done,,,,IQD,one,ـــ,سينفذ في الفصل الثاني
المختبرات الافتراضية في المدارس الابتدائية والثانوية,ge,الجودة والموائمة,توفير بيئة تعليمية جاذبة تساعد على التعلم,بيئة تعليمية جاذبة,مختبرات العلوم والحاسوب ومعدات تكنولوجيا المعلومات والاتصالات,نسبة المدارس التي تتمتع بأدوا ت لتسهيل الدروس الإلكترونية (كهرباء، إنترنت، مختبرات كمبيوتر، مختبر علوم، مكتبات مدرسية),count,,,2025,2026,تربية بابل,done,,,,IQD,one,الموازنة التشغيلية,
تجهيز( 450) مدرسة من كل سنة من مواد مختبرات .,ge,الجودة والموائمة,توفير بيئة تعليمية جاذبة تساعد على التعلم,بيئة تعليمية جاذبة,مختبرات العلوم والحاسوب ومعدات تكنولوجيا المعلومات والاتصالات,نسبة المدارس التي تتمتع بأدوا ت لتسهيل الدروس الإلكترونية (كهرباء، إنترنت، مختبرات كمبيوتر، مختبر علوم، مكتبات مدرسية),percent,100.0,,2026,2031,المديرية العامة لتربية النجف الاشرف / قسم شؤون المناهج والتقنيات التربوية,stopped,,,,IQD,one,حسابات المديرية العامة لتربية النجف,التنفيذ في الفصل2
تم شمول المدارس بدرس الحاسوب وترفع الطلبات لشمول المدارس بدرس الحاسوب الى وزارة التربية / مناهج لاستحصال الموافقة بالشمول بعد تحقيق الشروط: 1- توفر مختبر الحاسوب 2- توفر كتب منهجية 3- توفر مدرس للمادة 4- توفر حاسبات التي يكون تجهيزها من قبل قسم التخطيط - شعبة المعلومات والاتصالات.,ge,الجودة والموائمة,توفير بيئة تعليمية جاذبة تساعد على التعلم,بيئة تعليمية جاذبة,مختبرات العلوم والحاسوب ومعدات تكنولوجيا المعلومات والاتصالات,نسبة المدارس التي تتمتع بأدوا ت لتسهيل الدروس الإلكترونية (كهرباء، إنترنت، مختبرات كمبيوتر، مختبر علوم، مكتبات مدرسية),percent,100.0,100.0,2024,2024,المديرية العامة لتربية النجف الاشرف / قسم شؤون المناهج والتقنيات التربوية,done,0.0,0.0,0.0,IQD,one,ـــ,
صيانة حواسيب المدارس والاقسام والطابعات وأجهزة الاستنساخ من ناحية الهاردوير والسوفتوير(720),ge,الجودة والموائمة,توفير بيئة تعليمية جاذبة تساعد على التعلم,بيئة تعليمية جاذبة,مختبرات العلوم والحاسوب ومعدات تكنولوجيا المعلومات والاتصالات,نسبة المدارس التي تتمتع بأدوا ت لتسهيل الدروس الإلكترونية (كهرباء، إنترنت، مختبرات كمبيوتر، مختبر علوم، مكتبات مدرسية),percent,100.0,0.0,2026,2031,المديرية العامة لتربية النجف الاشرف / قسم التخطيط /شعبة المعلومات والاتصالات,done,,,,IQD,one,ـــ,
تم اعداد دراسة شاملة ووافية عن وجود مساحات غير مشغولة موجودة في البناية المدرسية والقيام بأعداد مخططات هندسية حول تخصيص المساحات وامكانية بناء قاعات متعددة الاغراض بواقع (22) مدرسة وحسب كتابنا المرقم 305/8/2 في 2024/8/5,ge,الجودة والموائمة,توفير بيئة تعليمية جاذبة تساعد على التعلم,بيئة تعليمية جاذبة,مختبرات العلوم والحاسوب ومعدات تكنولوجيا المعلومات والاتصالات,نسبة المدارس التي تتمتع بأدوا ت لتسهيل الدروس الإلكترونية (كهرباء، إنترنت، مختبرات كمبيوتر، مختبر علوم، مكتبات مدرسية),percent,100.0,0.0,2024,2024,اللجنة المشكلة حسب الامر الاداري المرقم 15665/7/2 في 2024/3/13 - تربية الكرخ الاولى,done,0.0,0.0,0.0,IQD,one,ـــ,
برنامج الوثيقة الالكترونية,ge,الجودة والموائمة,توفير بيئة تعليمية جاذبة تساعد على التعلم,بيئة تعليمية جاذبة,مختبرات العلوم والحاسوب ومعدات تكنولوجيا المعلومات والاتصالات,نسبة المدارس التي تتمتع بأدوا ت لتسهيل الدروس الإلكترونية (كهرباء، إنترنت، مختبرات كمبيوتر، مختبر علوم، مكتبات مدرسية),percent,100.0,10.0,2024,2025,الكلية التربوية المفتوجة,done,,,,IQD,one,ـــ,
اقامة البطولات المدرسية في القاعات والملاعب الرياضية (بطولة كرة قدم ساحات - كرة قدم صالات- كرة السلة- كرة طائرة- كرة اليد - الالعاب قوى- الالعاب المضرب (المنضدة). وكانت هذه البطولة للبنين والبنات لجميع المراحل الدراسية,ge,الجودة والموائمة,توفير بيئة تعليمية جاذبة تساعد على التعلم,بيئة تعليمية جاذبة,القاعات الرياضية والملاعب,نسبة المدارس التي تتمتع بأدوا ت لتسهيل الدروس الإلكترونية (كهرباء، إنترنت، مختبرات كمبيوتر، مختبر علوم، مكتبات مدرسية),percent,100.0,75.0,2024,2024,المديريات العامة للتربية في المحافظات - المديرية العامة للتربية الرياضية,done,,,,IQD,one,موازنة المديريات العامة في تربيات العراق,
تأهيل القاعات الرياضية,ge,الجودة والموائمة,توفير بيئة تعليمية جاذبة تساعد على التعلم,بيئة تعليمية جاذبة,القاعات الرياضية والملاعب,نسبة المدارس التي تتمتع بأدوا ت لتسهيل الدروس الإلكترونية (كهرباء، إنترنت، مختبرات كمبيوتر، مختبر علوم، مكتبات مدرسية),percent,100.0,50.0,2024,2024,وزارة التربية / المديرية العامة للتربية الرياضية والنشاط المدرسي,done,,,,IQD,one,لايحتاج,
تاهيل قاعات,ge,الجودة والموائمة,توفير بيئة تعليمية جاذبة تساعد على التعلم,بيئة تعليمية جاذبة,القاعات الرياضية والملاعب,نسبة المدارس التي تتمتع بأدوا ت لتسهيل الدروس الإلكترونية (كهرباء، إنترنت، مختبرات كمبيوتر، مختبر علوم، مكتبات مدرسية),percent,100.0,0.0,2025,2029,قسم النشاط - تربية كربلاء,delayed,,,,IQD,one,ــ,يبدأ تنفيذ المشروع سنة 2025
بناء قاعات رياضية متعددة الاغراض,ge,الجودة والموائمة,توفير بيئة تعليمية جاذبة تساعد على التعلم,بيئة تعليمية جاذبة,القاعات الرياضية والملاعب,نسبة المدارس التي تتمتع بأدوا ت لتسهيل الدروس الإلكترونية (كهرباء، إنترنت، مختبرات كمبيوتر، مختبر علوم، مكتبات مدرسية),percent,100.0,0.0,2025,2031,ديوان محافظة ذي قار,stopped,,,,IQD,one,الموازنة الاستثمارية,
بناء قاعات وملاعب رياضية في الاقضية,ge,الجودة والموائمة,توفير بيئة تعليمية جاذبة تساعد على التعلم,بيئة تعليمية جاذبة,القاعات الرياضية والملاعب,نسبة المدارس التي تتمتع بأدوا ت لتسهيل الدروس الإلكترونية (كهرباء، إنترنت، مختبرات كمبيوتر، مختبر علوم، مكتبات مدرسية),percent,100.0,0.0,2025,2031,محافظة البصرة - تربية البصرة,delayed,,,,IQD,one,تنمية الأقاليم,
انشاء وتأهيل ملاعب وقاعات رياضية,ge,الجودة والموائمة,توفير بيئة تعليمية جاذبة تساعد على التعلم,بيئة تعليمية جاذبة,القاعات الرياضية والملاعب,نسبة المدارس التي تتمتع بأدوا ت لتسهيل الدروس الإلكترونية (كهرباء، إنترنت، مختبرات كمبيوتر، مختبر علوم، مكتبات مدرسية),percent,100.0,50.0,2024,2024,شعبة الأبنية المدرسية - تربية نينوى,delayed,,,,IQD,one,تشغيلية,
تم اعداد دراسة عن وجود قطع اراضي التابعة لمديريتنا واجراء الكشوفات الهندسية والتصاصميم الهندسية لغرض تخصيصها لانشاء ملاعب رياضية بواقع (3) مدارس وكذللك دراسة عن وجود مساحات غير مشغولة في البناية المدرسية واجراء الكشوفات والتصاميم الهندسية حول امكانية انشاء ساحات رياضية بواقع (4) مدارس وفي حالة الانتهاء من ذلك سوف ترفع القطع الاراضي والمساحات ضمن خطة الاستراتيجية الوطنية لعام 2025 ضمن الموازنة الاستثمارية وحسب كتابنا المرقم 305/8/2 في 2024/8/5,ge,الجودة والموائمة,توفير بيئة تعليمية جاذبة تساعد على التعلم,بيئة تعليمية جاذبة,القاعات الرياضية والملاعب,نسبة المدارس التي تتمتع بأدوا ت لتسهيل الدروس الإلكترونية (كهرباء، إنترنت، مختبرات كمبيوتر، مختبر علوم، مكتبات مدرسية),percent,100.0,0.0,2024,2024,قسم النشاط الرياضي +شعبة الابنية,done,0.0,0.0,0.0,IQD,one,ـــ,
إقامة البطولات لكافة المراحل,ge,الجودة والموائمة,توفير بيئة تعليمية جاذبة تساعد على التعلم,بيئة تعليمية جاذبة,القاعات الرياضية والملاعب,نسبة المدارس التي تتمتع بأدوا ت لتسهيل الدروس الإلكترونية (كهرباء، إنترنت، مختبرات كمبيوتر، مختبر علوم، مكتبات مدرسية),percent,100.0,40.0,2024,2024,تربية بابل,done,,,,IQD,one,ـــ,
شراء الكتب وتجهيز مكتبات المدارس حسب الحاجة,ge,الجودة والموائمة,توفير بيئة تعليمية جاذبة تساعد على التعلم,بيئة تعليمية جاذبة,المكتبات المدرسية,نسبة المدارس التي تتمتع بأدوا ت لتسهيل الدروس الإلكترونية (كهرباء، إنترنت، مختبرات كمبيوتر، مختبر علوم، مكتبات مدرسية),percent,100.0,0.0,2024,2031,تربية البصرة,delayed,,,,IQD,one,وزارة التربية,
شراء الكتب التعليمية ومتابعة توزيعها وتفعيلها,ge,الجودة والموائمة,توفير بيئة تعليمية جاذبة تساعد على التعلم,بيئة تعليمية جاذبة,المكتبات المدرسية,نسبة المدارس التي تتمتع بأدوا ت لتسهيل الدروس الإلكترونية (كهرباء، إنترنت، مختبرات كمبيوتر، مختبر علوم، مكتبات مدرسية),percent,100.0,5.0,2024,2031,قسم شؤون المناهج والتقنيات التربوية,delayed,2400000.0,2400000.0,1800000.0,IQD,one,موازنة تشغيلية,عدم توفير التخصيص المالي
تجهيز المكتبات المدرسية بالكتب الساندة والاثاث المكتبي واعداد احصائية بعدد المدارس التي تحتوي على مكتبات,ge,الجودة والموائمة,توفير بيئة تعليمية جاذبة تساعد على التعلم,بيئة تعليمية جاذبة,المكتبات المدرسية,نسبة المدارس التي تتمتع بأدوا ت لتسهيل الدروس الإلكترونية (كهرباء، إنترنت، مختبرات كمبيوتر، مختبر علوم، مكتبات مدرسية),percent,100.0,75.0,2024,2024,المديرية العامة لتربية الكرخ الثالثة / قسم شؤون المناهج والتقنيات التربوية,done,,,,IQD,one,لايحتاج,
التنسيق مع قسم الشؤون المالية لغرض اطلاق التخصيصات المالية وشراء كتب جديدة,ge,الجودة والموائمة,توفير بيئة تعليمية جاذبة تساعد على التعلم,بيئة تعليمية جاذبة,المكتبات المدرسية,نسبة المدارس التي تتمتع بأدوا ت لتسهيل الدروس الإلكترونية (كهرباء، إنترنت، مختبرات كمبيوتر، مختبر علوم، مكتبات مدرسية),percent,100.0,0.0,2025,2031,تربية القادسية,done,,,,IQD,one,وزارة التربية,
فتح مكتبات وشراء الكتب الاثرائية,ge,الجودة والموائمة,توفير بيئة تعليمية جاذبة تساعد على التعلم,بيئة تعليمية جاذبة,المكتبات المدرسية,نسبة المدارس التي تتمتع بأدوا ت لتسهيل الدروس الإلكترونية (كهرباء، إنترنت، مختبرات كمبيوتر، مختبر علوم، مكتبات مدرسية),percent,100.0,0.0,2024,2028,قسم شؤون المناهج والتقنيات التربوية + قسم الاشراف التربوي والاختصاي,done,,,,IQD,one,ـــ,
تنفيذ مبادرة دولة رئيس الوزراء لاحياء الحدائق المدرسية,ge,الجودة والموائمة,توفير بيئة تعليمية جاذبة تساعد على التعلم,بيئة تعليمية جاذبة,المكتبات المدرسية,نسبة المدارس التي تتمتع بأدوا ت لتسهيل الدروس الإلكترونية (كهرباء، إنترنت، مختبرات كمبيوتر، مختبر علوم، مكتبات مدرسية),percent,100.0,60.0,2024,2024,قسم النشاط الرياضي,done,0.0,0.0,0.0,IQD,one,ـــ,
بناء مكتبات مدرسية وتجهيزها,ge,الجودة والموائمة,توفير بيئة تعليمية جاذبة تساعد على التعلم,بيئة تعليمية جاذبة,المكتبات المدرسية,نسبة المدارس التي تتمتع بأدوا ت لتسهيل الدروس الإلكترونية (كهرباء، إنترنت، مختبرات كمبيوتر، مختبر علوم، مكتبات مدرسية),percent,100.0,0.0,2025,2031,ديوان محافظة ذي قار,stopped,,,,IQD,one,الموازنة الاستثمارية,
تجهيزمكتبات المدارس بالكتب,ge,الجودة والموائمة,توفير بيئة تعليمية جاذبة تساعد على التعلم,بيئة تعليمية جاذبة,المكتبات المدرسية,نسبة المدارس التي تتمتع بأدوا ت لتسهيل الدروس الإلكترونية (كهرباء، إنترنت، مختبرات كمبيوتر، مختبر علوم، مكتبات مدرسية),percent,100.0,0.0,2024,2024,قسم المناهج والتقنيات التربوي,done,,,,IQD,one,موازنة المديرية لترية الانبار,
تاهيل المكتبة المركزية في مركز الكرخ الدراسي ورفدها بالكتب المتنوعة,ge,الجودة والموائمة,توفير بيئة تعليمية جاذبة تساعد على التعلم,بيئة تعليمية جاذبة,المكتبات المدرسية,نسبة المدارس التي تتمتع بأدوا ت لتسهيل الدروس الإلكترونية (كهرباء، إنترنت، مختبرات كمبيوتر، مختبر علوم، مكتبات مدرسية),percent,100.0,0.0,2024,2025,مركز الكرخ الدراسي,done,,,,IQD,one,ــ,
تجهيز دولاب مزجج,ge,الجودة والموائمة,توفير بيئة تعليمية جاذبة تساعد على التعلم,بيئة تعليمية جاذبة,المكتبات المدرسية,نسبة المدارس التي تتمتع بأدوا ت لتسهيل الدروس الإلكترونية (كهرباء، إنترنت، مختبرات كمبيوتر، مختبر علوم، مكتبات مدرسية),percent,100.0,25.0,2023,2024,تربية بابل,done,21550000.0,,,IQD,one,الموازنة التشغيلية,
شراء وتجهيز كتب مخصصة للمكتبات المدرسية بعدد (24) مدرسة من مجموع 30 مدرسة,ge,الجودة والموائمة,توفير بيئة تعليمية جاذبة تساعد على التعلم,بيئة تعليمية جاذبة,المكتبات المدرسية,نسبة المدارس التي تتمتع بأدوا ت لتسهيل الدروس الإلكترونية (كهرباء، إنترنت، مختبرات كمبيوتر، مختبر علوم، مكتبات مدرسية),percent,100.0,67.0,2024,2024,قسم التقنيات والمكتبات التربوية شعبة المكتبات المدرسية - تربية ميسان,done,,100.0,79.0,IQD,one,الموازنة التشغلية,
تجليد سجلات المديرية والاقسام الفرعية والمدارس كافة,ge,الجودة والموائمة,توفير بيئة تعليمية جاذبة تساعد على التعلم,بيئة تعليمية جاذبة,المكتبات المدرسية,نسبة المدارس التي تتمتع بأدوا ت لتسهيل الدروس الإلكترونية (كهرباء، إنترنت، مختبرات كمبيوتر، مختبر علوم، مكتبات مدرسية),percent,100.0,75.0,2023,2024,تربية بابل,done,,,,IQD,one,الموازنة التشغيلية,
"مشروع جديد سيتم تنفيذه في النصف الثاني من هذه السنة, وهو تزويد المكتبات المدرسية بكتيب يضم: 1-قانون انضباط موظفي الدولة والقطاع العام رقم 14 لسنة 1991 المعدل , قانون الخدمة المدنية رقم 24 لسنة 1960 المعدل , لائحة السلوك الوظيفي رقم (1) لسنة 2016 والتعديل الاول منها .",ge,الجودة والموائمة,توفير بيئة تعليمية جاذبة تساعد على التعلم,بيئة تعليمية جاذبة,المكتبات المدرسية,نسبة المدارس التي تتمتع بأدوا ت لتسهيل الدروس الإلكترونية (كهرباء، إنترنت، مختبرات كمبيوتر، مختبر علوم، مكتبات مدرسية),percent,100.0,0.0,2024,2024,المديرية العامة لتربية النجف الاشرف / الشعبة القانونية,done,0.0,0.0,0.0,IQD,one,,
اعداد دراسة عن الحاجة الفعلية من تشييد مكتبات مدرسية من خلال وجود مساحات غير مشغولة في البناية المدرسية واجراء الكشوفات والتصاميم الهندسية وتخصيصها لتكون مكتبة مدرسية وسوف تكون من ضمن الخطة الاستراتيجية الوطنية لعام 2025 ضمن الموازنة الاستثمارية وحسب كتابنا المرقم 305/8/2 في 2024/8/5,ge,الجودة والموائمة,توفير بيئة تعليمية جاذبة تساعد على التعلم,بيئة تعليمية جاذبة,المكتبات المدرسية,نسبة المدارس التي تتمتع بأدوا ت لتسهيل الدروس الإلكترونية (كهرباء، إنترنت، مختبرات كمبيوتر، مختبر علوم، مكتبات مدرسية),percent,100.0,75.0,2024,2024,قسم شؤون المناهج والتقنيات التربوية +شعبة الابنية,done,0.0,0.0,0.0,IQD,one,\,
تنفيذ مبادرة دولة رئيس الوزراء لاحياء الحدائق المدرسية,ge,الجودة والموائمة,توفير بيئة تعليمية جاذبة تساعد على التعلم,بيئة تعليمية جاذبة,الحدائق المدرسية,نسبة المدارس التي تتمتع بأدوا ت لتسهيل الدروس الإلكترونية (كهرباء، إنترنت، مختبرات كمبيوتر، مختبر علوم، مكتبات مدرسية),percent,100.0,86.0,2024,2024,قسم النشاط الرياضي والكشفي,done,,,,IQD,one,لايوجد,
فعالية الأسبوع الأخضر التربوي وتشجيع المدارس على إقامة حملات تشجير (6 مساباقات),ge,الجودة والموائمة,توفير بيئة تعليمية جاذبة تساعد على التعلم,بيئة تعليمية جاذبة,الحدائق المدرسية,حدائق خضراء وهواء نقي,percent,100.0,,2026,2031,دوائر البيئة والزراعة والبلدية بالتعاون مع المديرية العامة لتربية النجف الأشرف,done,,,,IQD,one,ـــ,منجز 2026
مسابقة اجمل حديقة مدرسية في العراق (6 مساباقات),ge,الجودة والموائمة,توفير بيئة تعليمية جاذبة تساعد على التعلم,بيئة تعليمية جاذبة,الحدائق المدرسية,حدائق خضراء وهواء نقي,percent,100.0,,2026,2031,دوائر البيئة والزراعة بالتعاون مع المديرية العامة لتربية النجف الأشرف,done,,,,IQD,one,ـــ,منجز 2026
زراعة الشتلات والنباتات دائمة الخضرة (6000 شتلة) مع إقامة حملات توعوية حول ادامة الحدائق المدرسية والحفاظ عليها,ge,الجودة والموائمة,توفير بيئة تعليمية جاذبة تساعد على التعلم,بيئة تعليمية جاذبة,الحدائق المدرسية,حدائق خضراء وهواء نقي,percent,100.0,0.0,2026,2031,دوائر البيئة والزراعة والبلدية بالتعاون مع المديرية العام لتربية النجف الأشرف,done,,,,IQD,one,,منجز 2026
انشاء وتاهيل وتطوير حدائق المدرسية,ge,الجودة والموائمة,توفير بيئة تعليمية جاذبة تساعد على التعلم,بيئة تعليمية جاذبة,الحدائق المدرسية,نسبة المدارس التي تتمتع بأدوا ت لتسهيل الدروس الإلكترونية (كهرباء، إنترنت، مختبرات كمبيوتر، مختبر علوم، مكتبات مدرسية),percent,100.0,6.0,2024,2031,قسم النشاط الرياضي والكشفي,done,4000000.0,4000000.0,3000000.0,IQD,one,موازنة تشغيلية,
متابعة الحديقة المدرسية وتأهيلها حسب الموازنة التشغيلية والمشاركة في المهرجانات البيئية ومكافحة التصحر,ge,الجودة والموائمة,توفير بيئة تعليمية جاذبة تساعد على التعلم,بيئة تعليمية جاذبة,الحدائق المدرسية,نسبة المدارس التي تتمتع بأدوا ت لتسهيل الدروس الإلكترونية (كهرباء، إنترنت، مختبرات كمبيوتر، مختبر علوم، مكتبات مدرسية),percent,100.0,75.0,2024,2024,وزارة التربية/ المديرية العامة للتربية الرياضية والنشاط المدرسي,done,0.0,0.0,0.0,IQD,one,لايحتاج,
تنفيذ حملة رئاسة الوزراء لزراعة مليون شجرة ونخلة في العراق مشروع (حملات التشجير ),ge,الجودة والموائمة,توفير بيئة تعليمية جاذبة تساعد على التعلم,بيئة تعليمية جاذبة,الحدائق المدرسية,نسبة المدارس التي تتمتع بأدوا ت لتسهيل الدروس الإلكترونية (كهرباء، إنترنت، مختبرات كمبيوتر، مختبر علوم، مكتبات مدرسية),percent,100.0,75.0,2024,2024,وزارة التربية/ المديرية العامة للتربية الرياضية والنشاط المدرسي,done,0.0,0.0,0.0,IQD,one,لايحتاج,
تنفيذ حملة رئاسة الوزراء لزراعة مليون شجرة ونخلة في العراق مشروع (حملات التشجير )/ متابعة الحديقة المدرسية وتأهيلها حسب الموازنة التشغيلية والمشاركة في المهرجانات البيئية ومكافحة التصحر,ge,الجودة والموائمة,توفير بيئة تعليمية جاذبة تساعد على التعلم,بيئة تعليمية جاذبة,الحدائق المدرسية,نسبة المدارس التي تتمتع بأدوا ت لتسهيل الدروس الإلكترونية (كهرباء، إنترنت، مختبرات كمبيوتر، مختبر علوم، مكتبات مدرسية),percent,100.0,0.0,2026,2026,وزارة التربية/ المديرية العامة للتربية الرياضية والنشاط المدرسي,done,,,,IQD,one,لا يحتاج,
العمل بمبادرة السيد الرئيس الوزراء بخصوص الحدائق,ge,الجودة والموائمة,توفير بيئة تعليمية جاذبة تساعد على التعلم,بيئة تعليمية جاذبة,الحدائق المدرسية,توفير بيئة تعليمية جاذبة تساعد على التعلم,percent,100.0,70.0,2024,2024,قسم النشاط الرياضي,done,,,,IQD,one,,
تاهيل حدائق مدرسية,ge,الجودة والموائمة,توفير بيئة تعليمية جاذبة تساعد على التعلم,بيئة تعليمية جاذبة,الحدائق المدرسية,نسبة المدارس التي تتمتع بأدوا ت لتسهيل الدروس الإلكترونية (كهرباء، إنترنت، مختبرات كمبيوتر، مختبر علوم، مكتبات مدرسية),percent,100.0,44.0,2024,2025,شعبة البيئة والصحة المدرسية /قسم النشاط المدرسي,done,,,,IQD,one,,
تاهيل حدائق مدرسية عدد (10),ge,الجودة والموائمة,توفير بيئة تعليمية جاذبة تساعد على التعلم,بيئة تعليمية جاذبة,الحدائق المدرسية,نسبة المدارس التي تتمتع بأدوا ت لتسهيل الدروس الإلكترونية (كهرباء، إنترنت، مختبرات كمبيوتر، مختبر علوم، مكتبات مدرسية),percent,100.0,0.0,2024,2025,شعبة البيئة والصحة المدرسية /قسم النشاط المدرسي,done,,,,IQD,one,,
تجهيز الابنية المدرسية بشتلات,ge,الجودة والموائمة,توفير بيئة تعليمية جاذبة تساعد على التعلم,بيئة تعليمية جاذبة,الحدائق المدرسية,نسبة المدارس التي تتمتع بأدوا ت لتسهيل الدروس الإلكترونية (كهرباء، إنترنت، مختبرات كمبيوتر، مختبر علوم، مكتبات مدرسية),percent,100.0,67.0,2024,2025,ديوان محافظة ذي قار,done,0.0,0.0,0.0,IQD,one,0,
زراعة الحدائق المدرسية بالاشجار والثيل,ge,الجودة والموائمة,توفير بيئة تعليمية جاذبة تساعد على التعلم,بيئة تعليمية جاذبة,الحدائق المدرسية,نسبة المدارس التي تتمتع بأدوا ت لتسهيل الدروس الإلكترونية (كهرباء، إنترنت، مختبرات كمبيوتر، مختبر علوم، مكتبات مدرسية),percent,100.0,0.0,2024,2025,مديرية تربية الانبار,done,0.0,0.0,0.0,IQD,one,بلدية الانبار,
زراعة وتاهيل عدد من حدائق المراكز الدراسية,ge,الجودة والموائمة,توفير بيئة تعليمية جاذبة تساعد على التعلم,بيئة تعليمية جاذبة,الحدائق المدرسية,نسبة المدارس التي تتمتع بأدوا ت لتسهيل الدروس الإلكترونية (كهرباء، إنترنت، مختبرات كمبيوتر، مختبر علوم، مكتبات مدرسية),percent,100.0,0.0,2024,2025,عدد من المراكز الدراسية - الكلية التربوية المفتوحة,done,0.0,0.0,0.0,IQD,one,,
كل سنة 100 مدرسة,ge,الجودة والموائمة,توفير بيئة تعليمية جاذبة تساعد على التعلم,بيئة تعليمية جاذبة,الحدائق المدرسية,نسبة المدارس التي تتمتع بأدوا ت لتسهيل الدروس الإلكترونية (كهرباء، إنترنت، مختبرات كمبيوتر، مختبر علوم، مكتبات مدرسية),percent,100.0,0.0,2024,2031,قسم النشاط الرياضي شعبة الحدئق المدرسية,done,0.0,0.0,0.0,IQD,one,محافظة ميسان,
فالتأكيد على إدارات المدارس كافة بصيانة الحدائق المدرسية وتهيئة أجواء تربوية مناسبة للتلاميذ والطلبة مع اعداد مسابقات بأجمل حديقة مدرسية ومكافئة المدارس المتميزة مع زراعة وتاهيل 72 حديقة مدرسية في عموم المحافظة,ge,الجودة والموائمة,توفير بيئة تعليمية جاذبة تساعد على التعلم,بيئة تعليمية جاذبة,الحدائق المدرسية,نسبة المدارس التي تتمتع بأدوا ت لتسهيل الدروس الإلكترونية (كهرباء، إنترنت، مختبرات كمبيوتر، مختبر علوم، مكتبات مدرسية),percent,100.0,1.0,2024,2028,قسم النشاط الرياضي والمدرسي + قسم الاشراف الاختصاصي والتربوي,delayed,0.0,0.0,0.0,IQD,one,,
تجهيز الحدائق المدرسية بشتلات زراعية ومتابعة واختيار اجمل 5 حدائق,ge,الجودة والموائمة,توفير بيئة تعليمية جاذبة تساعد على التعلم,بيئة تعليمية جاذبة,الحدائق المدرسية,نسبة المدارس التي تتمتع بأدوا ت لتسهيل الدروس الإلكترونية (كهرباء، إنترنت، مختبرات كمبيوتر، مختبر علوم، مكتبات مدرسية),percent,100.0,0.0,2024,2024,المديرية العامة لتربية القادسية,done,5000000.0,5000000.0,5000000.0,IQD,one,ميزانية المديرية العامة لتربية القادسية,
المشاركة في المسابقة القطرية لاجمل حديقة مدرسية ب 5 مدارس من مركز المحافظة والاقضية,ge,الجودة والموائمة,توفير بيئة تعليمية جاذبة تساعد على التعلم,بيئة تعليمية جاذبة,الحدائق المدرسية,نسبة المدارس التي تتمتع بأدوا ت لتسهيل الدروس الإلكترونية (كهرباء، إنترنت، مختبرات كمبيوتر، مختبر علوم، مكتبات مدرسية),percent,100.0,100.0,2024,2024,قسم النشاط الرياضي والكشفي,done,,,,IQD,one,لايوجد,
5500 شتلة تم استلامها وتوزيعها للمدارس وتم زراعتها في 200 مدرسة,ge,الجودة والموائمة,توفير بيئة تعليمية جاذبة تساعد على التعلم,بيئة تعليمية جاذبة,الحدائق المدرسية,نسبة المدارس التي تتمتع بأدوا ت لتسهيل الدروس الإلكترونية (كهرباء، إنترنت، مختبرات كمبيوتر، مختبر علوم، مكتبات مدرسية),percent,100.0,100.0,2024,2024,دوائر البيئة والزراعة والبلدية بالتعاون مع المديرية العام لتربية النجف الأشرف,done,0.0,0.0,0.0,IQD,one,,
مشروع تشجير 2000 حديقة مدرسية في محافظة بابل,ge,الجودة والموائمة,توفير بيئة تعليمية جاذبة تساعد على التعلم,بيئة تعليمية جاذبة,الحدائق المدرسية,عدد المدارس التي نفذ فيها التشجير,count,1.0,,2025,2026,تربية بابل,done,,,,IQD,one,المشاركة المجتمعية,
زراعة الشتلات والنباتات دائمة الخضرة (7000 شتلة) مع إقامة حملات توعوية حول ادامة الحدائق المدرسية والحفاظ عليها,ge,الجودة والموائمة,توفير بيئة تعليمية جاذبة تساعد على التعلم,بيئة تعليمية جاذبة,الحدائق المدرسية,حدائق خضراء وهواء نقي,percent,100.0,0.0,2026,2031,دوائر البيئة والزراعة والبلدية بالتعاون مع المديرية العام لتربية النجف الأشرف,done,,,,IQD,one,,
2500 شتلة تم استلامها وتوزيعها للمدارس وتم زراعتها في 50 مدرسة,ge,الجودة والموائمة,توفير بيئة تعليمية جاذبة تساعد على التعلم,بيئة تعليمية جاذبة,الحدائق المدرسية,نسبة المدارس التي تتمتع بأدوا ت لتسهيل الدروس الإلكترونية (كهرباء، إنترنت، مختبرات كمبيوتر، مختبر علوم، مكتبات مدرسية),percent,100.0,,العام الدراسي 2024-2025,العام الدراسي 2024-2025,دوائر البيئة والزراعة والبلدية بالتعاون مع المديرية العامة لتربية النجف الأشرف,done,,,,IQD,one,ـــ,
مسابقة اجمل حديقة مدرسية في العراق,ge,الجودة والموائمة,توفير بيئة تعليمية جاذبة تساعد على التعلم,بيئة تعليمية جاذبة,الحدائق المدرسية,نسبة المدارس التي تتمتع بأدوا ت لتسهيل الدروس الإلكترونية (كهرباء، إنترنت، مختبرات كمبيوتر، مختبر علوم، مكتبات مدرسية),percent,100.0,,العام الدراسي 2024-2025,العام الدراسي 2024-2025,دوائر البيئة والزراعة بالتعاون مع المديرية العامة لتربية النجف الأشرف,done,,,,IQD,one,ـــ,
تشجير غابات الموصل الجنوبية شارك في عمليات التشجير شعبة التربية الكشفية وشعبة التربية البيئية والصحة المدرسية ومدارس عدد 16 مدرسة,ge,الجودة والموائمة,توفير بيئة تعليمية جاذبة تساعد على التعلم,بيئة تعليمية جاذبة,الحدائق المدرسية,تطوير البيئة المحلية واضفاء مظهر حضاري وجمالي في محافظة نينوى,,1.0,,2026,2026,قسم النشاط الرياضي والكشفي,done,,,,IQD,one,,
تم اقامة مبادرة احياء الحدائق المدرسية ضمن حملة ال (5مليون) شجرة ونخله وحملة كلنا نزرع في المدراس ضمن توزيع (1000) شتلة زيتون ونارنج على المدارس ضمن مبادرة احياء الحدائق المدرسيةاما بخصوص تاهيل الحدائق يتم من قبل ادارة المدرسة واولياء الامور,ge,الجودة والموائمة,توفير بيئة تعليمية جاذبة تساعد على التعلم,بيئة تعليمية جاذبة,الحدائق المدرسية,نسبة المدارس التي تتمتع بأدوا ت لتسهيل الدروس الإلكترونية (كهرباء، إنترنت، مختبرات كمبيوتر، مختبر علوم، مكتبات مدرسية),percent,100.0,80.0,2024,2024,قسم النشاط الرياضي ادارات المدارس بالتعاون مع مجالس الاباء,done,0.0,0.0,0.0,IQD,one,ادارة المدرسة و اولياء امور الطلبة,
تجهيز الحدائق المدرسية بشتلات زراعية ومتابعة واختيار اجمل 5 حدائق,ge,الجودة والموائمة,توفير بيئة تعليمية جاذبة تساعد على التعلم,بيئة تعليمية جاذبة,الحدائق المدرسية,نسبة المدارس التي تتمتع بأدوا ت لتسهيل الدروس الإلكترونية (كهرباء، إنترنت، مختبرات كمبيوتر، مختبر علوم، مكتبات مدرسية),percent,100.0,6.5,2024,2031,تربية البصرة,done,0.0,0.0,0.0,IQD,one,,
تنفيذ مبادرة دولة رئيس الوزراء لاحياء الحدائق المدرسية,ge,الجودة والموائمة,توفير بيئة تعليمية جاذبة تساعد على التعلم,بيئة تعليمية جاذبة,الحدائق المدرسية,نسبة المدارس التي تتمتع بأدوا ت لتسهيل الدروس الإلكترونية (كهرباء، إنترنت، مختبرات كمبيوتر، مختبر علوم، مكتبات مدرسية),percent,100.0,,2025,2025,قسم النشاط الرياضي والكشفي,done,,,,IQD,one,لايوجد,
المشاركة في المسابقة القطرية لاجمل حديقة مدرسية ب 5 مدارس من مركز المحافظة والاقضية,ge,الجودة والموائمة,توفير بيئة تعليمية جاذبة تساعد على التعلم,بيئة تعليمية جاذبة,الحدائق المدرسية,نسبة المدارس التي تتمتع بأدوا ت لتسهيل الدروس الإلكترونية (كهرباء، إنترنت، مختبرات كمبيوتر، مختبر علوم، مكتبات مدرسية),percent,100.0,,2025,2025,قسم النشاط الرياضي والكشفي,done,,,,IQD,one,لايوجد,
العمل بمبادرة السيد رئيس الوزراء بخصوص التشجير,ge,الجودة والموائمة,توفير بيئة تعليمية جاذبة تساعد على التعلم,بيئة تعليمية جاذبة,الحدائق المدرسية,نسبة المدارس التي تتمتع بأدوا ت لتسهيل الدروس الإلكترونية (كهرباء، إنترنت، مختبرات كمبيوتر، مختبر علوم، مكتبات مدرسية),percent,100.0,,2025,2025,,done,,,,IQD,one,,
احياء الحدائق المدرسية,ge,الجودة والموائمة,توفير بيئة تعليمية جاذبة تساعد على التعلم,بيئة تعليمية جاذبة,الحدائق المدرسية,نسبة المدارس التي تتمتع بأدوا ت لتسهيل الدروس الإلكترونية (كهرباء، إنترنت، مختبرات كمبيوتر، مختبر علوم، مكتبات مدرسية),percent,100.0,17.0,2024,2024,المديريات العامة للتربية في المحافظات - المديرية العامة للتربية الرياضية,done,0.0,0.0,0.0,IQD,one,موازنة وزارة التربية,
دراسة مقارنة بين كتابي العلوم للصف الرابع الابتدائي في كل من العراق ومملكة البحرين.,ge,الجودة والموائمة,تطوير مناهج وأساليب التقويم وتحديث تخصصات التعليم الاعدادي والتدريب المهني,المناهج والتقييم,تحديث تخصصات التعليم المهني التحضيرية،وتطوير المناهج الدراسية، وتدريب المعلمين والمشرفين(تتداخل مع التعليم والتدريب التقني والمهني),مناهج قائمة على المعايير في جميع صفوف التعليم العام ودمج المهارات والقدرات المستهدفة في الهدف الرابع من أهداف التنمية المستدامة بما في ذلك أسلوب الحياة المستدام، وحقوق الإنسان، والمساواة بين الجنسين، وتعزيز ثقافة السلام واللاعنف، والمواطنة العالمية، وقبول التنوع الثقافي.,percent,100.0,30.0,2024,2024,مكتب الوزير - قسم تطوير التعليم,done,0.0,0.0,0.0,IQD,one,ــ,
مشروع تقويم وثائق النهج :أ- وثيقة منهاج العلوم وتطويرها للمرحلة الابتدائية الصفوف من ( 1 – 6 ). ب- وثيقة مناهج الحاسوب للمرحلة المتوسطة .,ge,الجودة والموائمة,تطوير مناهج وأساليب التقويم وتحديث تخصصات التعليم الاعدادي والتدريب المهني,المناهج والتقييم,تحديث تخصصات التعليم المهني التحضيرية،وتطوير المناهج الدراسية، وتدريب المعلمين والمشرفين(تتداخل مع التعليم والتدريب التقني والمهني),مناهج قائمة على المعايير في جميع صفوف التعليم العام ودمج المهارات والقدرات المستهدفة في الهدف الرابع من أهداف التنمية المستدامة بما في ذلك أسلوب الحياة المستدام، وحقوق الإنسان، والمساواة بين الجنسين، وتعزيز ثقافة السلام واللاعنف، والمواطنة العالمية، وقبول التنوع الثقافي.,percent,100.0,50.0,2024,2024,مكتب الوزير - قسم تطوير التعليم,done,0.0,0.0,0.0,IQD,one,ــ,
مشروع تقويم المناهج العراقية ( 9 كتاب ): 1-(تقويم تمرينات لكتاب اللغة العربية للصف الأول المتوسط في ضوء تصنيف بلوم لمستويات المجال المعرفي) 2-(تقويم وتطوير كتاب الكيمياء للصف الثالث متوسط ( باللغة الإنكليزية ) المعتمدة في مدارس المتميزين) 3- (تقويم وتطوير كتاب علم الكيمياء للصف الأول المتوسط) 4-(تقويم وتطوير كتاب علم الاحياء للصف الثالث متوسط ( باللغة الإنكليزية ) المعتمدة في مدارس المتميزين) 5- (قويم وتطوير كتاب علوم الفيزياء للصف الثاني متوسط ( باللغة الإنكليزية ) المعتمدة في مدارس المتميزين) 6- (تقويم وتطوير كتاب الرياضيات للصف الثاني متوسط ( باللغة الإنكليزية ) المعتمدة في مدارس المتميزين) 7- (تقويم وتطوير كتاب الرياضيات للصف الخامس الاعدادي الفرع الادبي) 8- (تقويم كتاب اللغة الإنكليزية وتطويره للصف السادس الاعدادي) 9- (تقويم كتاب اللغة الإنكليزية وتطويره للصف الأول متوسط).,ge,الجودة والموائمة,تطوير مناهج وأساليب التقويم وتحديث تخصصات التعليم الاعدادي والتدريب المهني,المناهج والتقييم,تحديث تخصصات التعليم المهني التحضيرية،وتطوير المناهج الدراسية، وتدريب المعلمين والمشرفين(تتداخل مع التعليم والتدريب التقني والمهني),مناهج قائمة على المعايير في جميع صفوف التعليم العام ودمج المهارات والقدرات المستهدفة في الهدف الرابع من أهداف التنمية المستدامة بما في ذلك أسلوب الحياة المستدام، وحقوق الإنسان، والمساواة بين الجنسين، وتعزيز ثقافة السلام واللاعنف، والمواطنة العالمية، وقبول التنوع الثقافي.,percent,100.0,45.0,2024,2024,مكتب الوزير - قسم تطوير التعليم,done,0.0,0.0,0.0,IQD,one,,
• إعداد تقارير شاملة لتقويم وتطوير الكتب المدرسية باللغة الإنجليزية المعتمدة في مدارس المتميزين، وشملت: • كتاب علم الفيزياء المنهجي للصف الثالث المتوسط • كتاب علم الأحياء المنهجي للصف الثالث المتوسط. • كتاب الرياضيات المنهجي للصف الثاني المتوسط. • كتاب الكيمياء المنهجي للصف الثالث المتوسط. • كتاب علم الفيزياء المنهجي للصف الثاني المتوسط.,ge,الجودة والموائمة,تطوير مناهج وأساليب التقويم وتحديث تخصصات التعليم الاعدادي والتدريب المهني,المناهج والتقييم,تحديث تخصصات التعليم المهني التحضيرية،وتطوير المناهج الدراسية، وتدريب المعلمين والمشرفين(تتداخل مع التعليم والتدريب التقني والمهني),مناهج قائمة على المعايير في جميع صفوف التعليم العام ودمج المهارات والقدرات المستهدفة في الهدف الرابع من أهداف التنمية المستدامة بما في ذلك أسلوب الحياة المستدام، وحقوق الإنسان، والمساواة بين الجنسين، وتعزيز ثقافة السلام واللاعنف، والمواطنة العالمية، وقبول التنوع الثقافي.,percent,100.0,0.0,2025,2025,مكتب الوزير - قسم تطوير التعليم,done,0.0,0.0,0.0,IQD,one,,
نفذ القسم مجموعة من الأنشطة النوعية، شملت ما يلي: • اعداد تقرير عن تقويم تمرينات كتاب اللغة العربية للصف الاول متوسط في ضوء تصنيف بلوم لمستويات المجال المعرفي. • تقويم مهارات الفهم القرائي في منهج اللغة العربية للصف الرابع الابتدائي في ضوء معايير الاختبار الدولي للتقدم في القراءة pirls. • تقويم وثيقة منهاج العلوم وتطويرها للمرحلة الابتدائية الصفوف (1-6) بما يتماشى مع المستجدات العلمية والتربوية. • تقويم وتطوير وثيقة منهاج الحاسوب للمرحلة الإعدادية للصفين (10-11) • المشاركة في اعداد استمارة تقييم الاداء لحملة الشهادات العليا (تدريسيين وموظفين) • إجراء دراسة مقارنة تحليلية بين كتابي العلوم للصف الرابع الابتدائي في كل من العراق ومملكة البحرين، بغرض الاستفادة من التجارب الإقليمية الناجحة وتطبيق أفضل الممارسات. • تقويم الأسئلة الوزارية للمواد (اللغة العربية، الفيزياء، الرياضيات) للصف السادس العلمي للعام الدراسي 2023-2024 وفق مواصفات الاختبار الجيد.,ge,الجودة والموائمة,تطوير مناهج وأساليب التقويم وتحديث تخصصات التعليم الاعدادي والتدريب المهني,المناهج والتقييم,تحديث تخصصات التعليم المهني التحضيرية،وتطوير المناهج الدراسية، وتدريب المعلمين والمشرفين(تتداخل مع التعليم والتدريب التقني والمهني),مناهج قائمة على المعايير في جميع صفوف التعليم العام ودمج المهارات والقدرات المستهدفة في الهدف الرابع من أهداف التنمية المستدامة بما في ذلك أسلوب الحياة المستدام، وحقوق الإنسان، والمساواة بين الجنسين، وتعزيز ثقافة السلام واللاعنف، والمواطنة العالمية، وقبول التنوع الثقافي.,percent,100.0,0.0,2025,2025,مكتب الوزير - قسم تطوير التعليم,done,0.0,0.0,0.0,IQD,one,,
· إعداد تقارير شاملة لتقويم وتطوير الكتب المدرسية المعتمدة في المدارس، وشملت: • كتاب الاحياء المنهجي للصف الاول المتوسط • كتاب الكيمياء المنهجي للصف السادس الاعدادي • كتاب العلوم المنهجي للصف السادس الابتدائي • كتاب الرياضيات المنهجي للصف السادس الاعدادي الفرع الادبي • كتاب الاجتماعيات المنهجي للصف الثالث المتوسط • كتاب التربية الاسلامية المنهجي للصف الخامس الاعدادي • كتاب الرياضيات للصف الخامس الاعدادي الفرع الادبي. • كتاب اللغة الانكليزية للصف السادس الاعدادي. • كتاب اللغة الانكليزية للصف الاول متوسط,ge,الجودة والموائمة,تطوير مناهج وأساليب التقويم وتحديث تخصصات التعليم الاعدادي والتدريب المهني,المناهج والتقييم,تحديث تخصصات التعليم المهني التحضيرية،وتطوير المناهج الدراسية، وتدريب المعلمين والمشرفين(تتداخل مع التعليم والتدريب التقني والمهني),مناهج قائمة على المعايير في جميع صفوف التعليم العام ودمج المهارات والقدرات المستهدفة في الهدف الرابع من أهداف التنمية المستدامة بما في ذلك أسلوب الحياة المستدام، وحقوق الإنسان، والمساواة بين الجنسين، وتعزيز ثقافة السلام واللاعنف، والمواطنة العالمية، وقبول التنوع الثقافي.,percent,100.0,0.0,2025,2025,مكتب الوزير - قسم تطوير التعليم,done,0.0,0.0,0.0,IQD,one,,
"اقامة المؤتمر الوطني لتطوير طرائق التدريس تحت شعار: ""نرتقي بالتعليم: لأجيال واعدة تنبض بالحياة"". ويأتي هذا المؤتمر ضمن جهود الدائرة لتعزيز أساليب التعليم الحديثة وتبادل الخبرات التربوية، بالتنسيق مع الجهات ذات العلاقة، وبمشاركة واسعة من المختصين والمعنيين بالشأن التربوي.",ge,الجودة والموائمة,تطوير مناهج وأساليب التقويم وتحديث تخصصات التعليم الاعدادي والتدريب المهني,المناهج والتقييم,تحديث تخصصات التعليم المهني التحضيرية،وتطوير المناهج الدراسية، وتدريب المعلمين والمشرفين(تتداخل مع التعليم والتدريب التقني والمهني),مناهج قائمة على المعايير في جميع صفوف التعليم العام ودمج المهارات والقدرات المستهدفة في الهدف الرابع من أهداف التنمية المستدامة بما في ذلك أسلوب الحياة المستدام، وحقوق الإنسان، والمساواة بين الجنسين، وتعزيز ثقافة السلام واللاعنف، والمواطنة العالمية، وقبول التنوع الثقافي.,percent,100.0,0.0,2025,2025,مكتب الوزير - قسم تطوير التعليم,delayed,0.0,0.0,0.0,IQD,one,,
إعداد تقرير متكامل لتقويم وتطوير كتاب اللغة الإنكليزية المنهجي المخصص للصف الأول في التعليم المهني الصناعي، وذلك من قبل قسم تطوير التعليم / مكتب الوزير، بهدف رفع كفاءة المحتوى وتحديثه بما يتناسب مع احتياجات سوق العمل والمعايير التربوية الحديثة.,ge,الجودة والموائمة,تطوير مناهج وأساليب التقويم وتحديث تخصصات التعليم الاعدادي والتدريب المهني,المناهج والتقييم,تحديث تخصصات التعليم المهني التحضيرية،وتطوير المناهج الدراسية، وتدريب المعلمين والمشرفين(تتداخل مع التعليم والتدريب التقني والمهني),مناهج قائمة على المعايير في جميع صفوف التعليم العام ودمج المهارات والقدرات المستهدفة في الهدف الرابع من أهداف التنمية المستدامة بما في ذلك أسلوب الحياة المستدام، وحقوق الإنسان، والمساواة بين الجنسين، وتعزيز ثقافة السلام واللاعنف، والمواطنة العالمية، وقبول التنوع الثقافي.,percent,100.0,0.0,2025,2025,مكتب الوزير - قسم تطوير التعليم,done,0.0,0.0,0.0,IQD,one,,
مشروع تقييم المهارات التدريسية وتحليل المحتوى المنهجي لبعض الجوانب البدنية والمهارية المرتبطة برياضة الكرة الطائرة لطلبة المرحلة المتوسطة، وذلك بالتنسيق مع وزارة الشباب والرياضة، والإشراف التربوي، والاتحاد العراقي المركزي للكرة الطائرة.,ge,الجودة والموائمة,تطوير مناهج وأساليب التقويم وتحديث تخصصات التعليم الاعدادي والتدريب المهني,المناهج والتقييم,تحديث تخصصات التعليم المهني التحضيرية،وتطوير المناهج الدراسية، وتدريب المعلمين والمشرفين(تتداخل مع التعليم والتدريب التقني والمهني),مناهج قائمة على المعايير في جميع صفوف التعليم العام ودمج المهارات والقدرات المستهدفة في الهدف الرابع من أهداف التنمية المستدامة بما في ذلك أسلوب الحياة المستدام، وحقوق الإنسان، والمساواة بين الجنسين، وتعزيز ثقافة السلام واللاعنف، والمواطنة العالمية، وقبول التنوع الثقافي.,percent,100.0,0.0,2025,2025,مكتب الوزير - قسم تطوير التعليم,done,0.0,0.0,0.0,IQD,one,,
"إعداد ""دليل المرشد التربوي في الاختبارات والمقاييس التربوية والنفسية"" للمرحلة الثانوية، بهدف رصد وتحليل الظواهر السلوكية وتوفير المعلومات الارشادية والنفسية والمهنية من خلال أدوات تشخيصية عملية (مجموعة من الاستمارات ذات مؤشرات سلوكية محددة)، تسهم في دعم عمل المرشد التربوي وتمكينه من معالجة مشكلات الطلبة بما يضمن استمرارية التعلم. وقد تم استحصال الموافقة الرسمية على طباعة الدليل واعتماده في المدارس.",ge,الجودة والموائمة,تطوير مناهج وأساليب التقويم وتحديث تخصصات التعليم الاعدادي والتدريب المهني,المناهج والتقييم,تحديث تخصصات التعليم المهني التحضيرية،وتطوير المناهج الدراسية، وتدريب المعلمين والمشرفين(تتداخل مع التعليم والتدريب التقني والمهني),مناهج قائمة على المعايير في جميع صفوف التعليم العام ودمج المهارات والقدرات المستهدفة في الهدف الرابع من أهداف التنمية المستدامة بما في ذلك أسلوب الحياة المستدام، وحقوق الإنسان، والمساواة بين الجنسين، وتعزيز ثقافة السلام واللاعنف، والمواطنة العالمية، وقبول التنوع الثقافي.,percent,100.0,0.0,2025,2025,مكتب الوزير - قسم تطوير التعليم,done,0.0,0.0,0.0,IQD,one,,
"· إعداد وطباعة ""دليل المعلم للاختبارات التحصيلية""، الذي يهدف إلى تمكين المعلمين من بناء اختبارات ذات جودة عالية، والتعرف على أنواع الفقرات الاختبارية وتقييم مهارات المتعلمين. وقد تمت الموافقة على اعتماده رسمياً.",ge,الجودة والموائمة,تطوير مناهج وأساليب التقويم وتحديث تخصصات التعليم الاعدادي والتدريب المهني,المناهج والتقييم,تحديث تخصصات التعليم المهني التحضيرية،وتطوير المناهج الدراسية، وتدريب المعلمين والمشرفين(تتداخل مع التعليم والتدريب التقني والمهني),مناهج قائمة على المعايير في جميع صفوف التعليم العام ودمج المهارات والقدرات المستهدفة في الهدف الرابع من أهداف التنمية المستدامة بما في ذلك أسلوب الحياة المستدام، وحقوق الإنسان، والمساواة بين الجنسين، وتعزيز ثقافة السلام واللاعنف، والمواطنة العالمية، وقبول التنوع الثقافي.,percent,100.0,0.0,2025,2025,مكتب الوزير - قسم تطوير التعليم,delayed,0.0,0.0,0.0,IQD,one,,
تاليف منهاج القراءة والقواعد باللغة السريانية للخطين الشرقي والغربي للمرحلة المتوسطة,ge,الجودة والموائمة,تطوير مناهج وأساليب التقويم وتحديث تخصصات التعليم الاعدادي والتدريب المهني,المناهج والتقييم,تحديث تخصصات التعليم المهني التحضيرية،وتطوير المناهج الدراسية، وتدريب المعلمين والمشرفين(تتداخل مع التعليم والتدريب التقني والمهني),مناهج قائمة على المعايير في جميع صفوف التعليم العام ودمج المهارات والقدرات المستهدفة في الهدف الرابع من أهداف التنمية المستدامة بما في ذلك أسلوب الحياة المستدام، وحقوق الإنسان، والمساواة بين الجنسين، وتعزيز ثقافة السلام واللاعنف، والمواطنة العالمية، وقبول التنوع الثقافي.,percent,100.0,90.0,2023,2025,المديرية العامة للمناهج,done,0.0,0.0,0.0,IQD,one,,
مشروع مواصفة 5001 لتقليل الهدر بالطاقة,ge,الجودة والموائمة,تطوير مناهج وأساليب التقويم وتحديث تخصصات التعليم الاعدادي والتدريب المهني,المناهج والتقييم,تحديث أساليب تقييم التعلم الوطنية,مناهج قائمة على المعايير في جميع صفوف التعليم العام ودمج المهارات والقدرات المستهدفة في الهدف الرابع من أهداف التنمية المستدامة بما في ذلك أسلوب الحياة المستدام، وحقوق الإنسان، والمساواة بين الجنسين، وتعزيز ثقافة السلام واللاعنف، والمواطنة العالمية، وقبول التنوع الثقافي.,percent,100.0,,2\1\2025,30\12\2025,"وزارة التربية ووزارة الكهرباء, وزارة التربية, وزارة الزراعة, بالتعاون مع ديوان المحافظة والمديرية العامة لتربية النجف الاشرف/ شعبة إدارة الجودة الشاملة",done,,,,IQD,one,ـــ,
اترجمة دراسة بعنوان (الأساليب الحديثة لضمان جودة الخدمات التعليمية)),ge,الجودة والموائمة,تطوير مناهج وأساليب التقويم وتحديث تخصصات التعليم الاعدادي والتدريب المهني,المناهج والتقييم,تحديث أساليب تقييم التعلم الوطنية,تقييم الخدمات التعليمية ضمن معايير الجودة,percent,100.0,,2026,2026,مركز البحوث والدراسات,done,0.0,0.0,0.0,IQD,one,,
مجال السيطرة على الامتحانات العامة من خلال استخدام اجهزه كشف الغش على المراكز الامتحانية.,ge,الجودة والموائمة,تطوير مناهج وأساليب التقويم وتحديث تخصصات التعليم الاعدادي والتدريب المهني,المناهج والتقييم,تحديث أساليب تقييم التعلم الوطنية,مناهج قائمة على المعايير في جميع صفوف التعليم العام ودمج المهارات والقدرات المستهدفة في الهدف الرابع من أهداف التنمية المستدامة بما في ذلك أسلوب الحياة المستدام، وحقوق الإنسان، والمساواة بين الجنسين، وتعزيز ثقافة السلام واللاعنف، والمواطنة العالمية، وقبول التنوع الثقافي.,percent,100.0,0.0,2026,2031,المديرية العامة للتقويم والامتحانات بالتعاون مع المديرية العامة لتربية النجف الاشرف/ قسم الامتحانات,done,,,,IQD,one,,
المراقبات : حيث يكون توزيع المراقبين من الهيئات التعليمية والتدريسية على المراكز الامتحانية الكترونيا.,ge,الجودة والموائمة,تطوير مناهج وأساليب التقويم وتحديث تخصصات التعليم الاعدادي والتدريب المهني,المناهج والتقييم,تحديث أساليب تقييم التعلم الوطنية,مناهج قائمة على المعايير في جميع صفوف التعليم العام ودمج المهارات والقدرات المستهدفة في الهدف الرابع من أهداف التنمية المستدامة بما في ذلك أسلوب الحياة المستدام، وحقوق الإنسان، والمساواة بين الجنسين، وتعزيز ثقافة السلام واللاعنف، والمواطنة العالمية، وقبول التنوع الثقافي.,percent,100.0,,2026,2031,المديرية العامة لتربية النجف الاشرف/ قسم الامتحانات,done,,,,IQD,one,لا يحتاج الى تخصيص,
"مشاريع ايزو الطاقة/ وتعني تحديد وتنصيب عدادات الطاقة داخل المدارس, ولتشجيع استخدام الطاقة النظيفة(الخلايا الشمسية) وان ارساله يكون عبر منصة اور.",ge,الجودة والموائمة,تطوير مناهج وأساليب التقويم وتحديث تخصصات التعليم الاعدادي والتدريب المهني,المناهج والتقييم,تحديث أساليب تقييم التعلم الوطنية,مناهج قائمة على المعايير في جميع صفوف التعليم العام ودمج المهارات والقدرات المستهدفة في الهدف الرابع من أهداف التنمية المستدامة بما في ذلك أسلوب الحياة المستدام، وحقوق الإنسان، والمساواة بين الجنسين، وتعزيز ثقافة السلام واللاعنف، والمواطنة العالمية، وقبول التنوع الثقافي.,percent,100.0,80.0,2024,2024,وزارة التربية ووزارة الكهرباء بالتعاون مع المديرية العامة لتربية النجف الاشرف/ شعبة إدارة الجودة الشاملة,done,0.0,0.0,0.0,IQD,one,,
مجال السيطرة على الامتحانات العامة من خلال استخدام اجهزه كشف الغش بعدد (167) جهاز الذي سيغطي نسبة 50% من المراكز الامتحانية.,ge,الجودة والموائمة,تطوير مناهج وأساليب التقويم وتحديث تخصصات التعليم الاعدادي والتدريب المهني,المناهج والتقييم,تحديث أساليب تقييم التعلم الوطنية,مناهج قائمة على المعايير في جميع صفوف التعليم العام ودمج المهارات والقدرات المستهدفة في الهدف الرابع من أهداف التنمية المستدامة بما في ذلك أسلوب الحياة المستدام، وحقوق الإنسان، والمساواة بين الجنسين، وتعزيز ثقافة السلام واللاعنف، والمواطنة العالمية، وقبول التنوع الثقافي.,percent,100.0,100.0,2024,2024,المديرية العامة للتقويم والامتحانات بالتعاون مع المديرية العامة لتربية النجف الاشرف/ قسم الامتحانات,done,0.0,0.0,0.0,IQD,one,,
المراقبات : حيث يكون توزيع المراقبين من الهيئات التعليمية والتدريسية على المراكز الامتحانية الكترونيا.,ge,الجودة والموائمة,تطوير مناهج وأساليب التقويم وتحديث تخصصات التعليم الاعدادي والتدريب المهني,المناهج والتقييم,تحديث أساليب تقييم التعلم الوطنية,مناهج قائمة على المعايير في جميع صفوف التعليم العام ودمج المهارات والقدرات المستهدفة في الهدف الرابع من أهداف التنمية المستدامة بما في ذلك أسلوب الحياة المستدام، وحقوق الإنسان، والمساواة بين الجنسين، وتعزيز ثقافة السلام واللاعنف، والمواطنة العالمية، وقبول التنوع الثقافي.,percent,100.0,,2025,2025,المديرية العامة لتربية النجف الاشرف/ قسم الامتحانات,done,,,,IQD,one,لا يحتاج الى تخصيص,
اعتماد الاسئلة الموضوعية للامتحانات العامة بنسبة 50%,ge,الجودة والموائمة,تطوير مناهج وأساليب التقويم وتحديث تخصصات التعليم الاعدادي والتدريب المهني,المناهج والتقييم,تحديث أساليب تقييم التعلم الوطنية,مناهج قائمة على المعايير في جميع صفوف التعليم العام ودمج المهارات والقدرات المستهدفة في الهدف الرابع من أهداف التنمية المستدامة بما في ذلك أسلوب الحياة المستدام، وحقوق الإنسان، والمساواة بين الجنسين، وتعزيز ثقافة السلام واللاعنف، والمواطنة العالمية، وقبول التنوع الثقافي.,percent,100.0,0.0,2024,2026,المديرية العامة للتقويم والامتحانات,done,0.0,0.0,0.0,IQD,one,,
مسح مهارات القراءة والكتابة والعمليات الحسابية للمراحل الاولى للمدارس الاهلية,ge,الجودة والموائمة,تطوير مناهج وأساليب التقويم وتحديث تخصصات التعليم الاعدادي والتدريب المهني,المناهج والتقييم,تحديث أساليب تقييم التعلم الوطنية,مناهج قائمة على المعايير في جميع صفوف التعليم العام ودمج المهارات والقدرات المستهدفة في الهدف الرابع من أهداف التنمية المستدامة بما في ذلك أسلوب الحياة المستدام، وحقوق الإنسان، والمساواة بين الجنسين، وتعزيز ثقافة السلام واللاعنف، والمواطنة العالمية، وقبول التنوع الثقافي.,percent,100.0,0.0,2026,2028,مكتب الوكيل العلمي / م.ع التعليم العام . الجهاز المركزي للاحصاء في وزارة التخطيط .وم.ع المناهج . م.ع الاعداد والتدريب . قسم تطوير التعليم,done,,,,IQD,one,الجهاز المركزي للاحصاء / وزارة التخطيط,
متطلبات توظيف الذكاء الاصطناعي متطلبات توظيف الذكاء الاصطناعي في التعليم العام بالعراق من وجهة نظر مدرسي مادة الاحياء للمرحلة الثانوية. توظيف التكنولوجيا التعليمية لصناعة درس تفاعلي مستند الى تحليل محتوى كتاب الاجتماعيات للصف الثالث المتوسط وفقا لاطار المواطنة الرقمية.متطلبات توظيف الذكاء الاصطناعي في التعليم العام بالعراق من وجهة نظر مدرسي مادة الكيمياء للمرحلة الثانوية.متطلبات توظيف الذكاء الاصطناعي في التعليم العام بالعراق من وجهة نظر مدرسي مادة الفيزياء للمرحلة الثانوية. تقرير عن ابعاد المواطنة الرقمية ومدى تحققها في محتوى كتاب الاجتماعيات للصف الثالث المتوسط.,ge,الجودة والموائمة,تطوير مناهج وأساليب التقويم وتحديث تخصصات التعليم الاعدادي والتدريب المهني,المناهج والتقييم,تحديث تخصصات التعليم المهني التحضيرية،وتطوير المناهج الدراسية، وتدريب المعلمين والمشرفين(تتداخل مع التعليم والتدريب التقني والمهني),,,1.0,,2026,2026,مكتب الوزير - قسم تطوير التعليم,done,,,,IQD,one,,
مقترح مشروع بنك الاسئلة الالكترونية باستخدام النمذجة الذكية لكتاب مادة علوم,ge,الجودة والموائمة,تطوير مناهج وأساليب التقويم وتحديث تخصصات التعليم الاعدادي والتدريب المهني,المناهج والتقييم,تحديث أساليب تقييم التعلم الوطنية,مناهج قائمة على المعايير في جميع صفوف التعليم العام ودمج المهارات والقدرات المستهدفة في الهدف الرابع من أهداف التنمية المستدامة بما في ذلك أسلوب الحياة المستدام، وحقوق الإنسان، والمساواة بين الجنسين، وتعزيز ثقافة السلام واللاعنف، والمواطنة العالمية، وقبول التنوع الثقافي.,percent,100.0,5.0,2024,2026,م,delayed,0.0,0.0,0.0,IQD,one,ـــ,
مشروع مقترح منظومة اختبارات تربوية نفسية للمرشدين التربويين باستخدام الذكاء الاصطناعي,ge,الجودة والموائمة,تطوير مناهج وأساليب التقويم وتحديث تخصصات التعليم الاعدادي والتدريب المهني,المناهج والتقييم,تحديث أساليب تقييم التعلم الوطنية,مناهج قائمة على المعايير في جميع صفوف التعليم العام ودمج المهارات والقدرات المستهدفة في الهدف الرابع من أهداف التنمية المستدامة بما في ذلك أسلوب الحياة المستدام، وحقوق الإنسان، والمساواة بين الجنسين، وتعزيز ثقافة السلام واللاعنف، والمواطنة العالمية، وقبول التنوع الثقافي.,percent,100.0,1.0,2024,2027,مكتب الوزير - قسم تطوير التعليم- شعبة الذكاء الاصطناعي-بالتعاون مع مركز المعلومات,done,0.0,0.0,0.0,IQD,one,ـــ,
اعداد دراسة بعنوان (التباين المكاني لحالات رسوب المرحلة المتوسطة.,ge,الجودة والموائمة,تطوير مناهج وأساليب التقويم وتحديث تخصصات التعليم الاعدادي والتدريب المهني,المناهج والتقييم,تحديث أساليب تقييم التعلم الوطنية,مناهج قائمة على المعايير في جميع صفوف التعليم العام ودمج المهارات والقدرات المستهدفة في الهدف الرابع من أهداف التنمية المستدامة بما في ذلك أسلوب الحياة المستدام، وحقوق الإنسان، والمساواة بين الجنسين، وتعزيز ثقافة السلام واللاعنف، والمواطنة العالمية، وقبول التنوع الثقافي.,percent,100.0,50.0,2024,2025,مكتب الوزير - قسم تطوير التعليم,done,0.0,0.0,0.0,IQD,one,ـــ,
مسح مهارات القراءة والكتابة والعمليات الحسابية للمدارس الحكومية,ge,الجودة والموائمة,تطوير مناهج وأساليب التقويم وتحديث تخصصات التعليم الاعدادي والتدريب المهني,المناهج والتقييم,تحديث أساليب تقييم التعلم الوطنية,مناهج قائمة على المعايير في جميع صفوف التعليم العام ودمج المهارات والقدرات المستهدفة في الهدف الرابع من أهداف التنمية المستدامة بما في ذلك أسلوب الحياة المستدام، وحقوق الإنسان، والمساواة بين الجنسين، وتعزيز ثقافة السلام واللاعنف، والمواطنة العالمية، وقبول التنوع الثقافي.,percent,100.0,50.0,2024,2026,مكتب الوكيل العلمي / م.ع التعليم العام . الجهاز المركزي للاحصاء في وزارة التخطيط .وم.ع المناهج . م.ع الاعداد والتدريب . قسم تطوير التعليم,done,0.0,0.0,0.0,IQD,one,ـــ,
اجراء بحث بعنوان ( التذكير التصميمي لدى مدرسي التاريخ في المرحلة الاعدادية وعلاقته بتحصيل طلبتهم),ge,الجودة والموائمة,تطوير مناهج وأساليب التقويم وتحديث تخصصات التعليم الاعدادي والتدريب المهني,المناهج والتقييم,تحديث أساليب تقييم التعلم الوطنية,مناهج قائمة على المعايير في جميع صفوف التعليم العام ودمج المهارات والقدرات المستهدفة في الهدف الرابع من أهداف التنمية المستدامة بما في ذلك أسلوب الحياة المستدام، وحقوق الإنسان، والمساواة بين الجنسين، وتعزيز ثقافة السلام واللاعنف، والمواطنة العالمية، وقبول التنوع الثقافي.,percent,100.0,50.0,2024,2025,جميع المديريات العامة للتربية - مركز البحوث والدراسات,done,0.0,0.0,0.0,IQD,one,ـــ,
ترجمة دراسة بعنوان (الجودة والمعايير في التعليم والتعلم والتدريس),ge,الجودة والموائمة,تطوير مناهج وأساليب التقويم وتحديث تخصصات التعليم الاعدادي والتدريب المهني,المناهج والتقييم,تحديث أساليب تقييم التعلم الوطنية,مناهج قائمة على المعايير في جميع صفوف التعليم العام ودمج المهارات والقدرات المستهدفة في الهدف الرابع من أهداف التنمية المستدامة بما في ذلك أسلوب الحياة المستدام، وحقوق الإنسان، والمساواة بين الجنسين، وتعزيز ثقافة السلام واللاعنف، والمواطنة العالمية، وقبول التنوع الثقافي.,percent,100.0,,2025,2025,جميع المديريات العامة للتربية,done,0.0,0.0,0.0,IQD,one,ـــ,
مشروع بناء القدرات على اساليب التقييم الصفي,ge,الجودة والموائمة,تطوير مناهج وأساليب التقويم وتحديث تخصصات التعليم الاعدادي والتدريب المهني,المناهج والتقييم,تحديث أساليب تقييم التعلم الوطنية,مناهج قائمة على المعايير في جميع صفوف التعليم العام ودمج المهارات والقدرات المستهدفة في الهدف الرابع من أهداف التنمية المستدامة بما في ذلك أسلوب الحياة المستدام، وحقوق الإنسان، والمساواة بين الجنسين، وتعزيز ثقافة السلام واللاعنف، والمواطنة العالمية، وقبول التنوع الثقافي.,percent,100.0,,2025,2027,مكتب وكيل الوزارة للشؤون العلمية,done,0.0,0.0,0.0,IQD,one,البنك الدولي,
مشروع بناء القدرات اقرا في المنزل لمرحلة الطفولة ما قبل المدرسة مع البنك الدولي,ge,الجودة والموائمة,تطوير مناهج وأساليب التقويم وتحديث تخصصات التعليم الاعدادي والتدريب المهني,المناهج والتقييم,تحديث أساليب تقييم التعلم الوطنية,مناهج قائمة على المعايير في جميع صفوف التعليم العام ودمج المهارات والقدرات المستهدفة في الهدف الرابع من أهداف التنمية المستدامة بما في ذلك أسلوب الحياة المستدام، وحقوق الإنسان، والمساواة بين الجنسين، وتعزيز ثقافة السلام واللاعنف، والمواطنة العالمية، وقبول التنوع الثقافي.,percent,100.0,,2025,2027,مكتب وكيل الوزارة للشؤون العلمية,done,0.0,0.0,0.0,IQD,one,البنك الدولي,
"· إعداد وطباعة ""دليل المعلم للاختبارات التحصيلية""، الذي يهدف إلى تمكين المعلمين من بناء اختبارات ذات جودة عالية، والتعرف على أنواع الفقرات الاختبارية وتقييم مهارات المتعلمين. وقد تمت الموافقة على اعتماده رسمياً.",ge,الجودة والموائمة,تطوير مناهج وأساليب التقويم وتحديث تخصصات التعليم الاعدادي والتدريب المهني,المناهج والتقييم,تحديث تخصصات التعليم المهني التحضيرية،وتطوير المناهج الدراسية، وتدريب المعلمين والمشرفين(تتداخل مع التعليم والتدريب التقني والمهني),مناهج قائمة على المعايير في جميع صفوف التعليم العام ودمج المهارات والقدرات المستهدفة في الهدف الرابع من أهداف التنمية المستدامة بما في ذلك أسلوب الحياة المستدام، وحقوق الإنسان، والمساواة بين الجنسين، وتعزيز ثقافة السلام واللاعنف، والمواطنة العالمية، وقبول التنوع الثقافي.,percent,100.0,0.0,2025,2025,مكتب الوزير - قسم تطوير التعليم,delayed,0.0,0.0,0.0,IQD,one,,
أعداد وتصميم بنك الأسئلة الإلكتروني لمادة الجغرافية للصف السادس الاعدادي الادبي باستخدام النموذج الذكي.,ge,الجودة والموائمة,تطوير مناهج وأساليب التقويم وتحديث تخصصات التعليم الاعدادي والتدريب المهني,المناهج والتقييم,تحديث تخصصات التعليم المهني التحضيرية،وتطوير المناهج الدراسية، وتدريب المعلمين والمشرفين(تتداخل مع التعليم والتدريب التقني والمهني),,,1.0,,2026,2026,مكتب الوزير - قسم تطوير التعليم,done,,,,IQD,one,,
تصميم منظومة اختبارات تربوية ونفسية للمرشدين التربويين باستخدام الذكاء الاصطناعي( الصحة النفسية).,ge,الجودة والموائمة,تطوير مناهج وأساليب التقويم وتحديث تخصصات التعليم الاعدادي والتدريب المهني,المناهج والتقييم,تحديث تخصصات التعليم المهني التحضيرية،وتطوير المناهج الدراسية، وتدريب المعلمين والمشرفين(تتداخل مع التعليم والتدريب التقني والمهني),,,1.0,,2026,2026,مكتب الوزير - قسم تطوير التعليم,done,,,,IQD,one,,
اترجمة دراسة بعنوان (الأساليب الحديثة لضمان جودة الخدمات التعليمية)),ge,الجودة والموائمة,تطوير مناهج وأساليب التقويم وتحديث تخصصات التعليم الاعدادي والتدريب المهني,االمناهج والتقييم,تحديث أساليب تقييم التعلم الوطنية,تقييم الخدمات التعليمية ضمن معايير الجودة,percent,100.0,,2026,2026,مركز البحوث والدراسات,done,0.0,0.0,0.0,IQD,one,,
اجراء بحث بعنوان (دتقييم أداء المدارس المسائية: دراسة ميدانية في مديرية الرصافة الثانية)),ge,الجودة والموائمة,الارتقاء ببرنامج الإدارة المدرسية لتعزيز القيادة المدرسية والمشاركة المجتمعية,القيادة المدرسية والمشاركة المجتمعية,تطوير وتنفيذ ومراقبة خطط تطوير المدرسة,جزء من التقييم الخارجي لبرنامج التطوير المدرسي من قبل المشرفين الذين يطبقون الإنجازات المدرسية مع معايير الجودة المحددة,percent,100.0,,2026,2026,مركز البحوث والدراسات,done,0.0,0.0,0.0,IQD,one,,
اجراء بحث بعنوان (مدى توظيف مدرسي اللغة العربية للاسئلة الصفية وأساليب التقويم التشخيصي اثناء التدريس)),ge,الجودة والموائمة,الارتقاء ببرنامج الإدارة المدرسية لتعزيز القيادة المدرسية والمشاركة المجتمعية,القيادة المدرسية والمشاركة المجتمعية,تطوير وتنفيذ ومراقبة خطط تطوير المدرسة,جزء من التقييم الخارجي لبرنامج التطوير المدرسي من قبل المشرفين الذين يطبقون الإنجازات المدرسية مع معايير الجودة المحددة,percent,100.0,,2026,2026,مركز البحوث والدراسات,done,0.0,0.0,0.0,IQD,one,,
اجراء بحث بعنوان (استخدام نماذج الرسم البياني والذكاء الاصطناعي لتحليل أنماط تعلم الرياضيات في المدارس والتنبؤ بها)),ge,الجودة والموائمة,الارتقاء ببرنامج الإدارة المدرسية لتعزيز القيادة المدرسية والمشاركة المجتمعية,القيادة المدرسية والمشاركة المجتمعية,تطوير وتنفيذ ومراقبة خطط تطوير المدرسة,جزء من التقييم الخارجي لبرنامج التطوير المدرسي من قبل المشرفين الذين يطبقون الإنجازات المدرسية مع معايير الجودة المحددة,percent,100.0,,2026,2026,مركز البحوث والدراسات,done,0.0,0.0,0.0,IQD,one,,
اجراء الدراسة المسحية من قبل فريق متخصص من منظمة اليونيسيف بيان تاثير التغييرات المناخية على العملية التعليمية,ge,الجودة والموائمة,تطوير مناهج وأساليب التقويم وتحديث تخصصات التعليم الاعدادي والتدريب المهني,المناهج والتقييم,تحديث أساليب تقييم التعلم الوطنية,مناهج قائمة على المعايير في جميع صفوف التعليم العام ودمج المهارات والقدرات المستهدفة في الهدف الرابع من أهداف التنمية المستدامة بما في ذلك أسلوب الحياة المستدام، وحقوق الإنسان، والمساواة بين الجنسين، وتعزيز ثقافة السلام واللاعنف، والمواطنة العالمية، وقبول التنوع الثقافي.,percent,100.0,,2025,2026,المديرية العامة للمناهج,done,,,,IQD,one,,
اعداد دليل تدريبي للمعلمين لمواجهة التغييرات المناخية مواجهه وتكييف وادماج,ge,الجودة والموائمة,تطوير مناهج وأساليب التقويم وتحديث تخصصات التعليم الاعدادي والتدريب المهني,المناهج والتقييم,تحديث أساليب تقييم التعلم الوطنية,مناهج قائمة على المعايير في جميع صفوف التعليم العام ودمج المهارات والقدرات المستهدفة في الهدف الرابع من أهداف التنمية المستدامة بما في ذلك أسلوب الحياة المستدام، وحقوق الإنسان، والمساواة بين الجنسين، وتعزيز ثقافة السلام واللاعنف، والمواطنة العالمية، وقبول التنوع الثقافي.,percent,100.0,,2026,2027,المديرية العامة للمناهج,stopped,,,,IQD,one,,
تاليف كتاب دليل المعلم للصف الاول الابتدائي,ge,الجودة والموائمة,تطوير مناهج وأساليب التقويم وتحديث تخصصات التعليم الاعدادي والتدريب المهني,المناهج والتقييم,تحديث أساليب تقييم التعلم الوطنية,مناهج قائمة على المعايير في جميع صفوف التعليم العام ودمج المهارات والقدرات المستهدفة في الهدف الرابع من أهداف التنمية المستدامة بما في ذلك أسلوب الحياة المستدام، وحقوق الإنسان، والمساواة بين الجنسين، وتعزيز ثقافة السلام واللاعنف، والمواطنة العالمية، وقبول التنوع الثقافي.,percent,100.0,75.0,2023,2025,المديرية العامة للمناهج,done,0.0,0.0,0.0,IQD,one,ـــ,
مشروع أمة تقرأ المقام من قبل العتبة العباسية ويتضمن توزيع جوائز مالية,ge,الجودة والموائمة,تطوير مناهج وأساليب التقويم وتحديث تخصصات التعليم الاعدادي والتدريب المهني,المناهج والتقييم,المشاركة في الاختبارات الدولية,مناهج قائمة على المعايير في جميع صفوف التعليم العام ودمج المهارات والقدرات المستهدفة في الهدف الرابع من أهداف التنمية المستدامة بما في ذلك أسلوب الحياة المستدام، وحقوق الإنسان، والمساواة بين الجنسين، وتعزيز ثقافة السلام واللاعنف، والمواطنة العالمية، وقبول التنوع الثقافي.,percent,16.0,,2026,20231,المديرية العامة لتربية النجف الاشرف / قسم شؤون المناهج والتقنيات التربوية بالتعاون مع العتبة العباسية المقدسة,done,,,,IQD,one,ـــ,
دراسة تقويم مهارات الفهم القرائي في منهج اللغةالعربية في ضوء معايير الاختبار الدولي للتقدم في القراءة PIRLS.,ge,الجودة والموائمة,تطوير مناهج وأساليب التقويم وتحديث تخصصات التعليم الاعدادي والتدريب المهني,المناهج والتقييم,المشاركة في الاختبارات الدولية,مناهج قائمة على المعايير في جميع صفوف التعليم العام ودمج المهارات والقدرات المستهدفة في الهدف الرابع من أهداف التنمية المستدامة بما في ذلك أسلوب الحياة المستدام، وحقوق الإنسان، والمساواة بين الجنسين، وتعزيز ثقافة السلام واللاعنف، والمواطنة العالمية، وقبول التنوع الثقافي.,percent,100.0,50.0,2024,2025,مكتب الوزير - قسم تطوير التعليم,done,0.0,0.0,0.0,IQD,one,ـــ,
المشاركة في المسابقة كوديفر العالمية السنوية,ge,الجودة والموائمة,تطوير مناهج وأساليب التقويم وتحديث تخصصات التعليم الاعدادي والتدريب المهني,المناهج والتقييم,المشاركة في الاختبارات الدولية,مناهج قائمة على المعايير في جميع صفوف التعليم العام ودمج المهارات والقدرات المستهدفة في الهدف الرابع من أهداف التنمية المستدامة بما في ذلك أسلوب الحياة المستدام، وحقوق الإنسان، والمساواة بين الجنسين، وتعزيز ثقافة السلام واللاعنف، والمواطنة العالمية، وقبول التنوع الثقافي.,percent,100.0,20.0,2024,2025,المديرية العامة للتخطيط التربوي /مركز المعلومات والاتصالات + التعاون مع شركات تدريب,done,0.0,,,IQD,one,شركات اهلية ومبادرات خاصة,
"المشاركة في مشروع تحدي القراءة بموسمه الثامن الذي تقيمه دولة الامارات, حيث تم رفع 210000 قارئ من تلاميذ وطلبة",ge,الجودة والموائمة,تطوير مناهج وأساليب التقويم وتحديث تخصصات التعليم الاعدادي والتدريب المهني,المناهج والتقييم,المشاركة في الاختبارات الدولية,مناهج قائمة على المعايير في جميع صفوف التعليم العام ودمج المهارات والقدرات المستهدفة في الهدف الرابع من أهداف التنمية المستدامة بما في ذلك أسلوب الحياة المستدام، وحقوق الإنسان، والمساواة بين الجنسين، وتعزيز ثقافة السلام واللاعنف، والمواطنة العالمية، وقبول التنوع الثقافي.,percent,100.0,,15\9\2024,1\6\2025,المديرية العامة لتربية النجف الاشرف / قسم شؤون المناهج والتقنيات التربوية بالتعاون مع وزارة التربية ودولة الامارات,done,,,,IQD,one,ـــ,
انشاء منصة الاختبارات الدولية,ge,الجودة والموائمة,تطوير مناهج وأساليب التقويم وتحديث تخصصات التعليم الاعدادي والتدريب المهني,المناهج والتقييم,المشاركة في الاختبارات الدولية,مناهج قائمة على المعايير في جميع صفوف التعليم العام ودمج المهارات والقدرات المستهدفة في الهدف الرابع من أهداف التنمية المستدامة بما في ذلك أسلوب الحياة المستدام، وحقوق الإنسان، والمساواة بين الجنسين، وتعزيز ثقافة السلام واللاعنف، والمواطنة العالمية، وقبول التنوع الثقافي.,percent,100.0,,2026,2026,المديرية العامة للتخطيط التربوي /مركز المعلومات والاتصالات + التعاون مع شركات تدريب,done,0.0,,,IQD,one,شركات اهلية ومبادرات خاصة,
المشاركة في المسابقة كوديفر العالمية السنوية 2026-2027,ge,الجودة والموائمة,تطوير مناهج وأساليب التقويم وتحديث تخصصات التعليم الاعدادي والتدريب المهني,المناهج والتقييم,المشاركة في الاختبارات الدولية,مناهج قائمة على المعايير في جميع صفوف التعليم العام ودمج المهارات والقدرات المستهدفة في الهدف الرابع من أهداف التنمية المستدامة بما في ذلك أسلوب الحياة المستدام، وحقوق الإنسان، والمساواة بين الجنسين، وتعزيز ثقافة السلام واللاعنف، والمواطنة العالمية، وقبول التنوع الثقافي.,percent,100.0,,2026,2027,المديرية العامة للتخطيط التربوي /مركز المعلومات والاتصالات + التعاون مع شركات تدريب,done,0.0,,,IQD,one,شركات اهلية ومبادرات خاصة,
تأمين قبول التلاميذ في صفوف التربية الخاصة في المدارس,ge,الجودة والموائمة,تطوير مناهج وأساليب التقويم وتحديث تخصصات التعليم الاعدادي والتدريب المهني,المناهج والتقييم,استكمال و تنفيذ الإطار العام للتعليم المتكافئ أو الشامل للطلاب ذوي الاحتياجات الخاصة,مناهج قائمة على المعايير في جميع صفوف التعليم العام ودمج المهارات والقدرات المستهدفة في الهدف الرابع من أهداف التنمية المستدامة بما في ذلك أسلوب الحياة المستدام، وحقوق الإنسان، والمساواة بين الجنسين، وتعزيز ثقافة السلام واللاعنف، والمواطنة العالمية، وقبول التنوع الثقافي.,percent,100.0,50.0,2024,2025,المديرية العامة لتربية الكرخ الثالثة / قسم العليم العام والملاك,done,0.0,0.0,0.0,IQD,one,لايحتاج,
تنفيذ التعليم الدامج في المدارس,ge,الجودة والموائمة,تطوير مناهج وأساليب التقويم وتحديث تخصصات التعليم الاعدادي والتدريب المهني,المناهج والتقييم,استكمال و تنفيذ الإطار العام للتعليم المتكافئ أو الشامل للطلاب ذوي الاحتياجات الخاصة,مناهج قائمة على المعايير في جميع صفوف التعليم العام ودمج المهارات والقدرات المستهدفة في الهدف الرابع من أهداف التنمية المستدامة بما في ذلك أسلوب الحياة المستدام، وحقوق الإنسان، والمساواة بين الجنسين، وتعزيز ثقافة السلام واللاعنف، والمواطنة العالمية، وقبول التنوع الثقافي.,percent,100.0,10.0,2023,2031,قسم التربية الخاصة - المديرية العامة للتربية الرياضية,done,0.0,0.0,0.0,IQD,one,لا يحتاج تخصيص,
تحديث المناهج الدراسية تدريب الملاكات الاشرافية والتدريسية والتعليمية بالتعاون مع المديرية العامة لاعداد المعلمين والتدريب والتطوير التربوي واقسام الاعداد والتدريب في المحافظات المشمولة بالدراسة التركمانية (كركوك-نينوى -بغداد-صلاح الدين-ديالى ),ge,الجودة والموائمة,تطوير مناهج وأساليب التقويم وتحديث تخصصات التعليم الاعدادي والتدريب المهني,المناهج والتقييم,تحديث تخصصات التعليم المهني التحضيرية،وتطوير المناهج الدراسية، وتدريب المعلمين والمشرفين(تتداخل مع التعليم والتدريب التقني والمهني),مناهج قائمة على المعايير في جميع صفوف التعليم العام ودمج المهارات والقدرات المستهدفة في الهدف الرابع من أهداف التنمية المستدامة بما في ذلك أسلوب الحياة المستدام، وحقوق الإنسان، والمساواة بين الجنسين، وتعزيز ثقافة السلام واللاعنف، والمواطنة العالمية، وقبول التنوع الثقافي.,percent,100.0,75.0,2023,2024,وزارة التربية والمديرية العامة للمناهج والمديرية العامة للشؤون المالية والمديرية العامة للدراسة التركمانية,done,0.0,0.0,,IQD,one,وزارة التربية,
تشكيل لجنة لدراسة الموضوع,ge,الجودة والموائمة,تطوير مناهج وأساليب التقويم وتحديث تخصصات التعليم الاعدادي والتدريب المهني,المناهج والتقييم,زيادة عدد الأيام الدراسية الى 182 يوم ورفع مدة الحصة الدراسية,مناهج قائمة على المعايير في جميع صفوف التعليم العام ودمج المهارات والقدرات المستهدفة في الهدف الرابع من أهداف التنمية المستدامة بما في ذلك أسلوب الحياة المستدام، وحقوق الإنسان، والمساواة بين الجنسين، وتعزيز ثقافة السلام واللاعنف، والمواطنة العالمية، وقبول التنوع الثقافي.,,1.0,0.0,2024,2026,التعليم العام,done,,,,IQD,one,,
إعداد وتطبيق معايير تقييم اداء الملاكات التعليمية واصحاب الشهادات العليا / مراجعة وتحديث معايير تقييم الملاكات التعليمية,ge,الجودة والموائمة,تطوير مناهج وأساليب التقويم وتحديث تخصصات التعليم الاعدادي والتدريب المهني,المناهج والتقييم,تعزيز وتنويع طرق التقييم للكادر التعليمي,مناهج قائمة على المعايير في جميع صفوف التعليم العام ودمج المهارات والقدرات المستهدفة في الهدف الرابع من أهداف التنمية المستدامة بما في ذلك أسلوب الحياة المستدام، وحقوق الإنسان، والمساواة بين الجنسين، وتعزيز ثقافة السلام واللاعنف، والمواطنة العالمية، وقبول التنوع الثقافي.,percent,100.0,20.0,2024,2025,قسم إدارة الجودة الشاملة المديريات العامة للتربية,done,0.0,0.0,0.0,IQD,one,لايوجد,
بالتنسيق مع المديرية العامة للشؤون الإدارية/قسم التجهيزات والمديرية العامة للمناهج نحرص على توفير كتب جديدة للصفوف الأربعة الأولى من المرحلة الابتدائية,ge,الجودة والموائمة,تطوير مناهج وأساليب التقويم وتحديث تخصصات التعليم الاعدادي والتدريب المهني,المناهج والتقييم,توفير كتب جديدة للصفوف الأربعة الأولى من المرحلة الابتدائية,مناهج قائمة على المعايير في جميع صفوف التعليم العام ودمج المهارات والقدرات المستهدفة في الهدف الرابع من أهداف التنمية المستدامة بما في ذلك أسلوب الحياة المستدام، وحقوق الإنسان، والمساواة بين الجنسين، وتعزيز ثقافة السلام واللاعنف، والمواطنة العالمية، وقبول التنوع الثقافي,percent,100.0,75.0,2023,2024,المديرية العامة للشؤون الإدارية/قسم التجهيزات والمديرية العامة للمناهج,done,,,,IQD,one,وزارة التربية,
تجهيز مدارس المحافظة بالكتب المدرسية لهذه الصفوف بنسبة 100% ماعدا مادة الانكليزي للصف الاول والثاني جهزت بنسبة 55% والصف الرابع لم تجهز لعدم طباعتها من قبل الوزارة,ge,الجودة والموائمة,تطوير مناهج وأساليب التقويم وتحديث تخصصات التعليم الاعدادي والتدريب المهني,المناهج والتقييم,توفير كتب جديدة للصفوف الأربعة الأولى من المرحلة الابتدائية,مناهج قائمة على المعايير في جميع صفوف التعليم العام ودمج المهارات والقدرات المستهدفة في الهدف الرابع من أهداف التنمية المستدامة بما في ذلك أسلوب الحياة المستدام، وحقوق الإنسان، والمساواة بين الجنسين، وتعزيز ثقافة السلام واللاعنف، والمواطنة العالمية، وقبول التنوع الثقافي.,percent,100.0,100.0,2024,2025,وزارة التربية - تربية النجف,done,0.0,0.0,0.0,IQD,one,,
طبع وتجهيز الدفاتر الامتحانية للصفوف غير المنتهية .,ge,الجودة والموائمة,تطوير مناهج وأساليب التقويم وتحديث تخصصات التعليم الاعدادي والتدريب المهني,المناهج والتقييم,توفير كتب جديدة للصفوف الأربعة الأولى من المرحلة الابتدائية,مناهج قائمة على المعايير في جميع صفوف التعليم العام ودمج المهارات والقدرات المستهدفة في الهدف الرابع من أهداف التنمية المستدامة بما في ذلك أسلوب الحياة المستدام، وحقوق الإنسان، والمساواة بين الجنسين، وتعزيز ثقافة السلام واللاعنف، والمواطنة العالمية، وقبول التنوع الثقافي.,,,,2026-02-10 00:00:00,2026-05-04 00:00:00,شركة النهرين العامة لطباعة وانتاج المستلزمات التربوية,done,476000000.0,476000000.0,,IQD,one,,
طبع وتجهيز الدفاتر الامتحانية للصفوف المنتهية الثالث المتوسط.,ge,الجودة والموائمة,تطوير مناهج وأساليب التقويم وتحديث تخصصات التعليم الاعدادي والتدريب المهني,المناهج والتقييم,توفير كتب جديدة للصفوف الأربعة الأولى من المرحلة الابتدائية,مناهج قائمة على المعايير في جميع صفوف التعليم العام ودمج المهارات والقدرات المستهدفة في الهدف الرابع من أهداف التنمية المستدامة بما في ذلك أسلوب الحياة المستدام، وحقوق الإنسان، والمساواة بين الجنسين، وتعزيز ثقافة السلام واللاعنف، والمواطنة العالمية، وقبول التنوع الثقافي.,,,,2026-01-27 00:00:00,2026-06-07 00:00:00,شركة النهرين العامة لطباعة وانتاج المستلزمات التربوية,done,1404000000.0,1404000000.0,,IQD,one,,
تم تجهيز الصفوف الأربعة الاولى,ge,الجودة والموائمة,تطوير مناهج وأساليب التقويم وتحديث تخصصات التعليم الاعدادي والتدريب المهني,المناهج والتقييم,توفير كتب جديدة للصفوف الأربعة الأولى من المرحلة الابتدائية,تطوير مناهج وأساليب تقويم وتحديث تخصصات التعليم الاعدادي والتدريب المهني,percent,100.0,100.0,2024,2024,قسم الإدارة والتجهيزات - الرصافة الثانية,done,,,,IQD,one,,
السبورات المدرسية(وايت بورد) : تجهيز المدارس بالسبورات المدرسية والمستلمة من العتبة الحسينية المقدسة كهدايا والبالغ عددها (1000) سبورة وايت بورد,ge,الجودة والموائمة,تطوير مناهج وأساليب التقويم وتحديث تخصصات التعليم الاعدادي والتدريب المهني,المناهج والتقييم,توفير كتب جديدة للصفوف الأربعة الأولى من المرحلة الابتدائية,مناهج قائمة على المعايير في جميع صفوف التعليم العام ودمج المهارات والقدرات المستهدفة في الهدف الرابع من أهداف التنمية المستدامة بما في ذلك أسلوب الحياة المستدام، وحقوق الإنسان، والمساواة بين الجنسين، وتعزيز ثقافة السلام واللاعنف، والمواطنة العالمية، وقبول التنوع الثقافي.,percent,100.0,100.0,2024,2025,العتبة الحسينية المقدسة - تربية كربلاء,done,0.0,0.0,0.0,IQD,one,,
الرحلات المدرسية : تجهيز مدارس مديريتنا بالرحلات المدرسية (20000) رحلة مدرسية مزدوجة,ge,الجودة والموائمة,تطوير مناهج وأساليب التقويم وتحديث تخصصات التعليم الاعدادي والتدريب المهني,المناهج والتقييم,توفير كتب جديدة للصفوف الأربعة الأولى من المرحلة الابتدائية,مناهج قائمة على المعايير في جميع صفوف التعليم العام ودمج المهارات والقدرات المستهدفة في الهدف الرابع من أهداف التنمية المستدامة بما في ذلك أسلوب الحياة المستدام، وحقوق الإنسان، والمساواة بين الجنسين، وتعزيز ثقافة السلام واللاعنف، والمواطنة العالمية، وقبول التنوع الثقافي.,percent,100.0,,2026,2031,العتبة الحسينية المقدسة - تربية كربلاء,done,,,,IQD,one,,
الرحلات المدرسية : تجهيز المدارس بالرحلات المدرسية والمستلمة من رئاسة الوزراء/الجهد الهندسي والخدمي كهدايا والبالغ عددها (15393) رحلة سنة 2023 و(2000)رحلة سنة 2024,ge,الجودة والموائمة,تطوير مناهج وأساليب التقويم وتحديث تخصصات التعليم الاعدادي والتدريب المهني,المناهج والتقييم,توفير كتب جديدة للصفوف الأربعة الأولى من المرحلة الابتدائية,مناهج قائمة على المعايير في جميع صفوف التعليم العام ودمج المهارات والقدرات المستهدفة في الهدف الرابع من أهداف التنمية المستدامة بما في ذلك أسلوب الحياة المستدام، وحقوق الإنسان، والمساواة بين الجنسين، وتعزيز ثقافة السلام واللاعنف، والمواطنة العالمية، وقبول التنوع الثقافي.,percent,100.0,100.0,2023,2025,رئاسة الوزراء/الجهد الهندسي والخدمي - تربية النجف,done,0.0,0.0,0.0,IQD,one,,
الرحلات المدرسية : تجهيز المدارس بالرحلات المدرسية والمستلمة من مخازن وزارة التربيةوالبالغ عددها (11250) رحلة مدرسية مزدوجة,ge,الجودة والموائمة,تطوير مناهج وأساليب التقويم وتحديث تخصصات التعليم الاعدادي والتدريب المهني,المناهج والتقييم,توفير كتب جديدة للصفوف الأربعة الأولى من المرحلة الابتدائية,مناهج قائمة على المعايير في جميع صفوف التعليم العام ودمج المهارات والقدرات المستهدفة في الهدف الرابع من أهداف التنمية المستدامة بما في ذلك أسلوب الحياة المستدام، وحقوق الإنسان، والمساواة بين الجنسين، وتعزيز ثقافة السلام واللاعنف، والمواطنة العالمية، وقبول التنوع الثقافي.,percent,100.0,,15\11\2024,30\3\2025,وزارة التربية - تربية النجف,done,,,,IQD,one,ـــ,منجز
تجهيز مدارس المحافظة بالكتب المدرسية من الصف الاول الى الصف الثالث الابتدائي بنسبة 100% ومن الصف الرابع الى الصف السادس بنسبة 70%,ge,الجودة والموائمة,تطوير مناهج وأساليب التقويم وتحديث تخصصات التعليم الاعدادي والتدريب المهني,المناهج والتقييم,توفير كتب جديدة للصفوف الأربعة الأولى من المرحلة الابتدائية,مناهج قائمة على المعايير في جميع صفوف التعليم العام ودمج المهارات والقدرات المستهدفة في الهدف الرابع من أهداف التنمية المستدامة بما في ذلك أسلوب الحياة المستدام، وحقوق الإنسان، والمساواة بين الجنسين، وتعزيز ثقافة السلام واللاعنف، والمواطنة العالمية، وقبول التنوع الثقافي.,percent,100.0,,15\8\2024,30\3\2025,وزارة التربية - تربية النجف,done,,,,IQD,one,ـــ,منجز
تجهيز الكتب الجديدة لجميع مدارس المديرية لصفوف الاربعة الاولى في بداية العام الدراسي + تجهيز كافة المراحل واعداد جداول الاستلام والتسليم,ge,الجودة والموائمة,تطوير مناهج وأساليب التقويم وتحديث تخصصات التعليم الاعدادي والتدريب المهني,المناهج والتقييم,توفير كتب جديدة للصفوف الأربعة الأولى من المرحلة الابتدائية,مناهج قائمة على المعايير في جميع صفوف التعليم العام ودمج المهارات والقدرات المستهدفة في الهدف الرابع من أهداف التنمية المستدامة بما في ذلك أسلوب الحياة المستدام، وحقوق الإنسان، والمساواة بين الجنسين، وتعزيز ثقافة السلام واللاعنف، والمواطنة العالمية، وقبول التنوع الثقافي.,percent,100.0,50.0,2024,2025,وزارة التربية / المديرية العامة للشؤون الادارية,done,0.0,0.0,0.0,IQD,one,لايحتاج,
تجهيز الكتب الجديدة لجميع مدارس المديرية لصفوف الاربعة الاولى في بداية العام الدراسي + تجهيز كافة المراحل واعداد جداول الاستلام والتسليم,ge,الجودة والموائمة,تطوير مناهج وأساليب التقويم وتحديث تخصصات التعليم الاعدادي والتدريب المهني,المناهج والتقييم,توفير كتب جديدة للصفوف الأربعة الأولى من المرحلة الابتدائية,مناهج قائمة على المعايير في جميع صفوف التعليم العام ودمج المهارات والقدرات المستهدفة في الهدف الرابع من أهداف التنمية المستدامة بما في ذلك أسلوب الحياة المستدام، وحقوق الإنسان، والمساواة بين الجنسين، وتعزيز ثقافة السلام واللاعنف، والمواطنة العالمية، وقبول التنوع الثقافي.,percent,100.0,0.0,2026,2026,وزارة التربية / المديرية العامة للشؤون الادارية,done,,,,IQD,one,لا يحتاج,
توزيع الكتب المدرسية على المدارس,ge,الجودة والموائمة,تطوير مناهج وأساليب التقويم وتحديث تخصصات التعليم الاعدادي والتدريب المهني,المناهج والتقييم,توفير كتب جديدة للصفوف الأربعة الأولى من المرحلة الابتدائية,مناهج قائمة على المعايير في جميع صفوف التعليم العام ودمج المهارات والقدرات المستهدفة في الهدف الرابع من أهداف التنمية المستدامة بما في ذلك أسلوب الحياة المستدام، وحقوق الإنسان، والمساواة بين الجنسين، وتعزيز ثقافة السلام واللاعنف، والمواطنة العالمية، وقبول التنوع الثقافي.,percent,100.0,0.0,2024,2025,تربية ديالى,done,0.0,0.0,0.0,IQD,one,,
طباعة الكتب المدرسية لكل المديريات العامة للتربية في الوزارة,ge,الجودة والموائمة,تطوير مناهج وأساليب التقويم وتحديث تخصصات التعليم الاعدادي والتدريب المهني,المناهج والتقييم,توفير كتب جديدة للصفوف الأربعة الأولى من المرحلة الابتدائية,مناهج قائمة على المعايير في جميع صفوف التعليم العام ودمج المهارات والقدرات المستهدفة في الهدف الرابع من أهداف التنمية المستدامة بما في ذلك أسلوب الحياة المستدام، وحقوق الإنسان، والمساواة بين الجنسين، وتعزيز ثقافة السلام واللاعنف، والمواطنة العالمية، وقبول التنوع الثقافي.,percent,100.0,50.0,2023,2025,مكتب الوزير / قسم العقود ، قسم التجهيزات ، قسم المخازن,done,,,,IQD,one,الموازنة التشغيللة لوزارة التربية,
طباعة الكتب المدرسية لكل المديريات العامة للتربية في الوزارة,ge,الجودة والموائمة,تطوير مناهج وأساليب التقويم وتحديث تخصصات التعليم الاعدادي والتدريب المهني,المناهج والتقييم,توفير كتب جديدة للصفوف الأربعة الأولى من المرحلة الابتدائية,مناهج قائمة على المعايير في جميع صفوف التعليم العام ودمج المهارات والقدرات المستهدفة في الهدف الرابع من أهداف التنمية المستدامة بما في ذلك أسلوب الحياة المستدام، وحقوق الإنسان، والمساواة بين الجنسين، وتعزيز ثقافة السلام واللاعنف، والمواطنة العالمية، وقبول التنوع الثقافي.,percent,100.0,0.0,2025,2026,مكتب الوزير / قسم العقود ، قسم التجهيزات ، قسم المخازن,done,145000000000.0,,,IQD,one,الموازنة التشغيللة لوزارة التربية,
طبع وتجهيز 18 عنوان / الكتب المدرسية / صفوف المرحلة الابتدائية,ge,الجودة والموائمة,تطوير مناهج وأساليب التقويم وتحديث تخصصات التعليم الاعدادي والتدريب المهني,المناهج والتقييم,توفير كتب جديدة للصفوف الأربعة الأولى من المرحلة الابتدائية,مناهج قائمة على المعايير في جميع صفوف التعليم العام ودمج المهارات والقدرات المستهدفة في الهدف الرابع من أهداف التنمية المستدامة بما في ذلك أسلوب الحياة المستدام، وحقوق الإنسان، والمساواة بين الجنسين، وتعزيز ثقافة السلام واللاعنف، والمواطنة العالمية، وقبول التنوع الثقافي.,,,,45810,45900,شركة النهرين العامة لطباعة وانتاج المستلزمات التربوية,done,16274547972.0,16274547972.0,16274547972.0,IQD,one,موارد الشركة الذاتية,
طبع وتجهيز الدفاتر المدرسية لمرحلة الثالث المتوسط.,ge,الجودة والموائمة,تطوير مناهج وأساليب التقويم وتحديث تخصصات التعليم الاعدادي والتدريب المهني,المناهج والتقييم,توفير كتب جديدة للصفوف الأربعة الأولى من المرحلة الابتدائية,مناهج قائمة على المعايير في جميع صفوف التعليم العام ودمج المهارات والقدرات المستهدفة في الهدف الرابع من أهداف التنمية المستدامة بما في ذلك أسلوب الحياة المستدام، وحقوق الإنسان، والمساواة بين الجنسين، وتعزيز ثقافة السلام واللاعنف، والمواطنة العالمية، وقبول التنوع الثقافي.,percent,,0.0,2025-02-18 00:00:00,2025,شركة النهرين العامة لطباعة وانتاج المستلزمات التربوية,done,1098000000.0,1098000000.0,,IQD,one,موارد الشركة الذاتية,
طبع وتجهيز الكتب المدرسية للمرحلة المتوسطة,ge,الجودة والموائمة,تطوير مناهج وأساليب التقويم وتحديث تخصصات التعليم الاعدادي والتدريب المهني,المناهج والتقييم,توفير كتب جديدة للصفوف الأربعة الأولى من المرحلة الابتدائية,مناهج قائمة على المعايير في جميع صفوف التعليم العام ودمج المهارات والقدرات المستهدفة في الهدف الرابع من أهداف التنمية المستدامة بما في ذلك أسلوب الحياة المستدام، وحقوق الإنسان، والمساواة بين الجنسين، وتعزيز ثقافة السلام واللاعنف، والمواطنة العالمية، وقبول التنوع الثقافي.,,,,2025-07-17 00:00:00,2025-09-02 00:00:00,شركة النهرين العامة لطباعة وانتاج المستلزمات التربوية,done,3952377133.0,3952377133.0,3952377133.0,IQD,one,موارد الشركة الذاتية,
طبع وتجهيز الكتب المدرسية للمرحلة المتوسطة +المرحلة الابتدائية,ge,الجودة والموائمة,تطوير مناهج وأساليب التقويم وتحديث تخصصات التعليم الاعدادي والتدريب المهني,المناهج والتقييم,توفير كتب جديدة للصفوف الأربعة الأولى من المرحلة الابتدائية,مناهج قائمة على المعايير في جميع صفوف التعليم العام ودمج المهارات والقدرات المستهدفة في الهدف الرابع من أهداف التنمية المستدامة بما في ذلك أسلوب الحياة المستدام، وحقوق الإنسان، والمساواة بين الجنسين، وتعزيز ثقافة السلام واللاعنف، والمواطنة العالمية، وقبول التنوع الثقافي.,,,0.0,2025-09-22 00:00:00,2025-10-22 00:00:00,شركة النهرين العامة لطباعة وانتاج المستلزمات التربوية,done,1448979635.0,1448979635.0,1448979635.0,IQD,one,موارد الشركة الذاتية,
طبع وتجهيز الدفاتر الامتحانية للصفوف غير المنتهية,ge,الجودة والموائمة,تطوير مناهج وأساليب التقويم وتحديث تخصصات التعليم الاعدادي والتدريب المهني,المناهج والتقييم,توفير كتب جديدة للصفوف الأربعة الأولى من المرحلة الابتدائية,مناهج قائمة على المعايير في جميع صفوف التعليم العام ودمج المهارات والقدرات المستهدفة في الهدف الرابع من أهداف التنمية المستدامة بما في ذلك أسلوب الحياة المستدام، وحقوق الإنسان، والمساواة بين الجنسين، وتعزيز ثقافة السلام واللاعنف، والمواطنة العالمية، وقبول التنوع الثقافي.,,21250000.0,0.0,2025-11-02 00:00:00,2025-12-25 00:00:00,شركة النهرين العامة لطباعة وانتاج المستلزمات التربوية,done,1806250000.0,1806250000.0,1806250000.0,IQD,one,موارد الشركة الذاتية,
طبع وتجهيز الدفاتر الامتحانية للصفوف غير المنتهية .,ge,الجودة والموائمة,تطوير مناهج وأساليب التقويم وتحديث تخصصات التعليم الاعدادي والتدريب المهني,المناهج والتقييم,توفير كتب جديدة للصفوف الأربعة الأولى من المرحلة الابتدائية,مناهج قائمة على المعايير في جميع صفوف التعليم العام ودمج المهارات والقدرات المستهدفة في الهدف الرابع من أهداف التنمية المستدامة بما في ذلك أسلوب الحياة المستدام، وحقوق الإنسان، والمساواة بين الجنسين، وتعزيز ثقافة السلام واللاعنف، والمواطنة العالمية، وقبول التنوع الثقافي.,,,0.0,2026-02-10 00:00:00,2026-05-04 00:00:00,شركة النهرين العامة لطباعة وانتاج المستلزمات التربوية,done,476000000.0,476000000.0,,IQD,one,موارد الشركة الذاتية,
طبع وتجهيز الدفاتر الامتحانية للصفوف المنتهية الثالث المتوسط.,ge,الجودة والموائمة,تطوير مناهج وأساليب التقويم وتحديث تخصصات التعليم الاعدادي والتدريب المهني,المناهج والتقييم,توفير كتب جديدة للصفوف الأربعة الأولى من المرحلة الابتدائية,مناهج قائمة على المعايير في جميع صفوف التعليم العام ودمج المهارات والقدرات المستهدفة في الهدف الرابع من أهداف التنمية المستدامة بما في ذلك أسلوب الحياة المستدام، وحقوق الإنسان، والمساواة بين الجنسين، وتعزيز ثقافة السلام واللاعنف، والمواطنة العالمية، وقبول التنوع الثقافي.,,,0.0,2026-01-27 00:00:00,2026-06-07 00:00:00,شركة النهرين العامة لطباعة وانتاج المستلزمات التربوية,done,1404000000.0,1404000000.0,,IQD,one,موارد الشركة الذاتية,
طبع وتجهيز الدفاتر المدرسية للصفوف غير المنتهية .,ge,الجودة والموائمة,تطوير مناهج وأساليب التقويم وتحديث تخصصات التعليم الاعدادي والتدريب المهني,المناهج والتقييم,توفير كتب جديدة للصفوف الأربعة الأولى من المرحلة الابتدائية,مناهج قائمة على المعايير في جميع صفوف التعليم العام ودمج المهارات والقدرات المستهدفة في الهدف الرابع من أهداف التنمية المستدامة بما في ذلك أسلوب الحياة المستدام، وحقوق الإنسان، والمساواة بين الجنسين، وتعزيز ثقافة السلام واللاعنف، والمواطنة العالمية، وقبول التنوع الثقافي.,percent,,0.0,2025-02-18 00:00:00,2025,شركة النهرين العامة لطباعة وانتاج المستلزمات التربوية,done,603500000.0,603500000.0,,IQD,one,موارد الشركة الذاتية,
تنفيذ الزيارات الاشرافية والاجتماعات الدورية لمتابعة ومراقبة خطط ادارات المدارس,ge,الجودة والموائمة,الارتقاء ببرنامج الإدارة المدرسية لتعزيز القيادة المدرسية والمشاركة المجتمعية,القيادة المدرسية والمشاركة المجتمعية,تطوير وتنفيذ ومراقبة خطط تطوير المدرسة,النسبة المئوية للمدارس التي حققت المستوى الرابع من الجودة في التقييم الخارجي (جزء من التقييم الخارجي لبرنامج التطوير المدرسي من قبل المشرفين الذين يطبقون الإنجازات المدرسية مع معايير الجودة المحددة).,percent,100.0,50.0,2024,2025,المديرية العامة لتربية الكرخ الثالثة/ قسم الاشراف التربوي + الاشراف الاختصاصي,done,0.0,0.0,0.0,IQD,one,لايحتاج,
ندوة بعنوان (اثر البيئة الداخلية في أداء المعلمين) / و اجراء بحث بعنوان (تقييم أداء المؤسسة التربوية في ضوء الاستراتيجية الوطنية للتربية والتعليم 2021 - 2031)),ge,الجودة والموائمة,الارتقاء ببرنامج الإدارة المدرسية لتعزيز القيادة المدرسية والمشاركة المجتمعية,القيادة المدرسية والمشاركة المجتمعية,تطوير وتنفيذ ومراقبة خطط تطوير المدرسة,النسبة المئوية للمدارس التي حققت المستوى الرابع من الجودة في التقييم الخارجي (جزء من التقييم الخارجي لبرنامج التطوير المدرسي من قبل المشرفين الذين يطبقون الإنجازات المدرسية مع معايير الجودة المحددة).,percent,100.0,,2025,2025,مركز البحوث والدراسات,done,0.0,0.0,0.0,IQD,one,,
-ترجمة دراسة بعنوان (القيادة والادارة التربوية الناجحة) اجراء بحث بعنوان (دورة الادارة المدرسية في بناء شخصة التلميذ ( دراسة مقارنة بين المدارس الحكومية والاهلية)),ge,الجودة والموائمة,الارتقاء ببرنامج الإدارة المدرسية لتعزيز القيادة المدرسية والمشاركة المجتمعية,القيادة المدرسية والمشاركة المجتمعية,تطوير وتنفيذ ومراقبة خطط تطوير المدرسة,النسبة المئوية للمدارس التي حققت المستوى الرابع من الجودة في التقييم الخارجي (جزء من التقييم الخارجي لبرنامج التطوير المدرسي من قبل المشرفين الذين يطبقون الإنجازات المدرسية مع معايير الجودة المحددة).,percent,100.0,60.0,2024,2025,جميع المديريات العامة للتربية - مركز البحوث والدراسات,done,0.0,0.0,0.0,IQD,one,,
التنسيق مع قسم الاعداد والتدريب بشمول ادارات المدارس بالدورات التدريبية والعمل على تقويم الادارات كافة من قبل قسمي الاشراف التربوي والاختصاصي,ge,الجودة والموائمة,الارتقاء ببرنامج الإدارة المدرسية لتعزيز القيادة المدرسية والمشاركة المجتمعية,القيادة المدرسية والمشاركة المجتمعية,تطوير وتنفيذ ومراقبة خطط تطوير المدرسة,النسبة المئوية للمدارس التي حققت المستوى الرابع من الجودة في التقييم الخارجي (جزء من التقييم الخارجي لبرنامج التطوير المدرسي من قبل المشرفين الذين يطبقون الإنجازات المدرسية مع معايير الجودة المحددة).,percent,100.0,10.0,2024,2027,قسم الاشراف التربوي + شعبة ضمان اجودة +اقسام وشعب امديرية,done,0.0,0.0,0.0,IQD,one,,
تشكيل لجان مشتركة من اقسام االاشراف التربوي والاختصاص وإدارة الجودة اللغرض اعداد تقارير ومتابعة وضع الخطط المدارس,ge,الجودة والموائمة,الارتقاء ببرنامج الإدارة المدرسية لتعزيز القيادة المدرسية والمشاركة المجتمعية,القيادة المدرسية والمشاركة المجتمعية,تطوير وتنفيذ ومراقبة خطط تطوير المدرسة,النسبة المئوية للمدارس التي حققت المستوى الرابع من الجودة في التقييم الخارجي (جزء من التقييم الخارجي لبرنامج التطوير المدرسي من قبل المشرفين الذين يطبقون الإنجازات المدرسية مع معايير الجودة المحددة).,percent,100.0,0.0,2024,2025,الاشراف التربوي,done,0.0,0.0,0.0,IQD,one,لايوجد,
ورش عمل على صياغة الخطة التطويرية للمدرسة للوصول للرؤية والرسالة والاهداف,ge,الجودة والموائمة,الارتقاء ببرنامج الإدارة المدرسية لتعزيز القيادة المدرسية والمشاركة المجتمعية,القيادة المدرسية والمشاركة المجتمعية,تطوير وتنفيذ ومراقبة خطط تطوير المدرسة,النسبة المئوية للمدارس التي حققت المستوى الرابع من الجودة في التقييم الخارجي (جزء من التقييم الخارجي لبرنامج التطوير المدرسي من قبل المشرفين الذين يطبقون الإنجازات المدرسية مع معايير الجودة المحددة).,percent,100.0,0.0,2024,2025,تربية ذي قار,done,0.0,0.0,0.0,IQD,one,لايوجد,
دورات المدارس ولجان الجودة المدرسية في دورات تطويرية في بناء وتنفيذ الخطة التطويرية للمدرسة,ge,الجودة والموائمة,الارتقاء ببرنامج الإدارة المدرسية لتعزيز القيادة المدرسية والمشاركة المجتمعية,القيادة المدرسية والمشاركة المجتمعية,تطوير وتنفيذ ومراقبة خطط تطوير المدرسة,النسبة المئوية للمدارس التي حققت المستوى الرابع من الجودة في التقييم الخارجي (جزء من التقييم الخارجي لبرنامج التطوير المدرسي من قبل المشرفين الذين يطبقون الإنجازات المدرسية مع معايير الجودة المحددة).,percent,100.0,100.0,2024,2025,قسم الاعداد والتدريب - تربية نينوى,done,0.0,0.0,0.0,IQD,one,لايوجد,
اختيار مديري ومعاوني المدارس الاهلية وفقا للضوابط والشروط,ge,الجودة والموائمة,الارتقاء ببرنامج الإدارة المدرسية لتعزيز القيادة المدرسية والمشاركة المجتمعية,القيادة المدرسية والمشاركة المجتمعية,تطوير وتنفيذ ومراقبة خطط تطوير المدرسة,تعديل اختيار مديري المدارس,percent,100.0,40.0,2023,2025,قسم التعليم الاهلي,done,0.0,0.0,0.0,IQD,one,لا يحتاج تخصيص,هذا المشروع مستمر وهو من مهام الوزارة وتقوم به بصفة دورية
تعميم استبانة جودة الخدمة,ge,الجودة والموائمة,الارتقاء ببرنامج الإدارة المدرسية لتعزيز القيادة المدرسية والمشاركة المجتمعية,القيادة المدرسية والمشاركة المجتمعية,تطوير وتنفيذ ومراقبة خطط تطوير المدرسة,تقديم افضل الخدمات للمراجعين من قبل الافراد العاملين والتي تساهم في تحسين الخدمة,,1.0,,2026,2026,شعبة إدارة الجودة والتطوير المؤسسي,done,,,,IQD,one,,
تعميم استبانة اساليب العمل الاداري,ge,الجودة والموائمة,الارتقاء ببرنامج الإدارة المدرسية لتعزيز القيادة المدرسية والمشاركة المجتمعية,القيادة المدرسية والمشاركة المجتمعية,تطوير وتنفيذ ومراقبة خطط تطوير المدرسة,الارتقاء بواقع العمل المؤسسي,,1.0,,2026,2026,شعبة إدارة الجودة والتطوير المؤسسي,done,,,,IQD,one,,
تعميم استبانة الرضا الوظيفي,ge,الجودة والموائمة,الارتقاء ببرنامج الإدارة المدرسية لتعزيز القيادة المدرسية والمشاركة المجتمعية,القيادة المدرسية والمشاركة المجتمعية,تطوير وتنفيذ ومراقبة خطط تطوير المدرسة,رفع مستوى الاداء وتحقيق الكفاءة التنظيمية حيث ان رضا العاملين ينعكس على جودة الخدمات التربوية ويؤثر بشكل مباشر على استقرار البيئة التعليمية,,1.0,,2026,2026,شعبة إدارة الجودة والتطوير المؤسسي,done,,,,IQD,one,,
زيارات المدارس,ge,الجودة والموائمة,الارتقاء ببرنامج الإدارة المدرسية لتعزيز القيادة المدرسية والمشاركة المجتمعية,القيادة المدرسية والمشاركة المجتمعية,تطوير وتنفيذ ومراقبة خطط تطوير المدرسة,الاطلاع عن كثب على ما هو متحقق من معايير الجودة,,1.0,,2026,2026,شعبة إدارة الجودة والتطوير المؤسسي,done,,,,IQD,one,,
متابعة ونشر سجل الجودة وتعميمه في عموم مدارس محافظة نينوى,ge,الجودة والموائمة,الارتقاء ببرنامج الإدارة المدرسية لتعزيز القيادة المدرسية والمشاركة المجتمعية,القيادة المدرسية والمشاركة المجتمعية,تطوير وتنفيذ ومراقبة خطط تطوير المدرسة,لتعميم مفاهيم إدارة الجودة,,1.0,,2026,2026,شعبة إدارة الجودة والتطوير المؤسسي,done,,,,IQD,one,,
متابعة لجنة الفريق الساند لتطبيق الاستراتيجية الوطنية للنزاهة ومكافحة الفساد,ge,الجودة والموائمة,الارتقاء ببرنامج الإدارة المدرسية لتعزيز القيادة المدرسية والمشاركة المجتمعية,القيادة المدرسية والمشاركة المجتمعية,تطوير وتنفيذ ومراقبة خطط تطوير المدرسة,نشر ثقافة النزاهة والشفافية وعدم هدر المال العام,,1.0,,2026,2026,شعبة إدارة الجودة والتطوير المؤسسي,done,,,,IQD,one,,
انجاز معاملات المتقدمين للمعاونية والإدارة والمنقولين والترقيات العلمية,ge,الجودة والموائمة,الارتقاء ببرنامج الإدارة المدرسية لتعزيز القيادة المدرسية والمشاركة المجتمعية,القيادة المدرسية والمشاركة المجتمعية,تطوير وتنفيذ ومراقبة خطط تطوير المدرسة,لتسهيل اجراءات من خلال اعطاء التقييمات للمتقدمين,,1.0,,2026,2026,شعبة إدارة الجودة والتطوير المؤسسي,done,,,,IQD,one,,
اختيار مديري ومعاوني المدارس الحكومية وفقا لمشروع الادارات المدرسية النافذ,ge,الجودة والموائمة,الارتقاء ببرنامج الإدارة المدرسية لتعزيز القيادة المدرسية والمشاركة المجتمعية,القيادة المدرسية والمشاركة المجتمعية,تطوير وتنفيذ ومراقبة خطط تطوير المدرسة,تعديل اختيار مديري المدارس,percent,100.0,85.0,2023,2024,قسم الادارة المدرسية - المديرية العامة للتعليم العام والاهلي والاجنبي,done,0.0,0.0,0.0,IQD,one,لا يحتاج تخصيص,هذا المشروع مستمر وهو من مهام الوزارة وتقوم به بصفة دورية
تشكيل لجان مشتركة من قسمي الاشراف واقسام التربية في الاقضية لمراقبة وتقييم خطط التطوير,ge,الجودة والموائمة,الارتقاء ببرنامج الإدارة المدرسية لتعزيز القيادة المدرسية والمشاركة المجتمعية,القيادة المدرسية والمشاركة المجتمعية,تطوير وتنفيذ ومراقبة خطط تطوير المدرسة,زيادة الاستعداد للمدرسة بين الأطفال الابتدائي، وتحسين نتائج التعليم والتعلم في التعليم الابتدائي والثانوي، وخفض معدلات التسرب والرسوب,count,1.0,0.0,2024,2024,المديرية العامة لتربية القادسية,done,0.0,0.0,0.0,IQD,one,,
دورات العمل على صياغة الخطة التطويرية للمدرسة وفق مراحل ونموذج معين باتجاه الوصول للرؤية والرسالة والاهداف,ge,الجودة والموائمة,الارتقاء ببرنامج الإدارة المدرسية لتعزيز القيادة المدرسية والمشاركة المجتمعية,القيادة المدرسية والمشاركة المجتمعية,تطوير وتنفيذ ومراقبة خطط تطوير المدرسة,النسبة المئوية للمدارس التي حققت المستوى الرابع من الجودة في التقييم الخارجي (جزء من التقييم الخارجي لبرنامج التطوير المدرسي من قبل المشرفين الذين يطبقون الإنجازات المدرسية مع معايير الجودة المحددة).,percent,100.0,100.0,2024,2025,قسم الاعداد والتدريب - تربية نينوى,done,0.0,0.0,0.0,IQD,one,لايوجد,
دورات المدارس ولجان الجودة المدرسية في دورات تطويرية في بناء وتنفيذ الخطة التطويرية للمدرسة,ge,الجودة والموائمة,الارتقاء ببرنامج الإدارة المدرسية لتعزيز القيادة المدرسية والمشاركة المجتمعية,القيادة المدرسية والمشاركة المجتمعية,تطوير وتنفيذ ومراقبة خطط تطوير المدرسة,النسبة المئوية للمدارس التي حققت المستوى الرابع من الجودة في التقييم الخارجي (جزء من التقييم الخارجي لبرنامج التطوير المدرسي من قبل المشرفين الذين يطبقون الإنجازات المدرسية مع معايير الجودة المحددة).,percent,100.0,,2025,2025,قسم الاعداد والتدريب,done,0.0,0.0,0.0,IQD,one,لايوجد,
دورات العمل على صياغة الخطة التطويرية للمدرسة وفق مراحل ونموذج معين باتجاه الوصول للرؤية والرسالة والاهداف,ge,الجودة والموائمة,الارتقاء ببرنامج الإدارة المدرسية لتعزيز القيادة المدرسية والمشاركة المجتمعية,القيادة المدرسية والمشاركة المجتمعية,تطوير وتنفيذ ومراقبة خطط تطوير المدرسة,النسبة المئوية للمدارس التي حققت المستوى الرابع من الجودة في التقييم الخارجي (جزء من التقييم الخارجي لبرنامج التطوير المدرسي من قبل المشرفين الذين يطبقون الإنجازات المدرسية مع معايير الجودة المحددة).,percent,100.0,,2025,2025,قسم الاعداد والتدريب,done,0.0,0.0,0.0,IQD,one,لايوجد,
اجراء بحث بعنوان (دتقييم أداء المدارس المسائية: دراسة ميدانية في مديرية الرصافة الثانية)),ge,الجودة والموائمة,الارتقاء ببرنامج الإدارة المدرسية لتعزيز القيادة المدرسية والمشاركة المجتمعية,القيادة المدرسية والمشاركة المجتمعية,تطوير وتنفيذ ومراقبة خطط تطوير المدرسة,جزء من التقييم الخارجي لبرنامج التطوير المدرسي من قبل المشرفين الذين يطبقون الإنجازات المدرسية مع معايير الجودة المحددة,percent,100.0,,2026,2026,مركز البحوث والدراسات بالتعاون مع المديرية العامة لتربية الرصافة 2,done,0.0,0.0,0.0,IQD,one,لايوجد,
اجراء بحث بعنوان (مدى توظيف مدرسي اللغة العربية للاسئلة الصفية وأساليب التقويم التشخيصي اثناء التدريس)),ge,الجودة والموائمة,الارتقاء ببرنامج الإدارة المدرسية لتعزيز القيادة المدرسية والمشاركة المجتمعية,القيادة المدرسية والمشاركة المجتمعية,تطوير وتنفيذ ومراقبة خطط تطوير المدرسة,جزء من التقييم الخارجي لبرنامج التطوير المدرسي من قبل المشرفين الذين يطبقون الإنجازات المدرسية مع معايير الجودة المحددة,percent,100.0,,2026,2026,مركز البحوث والدراسات,done,0.0,0.0,0.0,IQD,one,لايوجد,
اجراء بحث بعنوان (استخدام نماذج الرسم البياني والذكاء الاصطناعي لتحليل أنماط تعلم الرياضيات في المدارس والتنبؤ بها)),ge,الجودة والموائمة,الارتقاء ببرنامج الإدارة المدرسية لتعزيز القيادة المدرسية والمشاركة المجتمعية,القيادة المدرسية والمشاركة المجتمعية,تطوير وتنفيذ ومراقبة خطط تطوير المدرسة,جزء من التقييم الخارجي لبرنامج التطوير المدرسي من قبل المشرفين الذين يطبقون الإنجازات المدرسية مع معايير الجودة المحددة,percent,100.0,,2026,2026,مركز البحوث والدراسات,done,0.0,0.0,0.0,IQD,one,لايوجد,
تشكيل لجان مشتركة من قسمي الاشراف واقسام التربية في الاقضية لمراقبة وتقييم خطط التطوير,ge,الجودة والموائمة,الارتقاء ببرنامج الإدارة المدرسية لتعزيز القيادة المدرسية والمشاركة المجتمعية,القيادة المدرسية والمشاركة المجتمعية,تطوير وتنفيذ ومراقبة خطط تطوير المدرسة,النسبة المئوية للمدارس التي حققت المستوى الرابع من الجودة في التقييم الخارجي (جزء من التقييم الخارجي لبرنامج التطوير المدرسي من قبل المشرفين الذين يطبقون الإنجازات المدرسية مع معايير الجودة المحددة).,percent,100.0,10.0,2024,2025,تربية البصرة,done,0.0,0.0,0.0,IQD,one,,
تم اعداد دراسة حول المبادرات والمساهمات من قبل ادارات المدارس ومجالس اولياء امور الطلبة التي تساهم في تحسين العملية التربوية بواقع (7) مبادرات وبمساهمة (251) مدرسة وبنسبة 100% لانجاز جميع المبادرات من خلال رابط الكتروني لتحسين الواقع البيئي والصحي والمدرسي حسب كتاب قسم التخطيط التربوي المرقم 22128/8/2 في 2024/4/21,ge,الجودة والموائمة,الارتقاء ببرنامج الإدارة المدرسية لتعزيز القيادة المدرسية والمشاركة المجتمعية,القيادة المدرسية والمشاركة المجتمعية,تحسين العلاقة بين المجتمعات والقيادة المدرسية والمجالس المحلية,النسبة المئوية للمدارس التي حققت المستوى الرابع من الجودة في التقييم الخارجي (جزء من التقييم الخارجي لبرنامج التطوير المدرسي من قبل المشرفين الذين يطبقون الإنجازات المدرسية مع معايير الجودة المحددة).,percent,100.0,100.0,2024,2025,ادارات المدارس + قسم التخطيط التربوي,done,0.0,0.0,0.0,IQD,one,تبرعات مجالس الاباء وادارات المدارس,
توثيق العلاقات بين ادارات المدارس والمجالس المحلية ومنظمات المجتمع المدني ويندرج ذلك ب(صبغ او كهربائيات او تبرع عيني او مادي او عمل حديقة مدرسية..الخ),ge,الجودة والموائمة,الارتقاء ببرنامج الإدارة المدرسية لتعزيز القيادة المدرسية والمشاركة المجتمعية,القيادة المدرسية والمشاركة المجتمعية,تحسين العلاقة بين المجتمعات والقيادة المدرسية والمجالس المحلية,النسبة المئوية للمدارس التي حققت المستوى الرابع من الجودة في التقييم الخارجي (جزء من التقييم الخارجي لبرنامج التطوير المدرسي من قبل المشرفين الذين يطبقون الإنجازات المدرسية مع معايير الجودة المحددة).,percent,100.0,7.0,2024,2031,قسمي الاشراف التربوي والاختصاصي,done,0.0,0.0,0.0,IQD,one,لاتحتاج تخصيص مالي,
أقيمت الأمسية بحضور مدير عام تربية نينوى وعدد من الشخصيات التربوية على قاعة نقابة المعلمين لعدد 150 من فاقدي الرعاية الابوية,ge,الجودة والموائمة,الارتقاء ببرنامج الإدارة المدرسية لتعزيز القيادة المدرسية والمشاركة المجتمعية,القيادة المدرسية والمشاركة المجتمعية,تحسين العلاقة بين المجتمعات والقيادة المدرسية والمجالس المحلية,مشاركة المجتمع التربوي في رعاية ودعم فاقدي الرعاية الابوية ورسم الابتسامة على وجوههم,,1.0,,2026,2026,قسم النشاط الرياضي والكشفي,done,,,,IQD,one,,
أاحتفالية بمناسبة يوم الاخوة العربية الكشفية وعيد الشجرة قيمت الاحتفالية على قاعة ثانوية نينوى للمتميزين وبمشاركة 10 مدارس,ge,الجودة والموائمة,الارتقاء ببرنامج الإدارة المدرسية لتعزيز القيادة المدرسية والمشاركة المجتمعية,القيادة المدرسية والمشاركة المجتمعية,تحسين العلاقة بين المجتمعات والقيادة المدرسية والمجالس المحلية,عرف كشفي يقام سنويا,,1.0,,2026,2026,النشاط االرياضي,done,,,,IQD,one,,
بطولة كرة الطائرة للمرحلة المتوسطة لاقسام التربية في الاقضية والنواحي,ge,الجودة والموائمة,الارتقاء ببرنامج الإدارة المدرسية لتعزيز القيادة المدرسية والمشاركة المجتمعية,القيادة المدرسية والمشاركة المجتمعية,تحسين العلاقة بين المجتمعات والقيادة المدرسية والمجالس المحلية,كشف المواهب الرياضية بلعبة الكرة الطائرة,,1.0,,2026,2026,قسم النشاط الرياضي والكشفي,done,,,,IQD,one,,
شارك في المارثون 20 مدرسة,ge,الجودة والموائمة,الارتقاء ببرنامج الإدارة المدرسية لتعزيز القيادة المدرسية والمشاركة المجتمعية,القيادة المدرسية والمشاركة المجتمعية,تحسين العلاقة بين المجتمعات والقيادة المدرسية والمجالس المحلية,كشف المواهب الرياضية بالعاب القوى,,1.0,,2026,2026,قسم النشاط الرياضي والكشفي,done,,,,IQD,one,,
سباقات كرة القدم للصالات / رياض الأطفالشارك في البطولة 20 روضة,ge,الجودة والموائمة,الارتقاء ببرنامج الإدارة المدرسية لتعزيز القيادة المدرسية والمشاركة المجتمعية,القيادة المدرسية والمشاركة المجتمعية,تحسين العلاقة بين المجتمعات والقيادة المدرسية والمجالس المحلية,تعزيز الثقة بالنفس لدى الأطفال وادخالهم أجواء المنافسة,,1.0,,2026,2026,قسم النشاط الرياضي والكشفي,done,,,,IQD,one,,
بطولة تنس الطاولة قسمت على ثلاثة مراحل الابتدائي والمتوسط والاعدادي وحسب الاعمار,ge,الجودة والموائمة,الارتقاء ببرنامج الإدارة المدرسية لتعزيز القيادة المدرسية والمشاركة المجتمعية,القيادة المدرسية والمشاركة المجتمعية,تحسين العلاقة بين المجتمعات والقيادة المدرسية والمجالس المحلية,كشف المواهب الرياضية بلعبة تنس الطاولة,,1.0,,2026,2026,قسم النشاط الرياضي والكشفي,done,,,,IQD,one,,
بطولة الشطرنج شارك في البطولة 19 مدرسة للبنين,ge,الجودة والموائمة,الارتقاء ببرنامج الإدارة المدرسية لتعزيز القيادة المدرسية والمشاركة المجتمعية,القيادة المدرسية والمشاركة المجتمعية,تحسين العلاقة بين المجتمعات والقيادة المدرسية والمجالس المحلية,كشف المواهب بلعبة الشطرنج,,1.0,,2026,2026,قسم النشاط الرياضي والكشفي,done,,,,IQD,one,,
المشاركة في المسابقة الوطنية لاختيار افضل حانوت مدرسي بواقع (2) مدرسة,ge,الجودة والموائمة,الارتقاء ببرنامج الإدارة المدرسية لتعزيز القيادة المدرسية والمشاركة المجتمعية,القيادة المدرسية والمشاركة المجتمعية,تحسين العلاقة بين المجتمعات والقيادة المدرسية والمجالس المحلية,توفير بيئة جاذبة و صحية لجميع التلاميذ والطلبة,,1.0,,2026,2026,قسم النشاط الرياضي والكشفي,done,,,,IQD,one,,
إقامة ورش لمشروع التعلم النشط للمشرفين والمدراء والمدرسين والمعلمين,ge,الجودة والموائمة,الارتقاء ببرنامج الإدارة المدرسية لتعزيز القيادة المدرسية والمشاركة المجتمعية,القيادة المدرسية والمشاركة المجتمعية,تحسين العلاقة بين المجتمعات والقيادة المدرسية والمجالس المحلية,رفع قدرة الكادر التربوي من خلال طرائق التدريس الحديثة,,1.0,,2026,2026,شعبة إدارة الجودة والتطوير المؤسسي,done,,,,IQD,one,,
متابعة عقد اجتماعات اولياء الامور لجميع المدارس التابعة لمديرية تربية الكرخ الثالثة وحسب القواطع,ge,الجودة والموائمة,الارتقاء ببرنامج الإدارة المدرسية لتعزيز القيادة المدرسية والمشاركة المجتمعية,القيادة المدرسية والمشاركة المجتمعية,تحسين العلاقة بين المجتمعات والقيادة المدرسية والمجالس المحلية,النسبة المئوية للمدارس التي حققت المستوى الرابع من الجودة في التقييم الخارجي (جزء من التقييم الخارجي لبرنامج التطوير المدرسي من قبل المشرفين الذين يطبقون الإنجازات المدرسية مع معايير الجودة المحددة).,percent,100.0,50.0,2024,2025,المديرية العامة لتربية الكرخ الثالثة/ قسم الاشراف التربوي + الاشراف الاختصاصي,done,0.0,0.0,0.0,IQD,one,لايحتاج,
تفعيل وتنفيذ مجالس الآبــــــــاء والمعلمين من خلال عقد مجالس الاباء في المدارس كافة وبالاجتماعاع بادارات المدارس مع المعلمين والمدرسين واولياء الامور,ge,الجودة والموائمة,الارتقاء ببرنامج الإدارة المدرسية لتعزيز القيادة المدرسية والمشاركة المجتمعية,القيادة المدرسية والمشاركة المجتمعية,تحسين العلاقة بين المجتمعات والقيادة المدرسية والمجالس المحلية,النسبة المئوية للمدارس التي حققت المستوى الرابع من الجودة في التقييم الخارجي (جزء من التقييم الخارجي لبرنامج التطوير المدرسي من قبل المشرفين الذين يطبقون الإنجازات المدرسية مع معايير الجودة المحددة).,percent,100.0,10.0,2024,2025,قسم الاشراف التربوي + شعبة ضمان اجودة,done,0.0,0.0,0.0,IQD,one,,
اقامة ندوات وورش توعوية لمجالس الاباء والمعلمين,ge,الجودة والموائمة,الارتقاء ببرنامج الإدارة المدرسية لتعزيز القيادة المدرسية والمشاركة المجتمعية,القيادة المدرسية والمشاركة المجتمعية,تحسين العلاقة بين المجتمعات والقيادة المدرسية والمجالس المحلية,النسبة المئوية للمدارس التي حققت المستوى الرابع من الجودة في التقييم الخارجي (جزء من التقييم الخارجي لبرنامج التطوير المدرسي من قبل المشرفين الذين يطبقون الإنجازات المدرسية مع معايير الجودة المحددة).,percent,100.0,50.0,2024,2025,قسم الاعداد والتدريب -تربية المثنى,done,0.0,0.0,0.0,IQD,one,,
عقد ندوات تثقيفية داخل المدرسة لاولياء الامور من خلال تفعيل اجتماعات مجالس الاباء والمعلمين حول دورهم في دعم واسناد المدرسة,ge,الجودة والموائمة,الارتقاء ببرنامج الإدارة المدرسية لتعزيز القيادة المدرسية والمشاركة المجتمعية,القيادة المدرسية والمشاركة المجتمعية,تحسين العلاقة بين المجتمعات والقيادة المدرسية والمجالس المحلية,النسبة المئوية للمدارس التي حققت المستوى الرابع من الجودة في التقييم الخارجي (جزء من التقييم الخارجي لبرنامج التطوير المدرسي من قبل المشرفين الذين يطبقون الإنجازات المدرسية مع معايير الجودة المحددة).,percent,100.0,0.0,2024,2025,تربية ذي قار,done,0.0,0.0,0.0,IQD,one,لايوجد,
عقد اجنماعات مع أولياء وتطويـر ثقافـة التعـاون والعمـل التطوعـي بتوفيـر الفـرص التطوعيـة لأفـراد المجتمـع المحلـي مساهمة المجتمع المحلي بالفعاليات التي تقيمها واممارسات التي تقيمها المدرسة,ge,الجودة والموائمة,الارتقاء ببرنامج الإدارة المدرسية لتعزيز القيادة المدرسية والمشاركة المجتمعية,القيادة المدرسية والمشاركة المجتمعية,تحسين العلاقة بين المجتمعات والقيادة المدرسية والمجالس المحلية,النسبة المئوية للمدارس التي حققت المستوى الرابع من الجودة في التقييم الخارجي (جزء من التقييم الخارجي لبرنامج التطوير المدرسي من قبل المشرفين الذين يطبقون الإنجازات المدرسية مع معايير الجودة المحددة).,percent,100.0,0.0,2024,2025,ادرات المدارس - تربية الانبار,done,0.0,0.0,0.0,IQD,one,لايوجد,
تنفبذ ندوات تثقيفية داخل المدرسة لاولياء الامور من خلال تفعيل اجتماعات مجالس الاباء والمعلمين حول دورهم في دعم واسناد المدرسة ككل,ge,الجودة والموائمة,الارتقاء ببرنامج الإدارة المدرسية لتعزيز القيادة المدرسية والمشاركة المجتمعية,القيادة المدرسية والمشاركة المجتمعية,تحسين العلاقة بين المجتمعات والقيادة المدرسية والمجالس المحلية,النسبة المئوية للمدارس التي حققت المستوى الرابع من الجودة في التقييم الخارجي (جزء من التقييم الخارجي لبرنامج التطوير المدرسي من قبل المشرفين الذين يطبقون الإنجازات المدرسية مع معايير الجودة المحددة).,percent,100.0,100.0,2024,2025,قسم الاشراف التربوي,done,0.0,0.0,0.0,IQD,one,لايوجد,
تنفيذ ندوات تثقيفية داخل ادارات المدارس لأولياء الامور حول دورهم في دعم واسناد المدرسة,ge,الجودة والموائمة,الارتقاء ببرنامج الإدارة المدرسية لتعزيز القيادة المدرسية والمشاركة المجتمعية,القيادة المدرسية والمشاركة المجتمعية,تحسين العلاقة بين المجتمعات والقيادة المدرسية والمجالس المحلية,النسبة المئوية للمدارس التي حققت المستوى الرابع من الجودة في التقييم الخارجي (جزء من التقييم الخارجي لبرنامج التطوير المدرسي من قبل المشرفين الذين يطبقون الإنجازات المدرسية مع معايير الجودة المحددة).,percent,100.0,100.0,2024,2025,قسم الاشراف التربوي,done,0.0,0.0,0.0,IQD,one,لايوجد,
تنفبذ ندوات تثقيفية داخل المدرسة لاولياء الامور من خلال تفعيل اجتماعات مجالس الاباء والمعلمين حول دورهم في دعم واسناد المدرسة ككل,ge,الجودة والموائمة,الارتقاء ببرنامج الإدارة المدرسية لتعزيز القيادة المدرسية والمشاركة المجتمعية,القيادة المدرسية والمشاركة المجتمعية,تحسين العلاقة بين المجتمعات والقيادة المدرسية والمجالس المحلية,النسبة المئوية للمدارس التي حققت المستوى الرابع من الجودة في التقييم الخارجي (جزء من التقييم الخارجي لبرنامج التطوير المدرسي من قبل المشرفين الذين يطبقون الإنجازات المدرسية مع معايير الجودة المحددة).,percent,100.0,,2025,2025,قسم الاشراف التربوي,done,0.0,0.0,0.0,IQD,one,لايوجد,
تنفيذ ندوات تثقيفية داخل ادارات المدارس لأولياء الامور حول دورهم في دعم واسناد المدرسة,ge,الجودة والموائمة,الارتقاء ببرنامج الإدارة المدرسية لتعزيز القيادة المدرسية والمشاركة المجتمعية,القيادة المدرسية والمشاركة المجتمعية,تحسين العلاقة بين المجتمعات والقيادة المدرسية والمجالس المحلية,النسبة المئوية للمدارس التي حققت المستوى الرابع من الجودة في التقييم الخارجي (جزء من التقييم الخارجي لبرنامج التطوير المدرسي من قبل المشرفين الذين يطبقون الإنجازات المدرسية مع معايير الجودة المحددة).,percent,100.0,,2025,2025,قسم الاشراف التربوي,done,0.0,0.0,0.0,IQD,one,لايوجد,
قيام إدارات المدارس بتنفيذ خطة لتحسين العلاقة مع المجتمع المحلي وتطوير سبل التعاون,ge,الجودة والموائمة,الارتقاء ببرنامج الإدارة المدرسية لتعزيز القيادة المدرسية والمشاركة المجتمعية,القيادة المدرسية والمشاركة المجتمعية,تحسين العلاقة بين المجتمعات والقيادة المدرسية والمجالس المحلية,النسبة المئوية للمدارس التي حققت المستوى الرابع من الجودة في التقييم الخارجي (جزء من التقييم الخارجي لبرنامج التطوير المدرسي من قبل المشرفين الذين يطبقون الإنجازات المدرسية مع معايير الجودة المحددة).,percent,100.0,10.0,2024,2025,تربية البصرة,done,0.0,0.0,0.0,IQD,one,,
مشاركة مجالس الإباء في لجان التغذية المدرسية,ge,الجودة والموائمة,الارتقاء ببرنامج الإدارة المدرسية لتعزيز القيادة المدرسية والمشاركة المجتمعية,القيادة المدرسية والمشاركة المجتمعية,ضمان مشاركة مجالس الآباء والمعلمين في برنامج التغذية المدرسية,النسبة المئوية للمدارس التي حققت المستوى الرابع من الجودة في التقييم الخارجي (جزء من التقييم الخارجي لبرنامج التطوير المدرسي من قبل المشرفين الذين يطبقون الإنجازات المدرسية مع معايير الجودة المحددة).,percent,100.0,60.0,2023,2025,تربية بابل,done,0.0,0.0,0.0,IQD,one,التمويل الدولي / منظمات مجتمع مدني,
تنظيم الندوات التثقيفية للمعلمين وأولياء الامور حول التغذية المدرسية للتلاميذ لضمان مشاركتهم في البرنامج,ge,الجودة والموائمة,الارتقاء ببرنامج الإدارة المدرسية لتعزيز القيادة المدرسية والمشاركة المجتمعية,القيادة المدرسية والمشاركة المجتمعية,ضمان مشاركة مجالس الآباء والمعلمين في برنامج التغذية المدرسية,النسبة المئوية للمدارس التي حققت المستوى الرابع من الجودة في التقييم الخارجي (جزء من التقييم الخارجي لبرنامج التطوير المدرسي من قبل المشرفين الذين يطبقون الإنجازات المدرسية مع معايير الجودة المحددة).,percent,100.0,50.0,2024,2025,قسم الاشراف التربوي,done,0.0,0.0,0.0,IQD,one,لايوجد,
مشاركة مجالس الإباء في لجان التغذية المدرسية,ge,الجودة والموائمة,الارتقاء ببرنامج الإدارة المدرسية لتعزيز القيادة المدرسية والمشاركة المجتمعية,القيادة المدرسية والمشاركة المجتمعية,ضمان مشاركة مجالس الآباء والمعلمين في برنامج التغذية المدرسية,النسبة المئوية للمدارس التي حققت المستوى الرابع من الجودة في التقييم الخارجي (جزء من التقييم الخارجي لبرنامج التطوير المدرسي من قبل المشرفين الذين يطبقون الإنجازات المدرسية مع معايير الجودة المحددة).,percent,100.0,0.0,2025,2026,تربية بابل,done,,,,IQD,one,التمويل الدولي / منظمات مجتمع مدني,
مشاركة مجالس الإباء في لجان التغذية المدرسية,ge,الجودة والموائمة,الارتقاء ببرنامج الإدارة المدرسية لتعزيز القيادة المدرسية والمشاركة المجتمعية,القيادة المدرسية والمشاركة المجتمعية,ضمان مشاركة مجالس الآباء والمعلمين في برنامج التغذية المدرسية,النسبة المئوية للمدارس التي حققت المستوى الرابع من الجودة في التقييم الخارجي (جزء من التقييم الخارجي لبرنامج التطوير المدرسي من قبل المشرفين الذين يطبقون الإنجازات المدرسية مع معايير الجودة المحددة).,percent,100.0,0.0,2023,2025,تربية ذي قار,stopped,0.0,0.0,0.0,IQD,one,منظمات مجتمع مدني,
تنظيم الندوات التثقيفية للمعلمين وأولياء الامور حول التغذية المدرسية للتلاميذ لضمان مشاركتهم في البرنامج,ge,الجودة والموائمة,الارتقاء ببرنامج الإدارة المدرسية لتعزيز القيادة المدرسية والمشاركة المجتمعية,القيادة المدرسية والمشاركة المجتمعية,ضمان مشاركة مجالس الآباء والمعلمين في برنامج التغذية المدرسية,النسبة المئوية للمدارس التي حققت المستوى الرابع من الجودة في التقييم الخارجي (جزء من التقييم الخارجي لبرنامج التطوير المدرسي من قبل المشرفين الذين يطبقون الإنجازات المدرسية مع معايير الجودة المحددة).,percent,100.0,,2025,2025,قسم الاشراف التربوي,done,0.0,0.0,0.0,IQD,one,لايوجد,
تنظيم الندوات التثقيفية للمعلمين وأولياء الامور حول التغذية المدرسية للتلاميذ لضمان مشاركتهم في البرنامج,ge,الجودة والموائمة,الارتقاء ببرنامج الإدارة المدرسية لتعزيز القيادة المدرسية والمشاركة المجتمعية,القيادة المدرسية والمشاركة المجتمعية,ضمان مشاركة مجالس الآباء والمعلمين في برنامج التغذية المدرسية,النسبة المئوية للمدارس التي حققت المستوى الرابع من الجودة في التقييم الخارجي (جزء من التقييم الخارجي لبرنامج التطوير المدرسي من قبل المشرفين الذين يطبقون الإنجازات المدرسية مع معايير الجودة المحددة).,percent,100.0,100.0,2024,2025,قسم الاشراف التربوي,done,0.0,0.0,0.0,IQD,one,لايوجد,
1. متابعة سجل إدارة الجودة المدرسي وفق خطط تطوير المدرسة. 2. إعداد وتهيئة برامج الاعتماد المدرسي ونشر ثقافتها.,ge,الحوكمة والادارة,تعزيز قدرات منتسبي ديوان وزارة التربية و المديريات العامة في جوانب التخطيط والتنسيق والمهارات الإدارية لضمان توفير التعليم والمتابعة والتقييم,الإدارة المؤسسية والقيادة,استحداث وتعديل قوانين التعليم لتلبية معايير الجودة,نسبة المتدربين من الادارة الوسطى والعليا في جوانب التخطيط والتنسيق والمهارات الادارية الى العدد الاجمالي على أساس سنوي,percent,100.0,15.0,2024,2026,قسم إدارة الجودة الشاملة,done,0.0,0.0,0.0,IQD,one,لايوجد,
مشروع بناء استراتيجية التعليم الاساسي,ge,الحوكمة والادارة,تعزيز قدرات منتسبي ديوان وزارة التربية و المديريات العامة في جوانب التخطيط والتنسيق والمهارات الإدارية لضمان توفير التعليم والمتابعة والتقييم,الادارة المؤسسية والقيادة,تعزيز التنسيق مع الشركاء الدوليين لضمان مواءمة وتنفيذ ورصد التقدم المحرز في الاستراتيجية الوطنية,تطوير عملية التعليم والتعلم وتعزيز الادارة التعليمية,,1.0,0.0,2025,2027,مكتب الوكيل العلمي,done,,,,IQD,one,البنك الدولي,
تشكيل لجان توجيهية تتولى تنفيذ برامج ومشاريع خطط القطاع التربوي والنهوض بالواقع التربوي بالتعاون مع منظمة اليونيسف، وتكون هذه اللجان برئاسة السادة المحافظين,ge,الحوكمة والادارة,تعزيز قدرات منتسبي ديوان وزارة التربية و المديريات العامة في جوانب التخطيط والتنسيق والمهارات الإدارية لضمان توفير التعليم والمتابعة والتقييم,الإدارة المؤسسية والقيادة,تعزيز التنسيق مع الشركاء الدوليين لضمان مواءمة وتنفيذ ورصد التقدم المحرز في الاستراتيجية الوطنية,تطوير عملية التعليم والتعلم وتعزيز الادارة التعليمية,doc,1.0,0.5,2023,2025,م.ع. للتخطيط التربوي - قسم التخطيط والمديريات العامة للتربية,done,0.0,0.0,0.0,IQD,one,,
برنامج تدريب و ورش عمل تدريب المدربين (ToT) ضمن برنامج البنك الدولي لدعم الاستراتيجية العليا لتطوير التعليم في العراق - دورة تعزيز بناء القدرات للإدارة الاستراتيجية والتنسيق المؤسسي,ge,الحوكمة والادارة,تعزيز قدرات منتسبي ديوان وزارة التربية و المديريات العامة في جوانب التخطيط والتنسيق والمهارات الإدارية لضمان توفير التعليم والمتابعة والتقييم,الإدارة المؤسسية والقيادة,تعزيز التنسيق مع الشركاء الدوليين لضمان مواءمة وتنفيذ ورصد التقدم المحرز في الاستراتيجية الوطنية,تطوير عملية التعليم والتعلم وتعزيز الادارة التعليمية,count,1.0,,2025,2027,مكتب الوكيل العلمي / البنك الدولي,done,0.0,0.0,0.0,IQD,one,البنك الدولي,
تطوير مهارات المشرفين في التعامل مع التحديات التي تواجه برنامج التقييم الخارجي واالصديق النلقد والادوار المتعددة للمشرف,ge,الحوكمة والادارة,تعزيز قدرات منتسبي ديوان وزارة التربية و المديريات العامة في جوانب التخطيط والتنسيق والمهارات الإدارية لضمان توفير التعليم والمتابعة والتقييم,الإدارة المؤسسية والقيادة,تعزيز وظيفة الإشراف من خلال مراجعة المهام وتطوير إصلاح الإشراف المرتبط بجهود اللامركزية,نسبة المتدربين من الادارة الوسطى والعليا في جوانب التخطيط والتنسيق والمهارات الادارية الى العدد الاجمالي على أساس سنوي,percent,100.0,60.0,2023,2026,أقسام الإشراف التربوي والإختصاصي في المديريات العامة للتربية في المحافظات,done,0.0,0.0,0.0,IQD,one,,
متابعة لجان (التحقيقات والتحققات ) ومتابعة الامتحانات والزيارات الاشرافية لجميع المدارس وكافة المراحل,ge,الحوكمة والادارة,تعزيز قدرات منتسبي ديوان وزارة التربية و المديريات العامة في جوانب التخطيط والتنسيق والمهارات الإدارية لضمان توفير التعليم والمتابعة والتقييم,الإدارة المؤسسية والقيادة,تعزيز وظيفة الإشراف من خلال مراجعة المهام وتطوير إصلاح الإشراف المرتبط بجهود اللامركزية,نسبة المتدربين من الادارة الوسطى والعليا في جوانب التخطيط والتنسيق والمهارات الادارية الى العدد الاجمالي على أساس سنوي,percent,100.0,75.0,2024,2025,تربية الكرخ الثالثة / قسم الاشراف التربوي + قسم الاشراف الاختصاصي,done,0.0,0.0,0.0,IQD,one,,
تطبيق نظام الemis,ge,الحوكمة والادارة,تعزيز قدرات منتسبي ديوان وزارة التربية و المديريات العامة في جوانب التخطيط والتنسيق والمهارات الإدارية لضمان توفير التعليم والمتابعة والتقييم,الإدارة المؤسسية والقيادة,دعم نشر الأنظمة التعليمية الإدارية والإلكترونية ، بما في ذلك. صندوق أدوات EMIS وKobo,تعزيز قدرات منتسبي ديوان وزارة التربية والمديريات العامة في جوانب التخطيط والتنسيق والمهارات الإدارية لتحقيق الحوكمة والإدارة التربوية للوصول الى جودة التعليم,percent,100.0,40.0,2024,2024,قسم التخطيط التربوي,done,,,,IQD,one,,
تطبيق نظام kobo,ge,الحوكمة والادارة,تعزيز قدرات منتسبي ديوان وزارة التربية و المديريات العامة في جوانب التخطيط والتنسيق والمهارات الإدارية لضمان توفير التعليم والمتابعة والتقييم,الإدارة المؤسسية والقيادة,دعم نشر الأنظمة التعليمية الإدارية والإلكترونية ، بما في ذلك. صندوق أدوات EMIS وKobo,تعزيز قدرات منتسبي ديوان وزارة التربية والمديريات العامة في جوانب التخطيط والتنسيق والمهارات الإدارية لتحقيق الحوكمة والإدارة التربوية للوصول الى جودة التعليم,percent,100.0,92.0,2023,2024,قسم التخطيط التربوي,done,,,,IQD,one,,
العمل على نظام التقديم على منحة ابناء ذوي الرعاية الاجتماعية,ge,الحوكمة والادارة,تعزيز قدرات منتسبي ديوان وزارة التربية و المديريات العامة في جوانب التخطيط والتنسيق والمهارات الإدارية لضمان توفير التعليم والمتابعة والتقييم,الإدارة المؤسسية والقيادة,دعم نشر الأنظمة التعليمية الإدارية والإلكترونية ، بما في ذلك. صندوق أدوات EMIS وKobo,نسبة المتدربين من الادارة الوسطى والعليا في جوانب التخطيط والتنسيق والمهارات الادارية الى العدد الاجمالي على أساس سنوي,percent,100.0,100.0,2023,2024,قسم التخطيط التربوي,done,,,,IQD,one,,
اطلاق خدمة الكترونية/ تجديد الاجازات للمؤسسات التربوية الاهلية,ge,الحوكمة والادارة,تعزيز قدرات منتسبي ديوان وزارة التربية و المديريات العامة في جوانب التخطيط والتنسيق والمهارات الإدارية لضمان توفير التعليم والمتابعة والتقييم,الإدارة المؤسسية والقيادة,دعم نشر الأنظمة التعليمية الإدارية والإلكترونية ، بما في ذلك. صندوق أدوات EMIS وKobo,نسبة المتدربين من الادارة الوسطى والعليا في جوانب التخطيط والتنسيق والمهارات الادارية الى العدد الاجمالي على أساس سنوي,percent,100.0,40.0,2024,2025,المديرية العامة للتخطيط التربوي / مركز المعلومات والاتصالات,done,,,,IQD,one,,
اطلاق خدمة الكترونية/منح الاجازات للمؤسسات التربوية الاهلية,ge,الحوكمة والادارة,تعزيز قدرات منتسبي ديوان وزارة التربية و المديريات العامة في جوانب التخطيط والتنسيق والمهارات الإدارية لضمان توفير التعليم والمتابعة والتقييم,الإدارة المؤسسية والقيادة,دعم نشر الأنظمة التعليمية الإدارية والإلكترونية ، بما في ذلك. صندوق أدوات EMIS وKobo,نسبة المتدربين من الادارة الوسطى والعليا في جوانب التخطيط والتنسيق والمهارات الادارية الى العدد الاجمالي على أساس سنوي,percent,100.0,40.0,2024,2025,المديرية العامة للتخطيط التربوي / مركز المعلومات والاتصالات,done,,,,IQD,one,,
اطلاق خدمة الكترونية/تجديد إجازة للمؤسسات التربوية المهنية الاهلية,ge,الحوكمة والادارة,تعزيز قدرات منتسبي ديوان وزارة التربية و المديريات العامة في جوانب التخطيط والتنسيق والمهارات الإدارية لضمان توفير التعليم والمتابعة والتقييم,الإدارة المؤسسية والقيادة,دعم نشر الأنظمة التعليمية الإدارية والإلكترونية ، بما في ذلك. صندوق أدوات EMIS وKobo,نسبة المتدربين من الادارة الوسطى والعليا في جوانب التخطيط والتنسيق والمهارات الادارية الى العدد الاجمالي على أساس سنوي,percent,100.0,,2026,2027,المديرية العامة للتخطيط التربوي / مركز المعلومات والاتصالات,done,,,,IQD,one,,
اطلاق خدمة الكترونية/منح إجازة للمؤسسات التربوية الاهلية لفتح اعداديات مهنية,ge,الحوكمة والادارة,تعزيز قدرات منتسبي ديوان وزارة التربية و المديريات العامة في جوانب التخطيط والتنسيق والمهارات الإدارية لضمان توفير التعليم والمتابعة والتقييم,الإدارة المؤسسية والقيادة,دعم نشر الأنظمة التعليمية الإدارية والإلكترونية ، بما في ذلك. صندوق أدوات EMIS وKobo,نسبة المتدربين من الادارة الوسطى والعليا في جوانب التخطيط والتنسيق والمهارات الادارية الى العدد الاجمالي على أساس سنوي,percent,100.0,40.0,2024,2025,المديرية العامة للتخطيط التربوي / مركز المعلومات والاتصالات,done,,,,IQD,one,,
اطلاق خدمة الكترونية/تجديد إجازة المدارس الدولية التربوية الأهلية,ge,الحوكمة والادارة,تعزيز قدرات منتسبي ديوان وزارة التربية و المديريات العامة في جوانب التخطيط والتنسيق والمهارات الإدارية لضمان توفير التعليم والمتابعة والتقييم,الإدارة المؤسسية والقيادة,دعم نشر الأنظمة التعليمية الإدارية والإلكترونية ، بما في ذلك. صندوق أدوات EMIS وKobo,نسبة المتدربين من الادارة الوسطى والعليا في جوانب التخطيط والتنسيق والمهارات الادارية الى العدد الاجمالي على أساس سنوي,percent,100.0,40.0,2024,2025,المديرية العامة للتخطيط التربوي / مركز المعلومات والاتصالات,done,,,,IQD,one,,
اطلاق خدمة الكترونية/منح إجازة المدارس الدولية التربوية الأهلية,ge,الحوكمة والادارة,تعزيز قدرات منتسبي ديوان وزارة التربية و المديريات العامة في جوانب التخطيط والتنسيق والمهارات الإدارية لضمان توفير التعليم والمتابعة والتقييم,الإدارة المؤسسية والقيادة,دعم نشر الأنظمة التعليمية الإدارية والإلكترونية ، بما في ذلك. صندوق أدوات EMIS وKobo,نسبة المتدربين من الادارة الوسطى والعليا في جوانب التخطيط والتنسيق والمهارات الادارية الى العدد الاجمالي على أساس سنوي,percent,100.0,40.0,2024,2025,المديرية العامة للتخطيط التربوي / مركز المعلومات والاتصالات,done,,,,IQD,one,,
اطلاق خدمة الكترونية/تجديد إجازات المؤسسات التربوية الأهلية- إقليم كردستان,ge,الحوكمة والادارة,تعزيز قدرات منتسبي ديوان وزارة التربية و المديريات العامة في جوانب التخطيط والتنسيق والمهارات الإدارية لضمان توفير التعليم والمتابعة والتقييم,الإدارة المؤسسية والقيادة,دعم نشر الأنظمة التعليمية الإدارية والإلكترونية ، بما في ذلك. صندوق أدوات EMIS وKobo,نسبة المتدربين من الادارة الوسطى والعليا في جوانب التخطيط والتنسيق والمهارات الادارية الى العدد الاجمالي على أساس سنوي,percent,100.0,40.0,2024,2025,المديرية العامة للتخطيط التربوي / مركز المعلومات والاتصالات,done,,,,IQD,one,,
اطلاق خدمة الكترونية/خدمة منح اجازة للمؤسسات التربوية الاهلية في اقليم كوردستان للعام الدراسي 2025-2026,ge,الحوكمة والادارة,تعزيز قدرات منتسبي ديوان وزارة التربية و المديريات العامة في جوانب التخطيط والتنسيق والمهارات الإدارية لضمان توفير التعليم والمتابعة والتقييم,الإدارة المؤسسية والقيادة,دعم نشر الأنظمة التعليمية الإدارية والإلكترونية ، بما في ذلك. صندوق أدوات EMIS وKobo,نسبة المتدربين من الادارة الوسطى والعليا في جوانب التخطيط والتنسيق والمهارات الادارية الى العدد الاجمالي على أساس سنوي,percent,100.0,40.0,2024,2025,المديرية العامة للتخطيط التربوي / مركز المعلومات والاتصالات,done,,,,IQD,one,,
اطلاق خدمة الكترونية/خدمة تسجيل بيانات طلبة المدارس العراقية في الخارج,ge,الحوكمة والادارة,تعزيز قدرات منتسبي ديوان وزارة التربية و المديريات العامة في جوانب التخطيط والتنسيق والمهارات الإدارية لضمان توفير التعليم والمتابعة والتقييم,الإدارة المؤسسية والقيادة,دعم نشر الأنظمة التعليمية الإدارية والإلكترونية ، بما في ذلك. صندوق أدوات EMIS وKobo,نسبة المتدربين من الادارة الوسطى والعليا في جوانب التخطيط والتنسيق والمهارات الادارية الى العدد الاجمالي على أساس سنوي,percent,100.0,40.0,2024,2025,المديرية العامة للتخطيط التربوي / مركز المعلومات والاتصالات,done,,,,IQD,one,,
اطلاق خدمة الكترونية/تحديد المستوى الدراسي لدى المديريات العامة للتربية,ge,الحوكمة والادارة,تعزيز قدرات منتسبي ديوان وزارة التربية و المديريات العامة في جوانب التخطيط والتنسيق والمهارات الإدارية لضمان توفير التعليم والمتابعة والتقييم,الإدارة المؤسسية والقيادة,دعم نشر الأنظمة التعليمية الإدارية والإلكترونية ، بما في ذلك. صندوق أدوات EMIS وKobo,نسبة المتدربين من الادارة الوسطى والعليا في جوانب التخطيط والتنسيق والمهارات الادارية الى العدد الاجمالي على أساس سنوي,percent,100.0,40.0,2024,2025,المديرية العامة للتخطيط التربوي / مركز المعلومات والاتصالات,done,,,,IQD,one,,
اطلاق خدمة الكترونية/تحديد المستوى الدراسي للطلبة الوافدين والمنقولين الراغبين اكمال دراستهم في العراق,ge,الحوكمة والادارة,تعزيز قدرات منتسبي ديوان وزارة التربية و المديريات العامة في جوانب التخطيط والتنسيق والمهارات الإدارية لضمان توفير التعليم والمتابعة والتقييم,الإدارة المؤسسية والقيادة,دعم نشر الأنظمة التعليمية الإدارية والإلكترونية ، بما في ذلك. صندوق أدوات EMIS وKobo,نسبة المتدربين من الادارة الوسطى والعليا في جوانب التخطيط والتنسيق والمهارات الادارية الى العدد الاجمالي على أساس سنوي,percent,100.0,40.0,2024,2025,المديرية العامة للتخطيط التربوي / مركز المعلومات والاتصالات,done,,,,IQD,one,,
اطلاق خدمة الكترونية/الاعتراض على قرارات لجنة التعادل للشهادات الدراسية الصادرة من خارج العراق,ge,الحوكمة والادارة,تعزيز قدرات منتسبي ديوان وزارة التربية و المديريات العامة في جوانب التخطيط والتنسيق والمهارات الإدارية لضمان توفير التعليم والمتابعة والتقييم,الإدارة المؤسسية والقيادة,دعم نشر الأنظمة التعليمية الإدارية والإلكترونية ، بما في ذلك. صندوق أدوات EMIS وKobo,نسبة المتدربين من الادارة الوسطى والعليا في جوانب التخطيط والتنسيق والمهارات الادارية الى العدد الاجمالي على أساس سنوي,percent,100.0,40.0,2024,2025,المديرية العامة للتخطيط التربوي / مركز المعلومات والاتصالات,done,,,,IQD,one,,
اطلاق خدمة الكترونية/الاستعلامات الالكترونية (مع المواطن)- وزارة التربية العراقية,ge,الحوكمة والادارة,تعزيز قدرات منتسبي ديوان وزارة التربية و المديريات العامة في جوانب التخطيط والتنسيق والمهارات الإدارية لضمان توفير التعليم والمتابعة والتقييم,الإدارة المؤسسية والقيادة,دعم نشر الأنظمة التعليمية الإدارية والإلكترونية ، بما في ذلك. صندوق أدوات EMIS وKobo,نسبة المتدربين من الادارة الوسطى والعليا في جوانب التخطيط والتنسيق والمهارات الادارية الى العدد الاجمالي على أساس سنوي,percent,100.0,40.0,2024,2025,المديرية العامة للتخطيط التربوي / مركز المعلومات والاتصالات,done,,,,IQD,one,,
اطلاق خدمة الكترونية/صحة صدور التعادل للوثائق والشهادات الممنوحة من دول العالم,ge,الحوكمة والادارة,تعزيز قدرات منتسبي ديوان وزارة التربية و المديريات العامة في جوانب التخطيط والتنسيق والمهارات الإدارية لضمان توفير التعليم والمتابعة والتقييم,الإدارة المؤسسية والقيادة,دعم نشر الأنظمة التعليمية الإدارية والإلكترونية ، بما في ذلك. صندوق أدوات EMIS وKobo,نسبة المتدربين من الادارة الوسطى والعليا في جوانب التخطيط والتنسيق والمهارات الادارية الى العدد الاجمالي على أساس سنوي,percent,100.0,40.0,2024,2025,المديرية العامة للتخطيط التربوي / مركز المعلومات والاتصالات,done,,,,IQD,one,,
اطلاق خدمة الكترونية/ صندوق شكاوى و بلاغات مديرية التدقيق و الرقابة الداخلية,ge,الحوكمة والادارة,تعزيز قدرات منتسبي ديوان وزارة التربية و المديريات العامة في جوانب التخطيط والتنسيق والمهارات الإدارية لضمان توفير التعليم والمتابعة والتقييم,الإدارة المؤسسية والقيادة,دعم نشر الأنظمة التعليمية الإدارية والإلكترونية ، بما في ذلك. صندوق أدوات EMIS وKobo,نسبة المتدربين من الادارة الوسطى والعليا في جوانب التخطيط والتنسيق والمهارات الادارية الى العدد الاجمالي على أساس سنوي,percent,100.0,40.0,2024,2025,المديرية العامة للتخطيط التربوي / مركز المعلومات والاتصالات,done,,,,IQD,one,,
اطلاق خدمة الكترونية/الصندوق الالكتروني لشكاوي النزاهة ومكافحة الفساد,ge,الحوكمة والادارة,تعزيز قدرات منتسبي ديوان وزارة التربية و المديريات العامة في جوانب التخطيط والتنسيق والمهارات الإدارية لضمان توفير التعليم والمتابعة والتقييم,الإدارة المؤسسية والقيادة,دعم نشر الأنظمة التعليمية الإدارية والإلكترونية ، بما في ذلك. صندوق أدوات EMIS وKobo,نسبة المتدربين من الادارة الوسطى والعليا في جوانب التخطيط والتنسيق والمهارات الادارية الى العدد الاجمالي على أساس سنوي,percent,100.0,40.0,2024,2025,المديرية العامة للتخطيط التربوي / مركز المعلومات والاتصالات,done,,,,IQD,one,,
نظام ادراة المؤسسات الاهلية,ge,الحوكمة والادارة,تعزيز قدرات منتسبي ديوان وزارة التربية و المديريات العامة في جوانب التخطيط والتنسيق والمهارات الإدارية لضمان توفير التعليم والمتابعة والتقييم,الإدارة المؤسسية والقيادة,دعم نشر الأنظمة التعليمية الإدارية والإلكترونية ، بما في ذلك. صندوق أدوات EMIS وKobo,نسبة المتدربين من الادارة الوسطى والعليا في جوانب التخطيط والتنسيق والمهارات الادارية الى العدد الاجمالي على أساس سنوي,,1.0,0.5,2024,2025,المديرية العامة للتخطيط التربوي / مركز المعلومات والاتصالات,done,,,,IQD,one,,
نظام الفرز الالكتروني على التعيين بصفة عقد في المديريات العامة للتربية في بغداد وبعض المحافظات المشمولة بالعقود.,ge,الحوكمة والادارة,تعزيز قدرات منتسبي ديوان وزارة التربية و المديريات العامة في جوانب التخطيط والتنسيق والمهارات الإدارية لضمان توفير التعليم والمتابعة والتقييم,الإدارة المؤسسية والقيادة,دعم نشر الأنظمة التعليمية الإدارية والإلكترونية ، بما في ذلك. صندوق أدوات EMIS وKobo,نسبة المتدربين من الادارة الوسطى والعليا في جوانب التخطيط والتنسيق والمهارات الادارية الى العدد الاجمالي على أساس سنوي,percent,100.0,75.0,2023,2025,المديرية العامة للتخطيط التربوي / مركز المعلومات والاتصالات,done,0.0,0.0,0.0,IQD,one,بدون تخصيص مالي,
خدمة الكترونية سنوية / تقديم الطلبة على مدارس المتميزين وكلية بغداد في جميع المديريات العامة للتربية للعام الدراسي 2024-2025.,ge,الحوكمة والادارة,تعزيز قدرات منتسبي ديوان وزارة التربية و المديريات العامة في جوانب التخطيط والتنسيق والمهارات الإدارية لضمان توفير التعليم والمتابعة والتقييم,الإدارة المؤسسية والقيادة,دعم نشر الأنظمة التعليمية الإدارية والإلكترونية ، بما في ذلك. صندوق أدوات EMIS وKobo,نسبة المتدربين من الادارة الوسطى والعليا في جوانب التخطيط والتنسيق والمهارات الادارية الى العدد الاجمالي على أساس سنوي,percent,100.0,10.0,2024,2024,المديرية العامة للتخطيط التربوي / مركز المعلومات والاتصالات,done,0.0,0.0,0.0,IQD,one,بدون تخصيص مالي,
خدمة الكترونية سنوية / تقديم الطلبة على مدارس المتميزين وكلية بغداد في جميع المديريات العامة للتربية للعام الدراسي 2025-2026.,ge,الحوكمة والادارة,تعزيز قدرات منتسبي ديوان وزارة التربية و المديريات العامة في جوانب التخطيط والتنسيق والمهارات الإدارية لضمان توفير التعليم والمتابعة والتقييم,الإدارة المؤسسية والقيادة,دعم نشر الأنظمة التعليمية الإدارية والإلكترونية ، بما في ذلك. صندوق أدوات EMIS وKobo,نسبة المتدربين من الادارة الوسطى والعليا في جوانب التخطيط والتنسيق والمهارات الادارية الى العدد الاجمالي على أساس سنوي,percent,100.0,0.0,2025,2025,المديرية العامة للتخطيط التربوي / مركز المعلومات والاتصالات,done,0.0,0.0,0.0,IQD,one,بدون تخصيص مالي,
خدمة الكترونية سنوية /خدمة تقديم الطلبة على مدارس الموهوبين في جميع المديريات العامة للتربية للعام الدراسي 2024-2025.,ge,الحوكمة والادارة,تعزيز قدرات منتسبي ديوان وزارة التربية و المديريات العامة في جوانب التخطيط والتنسيق والمهارات الإدارية لضمان توفير التعليم والمتابعة والتقييم,الإدارة المؤسسية والقيادة,دعم نشر الأنظمة التعليمية الإدارية والإلكترونية ، بما في ذلك. صندوق أدوات EMIS وKobo,نسبة المتدربين من الادارة الوسطى والعليا في جوانب التخطيط والتنسيق والمهارات الادارية الى العدد الاجمالي على أساس سنوي,percent,100.0,10.0,2024,2024,المديرية العامة للتخطيط التربوي / مركز المعلومات والاتصالات,done,0.0,0.0,0.0,IQD,one,بدون تخصيص مالي,
خدمة الكترونية سنوية /خدمة تقديم الطلبة على مدارس الموهوبين في جميع المديريات العامة للتربية للعام الدراسي 2025-2026.,ge,الحوكمة والادارة,تعزيز قدرات منتسبي ديوان وزارة التربية و المديريات العامة في جوانب التخطيط والتنسيق والمهارات الإدارية لضمان توفير التعليم والمتابعة والتقييم,الإدارة المؤسسية والقيادة,دعم نشر الأنظمة التعليمية الإدارية والإلكترونية ، بما في ذلك. صندوق أدوات EMIS وKobo,نسبة المتدربين من الادارة الوسطى والعليا في جوانب التخطيط والتنسيق والمهارات الادارية الى العدد الاجمالي على أساس سنوي,percent,100.0,0.0,2025,2025,المديرية العامة للتخطيط التربوي / مركز المعلومات والاتصالات,done,0.0,0.0,0.0,IQD,one,بدون تخصيص مالي,
خدمة الكترونية سنوية /خدمة تقديم الطلبة على مدارس المتفوقين في جميع المديريات العامة للتربيةللعام الدراسي 2024-2025,ge,الحوكمة والادارة,تعزيز قدرات منتسبي ديوان وزارة التربية و المديريات العامة في جوانب التخطيط والتنسيق والمهارات الإدارية لضمان توفير التعليم والمتابعة والتقييم,الإدارة المؤسسية والقيادة,دعم نشر الأنظمة التعليمية الإدارية والإلكترونية ، بما في ذلك. صندوق أدوات EMIS وKobo,نسبة المتدربين من الادارة الوسطى والعليا في جوانب التخطيط والتنسيق والمهارات الادارية الى العدد الاجمالي على أساس سنوي,percent,100.0,10.0,2024,2024,المديرية العامة للتخطيط التربوي / مركز المعلومات والاتصالات,done,0.0,0.0,0.0,IQD,one,بدون تخصيص مالي,
خدمة الكترونية سنوية /خدمة تقديم الطلبة على مدارس المتفوقين في جميع المديريات العامة للتربية للعام الدراسي 2025-2026.,ge,الحوكمة والادارة,تعزيز قدرات منتسبي ديوان وزارة التربية و المديريات العامة في جوانب التخطيط والتنسيق والمهارات الإدارية لضمان توفير التعليم والمتابعة والتقييم,الإدارة المؤسسية والقيادة,دعم نشر الأنظمة التعليمية الإدارية والإلكترونية ، بما في ذلك. صندوق أدوات EMIS وKobo,نسبة المتدربين من الادارة الوسطى والعليا في جوانب التخطيط والتنسيق والمهارات الادارية الى العدد الاجمالي على أساس سنوي,percent,100.0,0.0,2025,2025,المديرية العامة للتخطيط التربوي / مركز المعلومات والاتصالات,done,0.0,0.0,0.0,IQD,one,بدون تخصيص مالي,
نظام التقديم على الاجازات الدراسية داخل العراق وفرز وإصدار عدم ممانعة لهم الكترونيا.,ge,الحوكمة والادارة,تعزيز قدرات منتسبي ديوان وزارة التربية و المديريات العامة في جوانب التخطيط والتنسيق والمهارات الإدارية لضمان توفير التعليم والمتابعة والتقييم,الإدارة المؤسسية والقيادة,دعم نشر الأنظمة التعليمية الإدارية والإلكترونية ، بما في ذلك. صندوق أدوات EMIS وKobo,نسبة المتدربين من الادارة الوسطى والعليا في جوانب التخطيط والتنسيق والمهارات الادارية الى العدد الاجمالي على أساس سنوي,percent,100.0,25.0,2024,2025,المديرية العامة للتخطيط التربوي / مركز المعلومات والاتصالات,done,0.0,0.0,0.0,IQD,one,بدون تخصيص مالي,
نظام التقديم على الاجازات الدراسية خارج العراق والتقديم على الدراسة حسب قانون 20 لسنة 20 وفرز وإصدار عدم ممانعة لهم الكترونيا.,ge,الحوكمة والادارة,تعزيز قدرات منتسبي ديوان وزارة التربية و المديريات العامة في جوانب التخطيط والتنسيق والمهارات الإدارية لضمان توفير التعليم والمتابعة والتقييم,الإدارة المؤسسية والقيادة,دعم نشر الأنظمة التعليمية الإدارية والإلكترونية ، بما في ذلك. صندوق أدوات EMIS وKobo,نسبة المتدربين من الادارة الوسطى والعليا في جوانب التخطيط والتنسيق والمهارات الادارية الى العدد الاجمالي على أساس سنوي,percent,100.0,0.0,2025,2025,المديرية العامة للتخطيط التربوي / مركز المعلومات والاتصالات,done,0.0,0.0,0.0,IQD,one,بدون تخصيص مالي,
نظام اصدار باجات الموظفين في وزارة التربية,ge,الحوكمة والادارة,تعزيز قدرات منتسبي ديوان وزارة التربية و المديريات العامة في جوانب التخطيط والتنسيق والمهارات الإدارية لضمان توفير التعليم والمتابعة والتقييم,الإدارة المؤسسية والقيادة,دعم نشر الأنظمة التعليمية الإدارية والإلكترونية ، بما في ذلك. صندوق أدوات EMIS وKobo,نسبة المتدربين من الادارة الوسطى والعليا في جوانب التخطيط والتنسيق والمهارات الادارية الى العدد الاجمالي على أساس سنوي,percent,100.0,50.0,2024,2025,المديرية العامة للتخطيط التربوي / مركز المعلومات والاتصالات,done,0.0,0.0,0.0,IQD,one,بدون تخصيص مالي,
نظام الموارد البشرية,ge,الحوكمة والادارة,تعزيز قدرات منتسبي ديوان وزارة التربية و المديريات العامة في جوانب التخطيط والتنسيق والمهارات الإدارية لضمان توفير التعليم والمتابعة والتقييم,الإدارة المؤسسية والقيادة,دعم نشر الأنظمة التعليمية الإدارية والإلكترونية ، بما في ذلك. صندوق أدوات EMIS وKobo,نسبة المتدربين من الادارة الوسطى والعليا في جوانب التخطيط والتنسيق والمهارات الادارية الى العدد الاجمالي على أساس سنوي,percent,100.0,40.0,2024,2026,المديرية العامة للتخطيط التربوي / مركز المعلومات والاتصالات,done,0.0,0.0,0.0,IQD,one,بدون تخصيص مالي,
نظام الاملاك والاراضي,ge,الحوكمة والادارة,تعزيز قدرات منتسبي ديوان وزارة التربية و المديريات العامة في جوانب التخطيط والتنسيق والمهارات الإدارية لضمان توفير التعليم والمتابعة والتقييم,الإدارة المؤسسية والقيادة,دعم نشر الأنظمة التعليمية الإدارية والإلكترونية ، بما في ذلك. صندوق أدوات EMIS وKobo,نسبة المتدربين من الادارة الوسطى والعليا في جوانب التخطيط والتنسيق والمهارات الادارية الى العدد الاجمالي على أساس سنوي,percent,100.0,50.0,2024,2026,المديرية العامة للتخطيط التربوي / مركز المعلومات والاتصالات,done,0.0,0.0,0.0,IQD,one,بدون تخصيص مالي,
نظام الترقيات العلمية,ge,الحوكمة والادارة,تعزيز قدرات منتسبي ديوان وزارة التربية و المديريات العامة في جوانب التخطيط والتنسيق والمهارات الإدارية لضمان توفير التعليم والمتابعة والتقييم,الإدارة المؤسسية والقيادة,دعم نشر الأنظمة التعليمية الإدارية والإلكترونية ، بما في ذلك. صندوق أدوات EMIS وKobo,نسبة المتدربين من الادارة الوسطى والعليا في جوانب التخطيط والتنسيق والمهارات الادارية الى العدد الاجمالي على أساس سنوي,percent,100.0,80.0,2024,2026,المديرية العامة للتخطيط التربوي / مركز المعلومات والاتصالات,done,0.0,0.0,0.0,IQD,one,بدون تخصيص مالي,
نظام استحصال الوثائق الالكترونية,ge,الحوكمة والادارة,تعزيز قدرات منتسبي ديوان وزارة التربية و المديريات العامة في جوانب التخطيط والتنسيق والمهارات الإدارية لضمان توفير التعليم والمتابعة والتقييم,الإدارة المؤسسية والقيادة,دعم نشر الأنظمة التعليمية الإدارية والإلكترونية ، بما في ذلك. صندوق أدوات EMIS وKobo,نسبة المتدربين من الادارة الوسطى والعليا في جوانب التخطيط والتنسيق والمهارات الادارية الى العدد الاجمالي على أساس سنوي,percent,100.0,25.0,2024,2026,المديرية العامة للتخطيط التربوي / مركز المعلومات والاتصالات,done,0.0,0.0,0.0,IQD,one,بدون تخصيص مالي,
الاستعلامات الالكترونية,ge,الحوكمة والادارة,تعزيز قدرات منتسبي ديوان وزارة التربية و المديريات العامة في جوانب التخطيط والتنسيق والمهارات الإدارية لضمان توفير التعليم والمتابعة والتقييم,الإدارة المؤسسية والقيادة,دعم نشر الأنظمة التعليمية الإدارية والإلكترونية ، بما في ذلك. صندوق أدوات EMIS وKobo,نسبة المتدربين من الادارة الوسطى والعليا في جوانب التخطيط والتنسيق والمهارات الادارية الى العدد الاجمالي على أساس سنوي,percent,100.0,25.0,2024,2026,المديرية العامة للتخطيط التربوي / مركز المعلومات والاتصالات,done,0.0,0.0,0.0,IQD,one,بدون تخصيص مالي,
نظام الكتروني متكامل خاص ببيانات الاجازات الدراسية,ge,الحوكمة والادارة,تعزيز قدرات منتسبي ديوان وزارة التربية و المديريات العامة في جوانب التخطيط والتنسيق والمهارات الإدارية لضمان توفير التعليم والمتابعة والتقييم,الإدارة المؤسسية والقيادة,دعم نشر الأنظمة التعليمية الإدارية والإلكترونية ، بما في ذلك. صندوق أدوات EMIS وKobo,نسبة المتدربين من الادارة الوسطى والعليا في جوانب التخطيط والتنسيق والمهارات الادارية الى العدد الاجمالي على أساس سنوي,percent,100.0,0.0,2026,2027,المديرية العامة للتخطيط التربوي / مركز المعلومات والاتصالات,done,0.0,0.0,0.0,IQD,one,بدون تخصيص مالي,
نظام إدارة المركبات التربوية,ge,الحوكمة والادارة,تعزيز قدرات منتسبي ديوان وزارة التربية و المديريات العامة في جوانب التخطيط والتنسيق والمهارات الإدارية لضمان توفير التعليم والمتابعة والتقييم,الإدارة المؤسسية والقيادة,دعم نشر الأنظمة التعليمية الإدارية والإلكترونية ، بما في ذلك. صندوق أدوات EMIS وKobo,نسبة المتدربين من الادارة الوسطى والعليا في جوانب التخطيط والتنسيق والمهارات الادارية الى العدد الاجمالي على أساس سنوي,,1.0,0.1,2024,2026,المديرية العامة للتخطيط التربوي / مركز المعلومات والاتصالات,done,,,,IQD,one,بدون تخصيص مالي,
تطوير البنية التحتية (من اجهزة حاسوب وطابعات وانظمة مكتبية وسبورات تفاعلية لقاعات المديرية و شبكة ربط) للمديرية العامة للتخطيط التربوي,ge,الحوكمة والادارة,تعزيز قدرات منتسبي ديوان وزارة التربية و المديريات العامة في جوانب التخطيط والتنسيق والمهارات الإدارية لضمان توفير التعليم والمتابعة والتقييم,الإدارة المؤسسية والقيادة,دعم نشر الأنظمة التعليمية الإدارية والإلكترونية ، بما في ذلك. صندوق أدوات EMIS وKobo,نسبة المتدربين من الادارة الوسطى والعليا في جوانب التخطيط والتنسيق والمهارات الادارية الى العدد الاجمالي على أساس سنوي,,1.0,0.1,2024,2026,المديرية العامة للتخطيط التربوي / مركز المعلومات والاتصالات,done,,,,IQD,one,تخصيص المبلغ من البنك الدولي,
العمل على نظام التقديم على منحة ابناء ذوي الرعاية الاجتماعية 2024-2025,ge,الحوكمة والادارة,تعزيز قدرات منتسبي ديوان وزارة التربية و المديريات العامة في جوانب التخطيط والتنسيق والمهارات الإدارية لضمان توفير التعليم والمتابعة والتقييم,الإدارة المؤسسية والقيادة,دعم نشر الأنظمة التعليمية الإدارية والإلكترونية ، بما في ذلك. صندوق أدوات EMIS وKobo,نسبة المتدربين من الادارة الوسطى والعليا في جوانب التخطيط والتنسيق والمهارات الادارية الى العدد الاجمالي على أساس سنوي,percent,100.0,100.0,2024,2025,الجهة المنفذة : المديرية العامة للتخطيط التربوي / مركز المعلومات والاتصالات . الجهة الساندة : المديرية العامة للشؤون المالية و وزارة العمل والشؤون الاجتماعية,done,,,,IQD,one,,
نظام الارشفة الالكتروني باستخدام QR,ge,الحوكمة والادارة,تعزيز قدرات منتسبي ديوان وزارة التربية و المديريات العامة في جوانب التخطيط والتنسيق والمهارات الإدارية لضمان توفير التعليم والمتابعة والتقييم,الإدارة المؤسسية والقيادة,دعم نشر الأنظمة التعليمية الإدارية والإلكترونية ، بما في ذلك. صندوق أدوات EMIS وKobo,نسبة المتدربين من الادارة الوسطى والعليا في جوانب التخطيط والتنسيق والمهارات الادارية الى العدد الاجمالي على أساس سنوي,percent,100.0,50.0,2024,2025,المديرية العامة للتخطيط التربوي / مركز المعلومات والاتصالات,done,0.0,0.0,0.0,IQD,one,بدون تخصيص مالي,
العمل على ) ( kobo,ge,الحوكمة والادارة,تعزيز قدرات منتسبي ديوان وزارة التربية و المديريات العامة في جوانب التخطيط والتنسيق والمهارات الإدارية لضمان توفير التعليم والمتابعة والتقييم,الإدارة المؤسسية والقيادة,دعم نشر الأنظمة التعليمية الإدارية والإلكترونية ، بما في ذلك. صندوق أدوات EMIS وKobo,نسبة المتدربين من الادارة الوسطى والعليا في جوانب التخطيط والتنسيق والمهارات الادارية الى العدد الاجمالي على أساس سنوي,percent,100.0,75.0,2023,2025,المديرية العامة للتخطيط التربوي / مركز المعلومات والاتصالات,done,0.0,0.0,0.0,IQD,one,بدون تخصيص مالي,
استمارة الكترونية خاصة بالبحوث المنشورة في المجلات العالمية والمحلية لموظفين الإداريين والمدرسين في المديرية العامة لتربية الرصافة الاولى,ge,الحوكمة والادارة,تعزيز قدرات منتسبي ديوان وزارة التربية و المديريات العامة في جوانب التخطيط والتنسيق والمهارات الإدارية لضمان توفير التعليم والمتابعة والتقييم,الإدارة المؤسسية والقيادة,دعم نشر الأنظمة التعليمية الإدارية والإلكترونية ، بما في ذلك. صندوق أدوات EMIS وKobo,نسبة المتدربين من الادارة الوسطى والعليا في جوانب التخطيط والتنسيق والمهارات الادارية الى العدد الاجمالي على أساس سنوي,percent,100.0,0.0,2026,2027,المديرية العامة للتخطيط التربوي / مركز المعلومات والاتصالات,done,0.0,0.0,0.0,IQD,one,بدون تخصيص مالي,
استمارة الكترونية خاصة بالتقديم على القاء الدورات والورش التدريبية من قبل حملة الشهادات العليا في المديرية العامة لتربية ديالى,ge,الحوكمة والادارة,تعزيز قدرات منتسبي ديوان وزارة التربية و المديريات العامة في جوانب التخطيط والتنسيق والمهارات الإدارية لضمان توفير التعليم والمتابعة والتقييم,الإدارة المؤسسية والقيادة,دعم نشر الأنظمة التعليمية الإدارية والإلكترونية ، بما في ذلك. صندوق أدوات EMIS وKobo,نسبة المتدربين من الادارة الوسطى والعليا في جوانب التخطيط والتنسيق والمهارات الادارية الى العدد الاجمالي على أساس سنوي,percent,100.0,0.0,2026,2027,المديرية العامة للتخطيط التربوي / مركز المعلومات والاتصالات,done,0.0,0.0,0.0,IQD,one,بدون تخصيص مالي,
استمارة الكترونية خاصة بالتقارير الفصلية للمرشدين التربويين في المديرية العامة لتربية نينوى,ge,الحوكمة والادارة,تعزيز قدرات منتسبي ديوان وزارة التربية و المديريات العامة في جوانب التخطيط والتنسيق والمهارات الإدارية لضمان توفير التعليم والمتابعة والتقييم,الإدارة المؤسسية والقيادة,دعم نشر الأنظمة التعليمية الإدارية والإلكترونية ، بما في ذلك. صندوق أدوات EMIS وKobo,نسبة المتدربين من الادارة الوسطى والعليا في جوانب التخطيط والتنسيق والمهارات الادارية الى العدد الاجمالي على أساس سنوي,percent,100.0,0.0,2026,2027,المديرية العامة للتخطيط التربوي / مركز المعلومات والاتصالات,done,0.0,0.0,0.0,IQD,one,بدون تخصيص مالي,
استمارة الكترونية خاصة بالتقديم على قطع الأراضي السكنية لموظفي المديرية العامة لتربية صلاح الدين,ge,الحوكمة والادارة,تعزيز قدرات منتسبي ديوان وزارة التربية و المديريات العامة في جوانب التخطيط والتنسيق والمهارات الإدارية لضمان توفير التعليم والمتابعة والتقييم,الإدارة المؤسسية والقيادة,دعم نشر الأنظمة التعليمية الإدارية والإلكترونية ، بما في ذلك. صندوق أدوات EMIS وKobo,نسبة المتدربين من الادارة الوسطى والعليا في جوانب التخطيط والتنسيق والمهارات الادارية الى العدد الاجمالي على أساس سنوي,percent,100.0,0.0,2026,2027,المديرية العامة للتخطيط التربوي / مركز المعلومات والاتصالات,done,0.0,0.0,0.0,IQD,one,بدون تخصيص مالي,
اطلاق خدمة الكترونية/منح إجازة للمؤسسات التربوية الاهلية لفتح الاعداديات المهنية,ge,الحوكمة والادارة,تعزيز قدرات منتسبي ديوان وزارة التربية و المديريات العامة في جوانب التخطيط والتنسيق والمهارات الإدارية لضمان توفير التعليم والمتابعة والتقييم,الإدارة المؤسسية والقيادة,دعم نشر الأنظمة التعليمية الإدارية والإلكترونية ، بما في ذلك. صندوق أدوات EMIS وKobo,نسبة المتدربين من الادارة الوسطى والعليا في جوانب التخطيط والتنسيق والمهارات الادارية الى العدد الاجمالي على أساس سنوي,percent,100.0,40.0,2024,2025,المديرية العامة للتخطيط التربوي / مركز المعلومات والاتصالات,done,,,,IQD,one,,
انشاء استمارة الكترونية لغرض تقديم طلبات الموظفين الراغبين بالنقل او التنسيب الى مدارس الموهوبين,ge,الحوكمة والادارة,تعزيز قدرات منتسبي ديوان وزارة التربية و المديريات العامة في جوانب التخطيط والتنسيق والمهارات الإدارية لضمان توفير التعليم والمتابعة والتقييم,الإدارة المؤسسية والقيادة,دعم نشر الأنظمة التعليمية الإدارية والإلكترونية ، بما في ذلك. صندوق أدوات EMIS وKobo,نسبة المتدربين من الادارة الوسطى والعليا في جوانب التخطيط والتنسيق والمهارات الادارية الى العدد الاجمالي على أساس سنوي,percent,100.0,25.0,2024,2025,المديرية العامة للتخطيط التربوي / مركز المعلومات والاتصالات,done,0.0,0.0,0.0,IQD,one,بدون تخصيص مالي,
استمارة التقديم الالكتروني على قطع الأراضي لموظفي التربية في محافظة البصرة,ge,الحوكمة والادارة,تعزيز قدرات منتسبي ديوان وزارة التربية و المديريات العامة في جوانب التخطيط والتنسيق والمهارات الإدارية لضمان توفير التعليم والمتابعة والتقييم,الإدارة المؤسسية والقيادة,دعم نشر الأنظمة التعليمية الإدارية والإلكترونية ، بما في ذلك. صندوق أدوات EMIS وKobo,نسبة المتدربين من الادارة الوسطى والعليا في جوانب التخطيط والتنسيق والمهارات الادارية الى العدد الاجمالي على أساس سنوي,percent,100.0,50.0,2024,2025,المديرية العامة للتخطيط التربوي / مركز المعلومات والاتصالات,done,0.0,0.0,0.0,IQD,one,بدون تخصيص مالي,
إقامة دورات لنظام ادارة المعلومات التربوية EMIS لمدارس المديرية العامة لتربية المثنى,ge,الحوكمة والادارة,تعزيز قدرات منتسبي ديوان وزارة التربية و المديريات العامة في جوانب التخطيط والتنسيق والمهارات الإدارية لضمان توفير التعليم والمتابعة والتقييم,الإدارة المؤسسية والقيادة,دعم نشر الأنظمة التعليمية الإدارية والإلكترونية ، بما في ذلك. صندوق أدوات EMIS وKobo,نسبة المتدربين من الادارة الوسطى والعليا في جوانب التخطيط والتنسيق والمهارات الادارية الى العدد الاجمالي على أساس سنوي,percent,100.0,20.0,2024,2026,قسم التخطيط التربوي,done,0.0,0.0,0.0,IQD,one,,
إقامة ( 2 ) دورة تطويرية الى البدلاء المرشحين لنظام المعلومات التربوية EMIS,ge,الحوكمة والادارة,تعزيز قدرات منتسبي ديوان وزارة التربية و المديريات العامة في جوانب التخطيط والتنسيق والمهارات الإدارية لضمان توفير التعليم والمتابعة والتقييم,الإدارة المؤسسية والقيادة,دعم نشر الأنظمة التعليمية الإدارية والإلكترونية ، بما في ذلك. صندوق أدوات EMIS وKobo,نسبة المتدربين من الادارة الوسطى والعليا في جوانب التخطيط والتنسيق والمهارات الادارية الى العدد الاجمالي على أساس سنوي,percent,100.0,0.0,2024,2025,قسم التخطيط التربوي,done,0.0,0.0,0.0,IQD,one,,
"تعميم الكراس الاحصائي بعد انطلاق العام الدراسي لكافة انواع التعليم: الحكومي والاهلي ومدارس الوقف الشيعي بواسطة الصادر الالكتروني في المديرية العامة للتربية, كذلك بواسطة الحسابات الرسمية لقسم التخطيط (التيلكرام-الواتساب). - وفق الكتاب ذي العدد62664 في 8/12/2024 ويستمر العمل فيه الى النصف الاول من سنة 2025.",ge,الحوكمة والادارة,تعزيز قدرات منتسبي ديوان وزارة التربية و المديريات العامة في جوانب التخطيط والتنسيق والمهارات الإدارية لضمان توفير التعليم والمتابعة والتقييم,الإدارة المؤسسية والقيادة,دعم نشر الأنظمة التعليمية الإدارية والإلكترونية ، بما في ذلك. صندوق أدوات EMIS وKobo,نسبة المتدربين من الادارة الوسطى والعليا في جوانب التخطيط والتنسيق والمهارات الادارية الى العدد الاجمالي على أساس سنوي,percent,100.0,0.0,2024,2025,المديرية العامة للتخطيط التربوي بالتعاون مع المديرية العامة لتربية النجف / قسم لتخطيط التربوي - شعبة الاحصاء,done,,,,IQD,one,لا يحتاج الى تخصيص,
"انشاء رابط الكتروني وباركود باستمارات الكراس الاحصائي وارساله الكترونياً الى جميع مدارس المحافظة وبكتاب رسمي , الاستمارات هي : - استمارات الكراس الاحصائي لجميع انواع التعليم. - استمارة تعليم اليافعين. - استمارة التربية الخاصة. - استمارة الفنون الصناعية.",ge,الحوكمة والادارة,تعزيز قدرات منتسبي ديوان وزارة التربية و المديريات العامة في جوانب التخطيط والتنسيق والمهارات الإدارية لضمان توفير التعليم والمتابعة والتقييم,الإدارة المؤسسية والقيادة,دعم نشر الأنظمة التعليمية الإدارية والإلكترونية ، بما في ذلك. صندوق أدوات EMIS وKobo,نسبة المتدربين من الادارة الوسطى والعليا في جوانب التخطيط والتنسيق والمهارات الادارية الى العدد الاجمالي على أساس سنوي,percent,100.0,0.0,2024,2025,المديرية العامة للتخطيط التربوي بالتعاون مع المديرية العامة لتربية النجف / قسم لتخطيط التربوي - شعبة الاحصاء,done,,,,IQD,one,لا يحتاج الى تخصيص,
يتم العمل على ادخال بيانات القوى العاملة وحركتها بواسطة الرابط الالكتروني الذي يشمل استمارة في برنامج الاكسل للهيئات التعليمية والتدريسية والادارية,ge,الحوكمة والادارة,تعزيز قدرات منتسبي ديوان وزارة التربية و المديريات العامة في جوانب التخطيط والتنسيق والمهارات الإدارية لضمان توفير التعليم والمتابعة والتقييم,الإدارة المؤسسية والقيادة,دعم نشر الأنظمة التعليمية الإدارية والإلكترونية ، بما في ذلك. صندوق أدوات EMIS وKobo,نسبة المتدربين من الادارة الوسطى والعليا في جوانب التخطيط والتنسيق والمهارات الادارية الى العدد الاجمالي على أساس سنوي,percent,100.0,0.0,2024,2025,وزارة التربية بالتعاون مع المديرية العامة لتربية النجف / قسم لتخطيط التربوي - شعبة التخطيط,done,,,,IQD,one,لا يحتاج الى تخصيص,
برنامج KOBO تم العمل على هذا البرنامج من خلال رفع تقارير لجان التقييم الخارجي للمدارس الى وزارة التربية,ge,الحوكمة والادارة,تعزيز قدرات منتسبي ديوان وزارة التربية و المديريات العامة في جوانب التخطيط والتنسيق والمهارات الإدارية لضمان توفير التعليم والمتابعة والتقييم,الإدارة المؤسسية والقيادة,دعم نشر الأنظمة التعليمية الإدارية والإلكترونية ، بما في ذلك. صندوق أدوات EMIS وKobo,نسبة المتدربين من الادارة الوسطى والعليا في جوانب التخطيط والتنسيق والمهارات الادارية الى العدد الاجمالي على أساس سنوي,percent,100.0,,45597,45778,وزارة التربية بالتعاون مع المديرية العامة لتربية النجف /قسم الاشراف التربوي,done,0.0,0.0,0.0,IQD,one,وزارة التربية,
برنامج الصادرة الالكترونية,ge,الحوكمة والادارة,تعزيز قدرات منتسبي ديوان وزارة التربية و المديريات العامة في جوانب التخطيط والتنسيق والمهارات الإدارية لضمان توفير التعليم والمتابعة والتقييم,الإدارة المؤسسية والقيادة,دعم نشر الأنظمة التعليمية الإدارية والإلكترونية ، بما في ذلك. صندوق أدوات EMIS وKobo,نسبة المتدربين من الادارة الوسطى والعليا في جوانب التخطيط والتنسيق والمهارات الادارية الى العدد الاجمالي على أساس سنوي,percent,100.0,0.0,45659,46022,المديرية العامة لتربية النجف /قسم التخطيط التربوي /شعبة الاتصالات والمعلومات,done,,,,IQD,one,ـــ,
"برنامج الرواتب الالكتروني العمل به على مدار السنة, وانه خاضع للتطوير المستمر وفقاً لمتطلبات العمل .",ge,الحوكمة والادارة,تعزيز قدرات منتسبي ديوان وزارة التربية و المديريات العامة في جوانب التخطيط والتنسيق والمهارات الإدارية لضمان توفير التعليم والمتابعة والتقييم,الإدارة المؤسسية والقيادة,دعم نشر الأنظمة التعليمية الإدارية والإلكترونية ، بما في ذلك. صندوق أدوات EMIS وKobo,نسبة المتدربين من الادارة الوسطى والعليا في جوانب التخطيط والتنسيق والمهارات الادارية الى العدد الاجمالي على أساس سنوي,percent,100.0,,2025,2025,المديرية العامة لتربية النجف/ قسم الشؤون المالية,done,,0.0,0.0,IQD,one,ـــ,
"سيتم تنفيذ التقديم على برنامج الدراسات العليا اعتبارا من (الفصل الثاني للسنة الحالية ) بواسطة الرابط الكتروني من قبل وزارة التربية ,وسيتم الفرز والتدقيق الكترونيا وكذلك سيتم منح عدم الممانعة من خلال نفس الرابط.",ge,الحوكمة والادارة,تعزيز قدرات منتسبي ديوان وزارة التربية و المديريات العامة في جوانب التخطيط والتنسيق والمهارات الإدارية لضمان توفير التعليم والمتابعة والتقييم,الإدارة المؤسسية والقيادة,دعم نشر الأنظمة التعليمية الإدارية والإلكترونية ، بما في ذلك. صندوق أدوات EMIS وKobo,نسبة المتدربين من الادارة الوسطى والعليا في جوانب التخطيط والتنسيق والمهارات الادارية الى العدد الاجمالي على أساس سنوي,percent,100.0,0.0,2025,2025,وزارة التربية باتعاون مع المديرية العامة لتربية النجف / قسم التخطيط / شعبة الاجازات الدراسية,done,,,,IQD,one,لا يحتاج الى تخصيص,
الوثائق المؤمنة الكترونياً (صحة صدور الوثائق),ge,الحوكمة والادارة,تعزيز قدرات منتسبي ديوان وزارة التربية و المديريات العامة في جوانب التخطيط والتنسيق والمهارات الإدارية لضمان توفير التعليم والمتابعة والتقييم,الإدارة المؤسسية والقيادة,دعم نشر الأنظمة التعليمية الإدارية والإلكترونية ، بما في ذلك. صندوق أدوات EMIS وKobo,نسبة المتدربين من الادارة الوسطى والعليا في جوانب التخطيط والتنسيق والمهارات الادارية الى العدد الاجمالي على أساس سنوي,percent,100.0,,2025,2025,وزارة التربية بالتعاون مع المديرية العامة لتربية النجف / قسم الامتحانات,done,12000000.0,12000001.0,,IQD,one,تشغيلية,
برنامج التقديم على الامتحانات الخارجية,ge,الحوكمة والادارة,تعزيز قدرات منتسبي ديوان وزارة التربية و المديريات العامة في جوانب التخطيط والتنسيق والمهارات الإدارية لضمان توفير التعليم والمتابعة والتقييم,الإدارة المؤسسية والقيادة,دعم نشر الأنظمة التعليمية الإدارية والإلكترونية ، بما في ذلك. صندوق أدوات EMIS وKobo,نسبة المتدربين من الادارة الوسطى والعليا في جوانب التخطيط والتنسيق والمهارات الادارية الى العدد الاجمالي على أساس سنوي,percent,100.0,,2025,2025,المديرية العامة لتربية النجف / قسم الامتحانات,done,5000000.0,5000000.0,,IQD,one,تشغيلية,منجز كلي
اقامة ورش توعية بأهمية التعليم والحد من التسرب والابتزاز الالكتروني والمخدرات وغيرها بعدد 4 ندوات في السنة,ge,الحوكمة والادارة,تعزيز قدرات منتسبي ديوان وزارة التربية و المديريات العامة في جوانب التخطيط والتنسيق والمهارات الإدارية لضمان توفير التعليم والمتابعة والتقييم,الإدارة المؤسسية والقيادة,دعم نشر الأنظمة التعليمية الإدارية والإلكترونية ، بما في ذلك. صندوق أدوات EMIS وKobo,نسبة المتدربين من الادارة الوسطى والعليا في جوانب التخطيط والتنسيق والمهارات الادارية الى العدد الاجمالي على أساس سنوي,percent,100.0,50.0,2024,2025,القصر الثقافي النجفي،قادة برنامج مرونة الطفل بالتعاون مع المديرية العامة لتربية النجف / قسم التخطيط التربوي/ شعبة شؤون المرأة,done,0.0,0.0,0.0,IQD,one,,
منصة تسجيل بيانات الموظفين وجباية التوقيفات التقاعدية رابط حكومي يتم العمل عليه اونلاين فقط,ge,الحوكمة والادارة,تعزيز قدرات منتسبي ديوان وزارة التربية و المديريات العامة في جوانب التخطيط والتنسيق والمهارات الإدارية لضمان توفير التعليم والمتابعة والتقييم,الإدارة المؤسسية والقيادة,دعم نشر الأنظمة التعليمية الإدارية والإلكترونية ، بما في ذلك. صندوق أدوات EMIS وKobo,نسبة المتدربين من الادارة الوسطى والعليا في جوانب التخطيط والتنسيق والمهارات الادارية الى العدد الاجمالي على أساس سنوي,percent,100.0,,2025-01-01 00:00:00,2025-06-30 00:00:00,وزارة التربية مع المديرية العامة لتربية النجف قسم الموارد البشرية / شعبة التقاعد,done,,,,IQD,one,ـــ,
استمارة التقاعد الالكترونية رابط حكومي لادخال بيانات وانشاء قواعد بيانات متضمنة معلومات الموظف المحال الى التقاعد وترفع الى هيأة التقاعد الوطنية اونلاين,ge,الحوكمة والادارة,تعزيز قدرات منتسبي ديوان وزارة التربية و المديريات العامة في جوانب التخطيط والتنسيق والمهارات الإدارية لضمان توفير التعليم والمتابعة والتقييم,الإدارة المؤسسية والقيادة,دعم نشر الأنظمة التعليمية الإدارية والإلكترونية ، بما في ذلك. صندوق أدوات EMIS وKobo,نسبة المتدربين من الادارة الوسطى والعليا في جوانب التخطيط والتنسيق والمهارات الادارية الى العدد الاجمالي على أساس سنوي,percent,100.0,,2025-01-01 00:00:00,2025-06-30 00:00:00,وزارة التربية مع المديرية العامة لتربية النجف قسم الموارد البشرية / شعبة التقاعد,done,,,,IQD,one,ـــ,
نظام المراسلات الادارية وبرنامج الصادرة الالكترونية / متابعة الكتب الصادرة والمنجزة من قبل شعبة الصادرة والمرفوعة على برنامج الصادرة الالكترونية وتسليم الكتب الى الشخص المعني للعمل عليه,ge,الحوكمة والادارة,تعزيز قدرات منتسبي ديوان وزارة التربية و المديريات العامة في جوانب التخطيط والتنسيق والمهارات الإدارية لضمان توفير التعليم والمتابعة والتقييم,الإدارة المؤسسية والقيادة,دعم نشر الأنظمة التعليمية الإدارية والإلكترونية ، بما في ذلك. صندوق أدوات EMIS وKobo,نسبة المتدربين من الادارة الوسطى والعليا في جوانب التخطيط والتنسيق والمهارات الادارية الى العدد الاجمالي على أساس سنوي,percent,100.0,,2025-01-01 00:00:00,2025-06-30 00:00:00,وزارة التربية مع المديرية العامة لتربية النجف قسم الموارد البشرية / شعبة التقاعد و ش. المعلومات والاتصالات ومطور برنامج المراسلات الادارية,done,,,,IQD,one,ـــ,
انشاء قناة على برنامج التلكرام تخص شعبة العلاوات والترفيعات يتم نشر فيها كافة الاوامر الادارية الخاصة بالعلاوات والترفيعات وتثبيت الموظفين,ge,الحوكمة والادارة,تعزيز قدرات منتسبي ديوان وزارة التربية و المديريات العامة في جوانب التخطيط والتنسيق والمهارات الإدارية لضمان توفير التعليم والمتابعة والتقييم,الإدارة المؤسسية والقيادة,دعم نشر الأنظمة التعليمية الإدارية والإلكترونية ، بما في ذلك. صندوق أدوات EMIS وKobo,نسبة المتدربين من الادارة الوسطى والعليا في جوانب التخطيط والتنسيق والمهارات الادارية الى العدد الاجمالي على أساس سنوي,percent,100.0,,2025-01-01 00:00:00,2025-06-30 00:00:00,وزارة التربية مع المديرية العامة لتربية النجف قسم الموارد البشرية / شعبة التقاعد,done,,,,IQD,one,ـــ,
برنامج الباركود لمنح الكودات الخاصة بشعبة المعاهد المسائية الملغاة بالتنسيق مع شعبة الاتصالات والمعلومات - قسم التخطيط التربوي.,ge,الحوكمة والادارة,تعزيز قدرات منتسبي ديوان وزارة التربية و المديريات العامة في جوانب التخطيط والتنسيق والمهارات الإدارية لضمان توفير التعليم والمتابعة والتقييم,الإدارة المؤسسية والقيادة,دعم نشر الأنظمة التعليمية الإدارية والإلكترونية ، بما في ذلك. صندوق أدوات EMIS وKobo,نسبة المتدربين من الادارة الوسطى والعليا في جوانب التخطيط والتنسيق والمهارات الادارية الى العدد الاجمالي على أساس سنوي,percent,100.0,,2025-01-02 00:00:00,2025-12-31 00:00:00,المديرية العامة لتربية النجف قسم الاعداد والتدريب- شعبة المعاهد المسائية الملغاة,done,600000.0,,,IQD,one,,"يصرف مبلغ التمويل ال(600)الف للأنرنت لعمل الباركود بشكل شخصي من ادارة القسم, وهو لسنة كاملة"
"المراسالات الادارية والالكترونيه في جميع مفاصل الشعبة يتم العمل على التحول الرقمي بخصوص عمل الشعبة القانونية ويتضمن ارشفة الصادرة والواردة , ارشفة للجان التحقيقية , التظلمات , التبليغات القضائية , الدعاوى المدنية , الشكاوى , هيئة النزاهة ,تنفيذ التوصيات",ge,الحوكمة والادارة,تعزيز قدرات منتسبي ديوان وزارة التربية و المديريات العامة في جوانب التخطيط والتنسيق والمهارات الإدارية لضمان توفير التعليم والمتابعة والتقييم,الإدارة المؤسسية والقيادة,دعم نشر الأنظمة التعليمية الإدارية والإلكترونية ، بما في ذلك. صندوق أدوات EMIS وKobo,نسبة المتدربين من الادارة الوسطى والعليا في جوانب التخطيط والتنسيق والمهارات الادارية الى العدد الاجمالي على أساس سنوي,percent,100.0,,2025,2025,المديرية العامة لتربية النجف / الشعبة القانونية,done,,,,IQD,one,لا يحتاج الى تمويل,
مكتبة المعارف القانونية والتربيوية الشاملة,ge,الحوكمة والادارة,تعزيز قدرات منتسبي ديوان وزارة التربية و المديريات العامة في جوانب التخطيط والتنسيق والمهارات الإدارية لضمان توفير التعليم والمتابعة والتقييم,الإدارة المؤسسية والقيادة,دعم نشر الأنظمة التعليمية الإدارية والإلكترونية ، بما في ذلك. صندوق أدوات EMIS وKobo,نسبة المتدربين من الادارة الوسطى والعليا في جوانب التخطيط والتنسيق والمهارات الادارية الى العدد الاجمالي على أساس سنوي,percent,100.0,,2025,2025,المديرية العامة لتربية النجف / الشعبة القانونية,done,,,,IQD,one,لا يحتاج الى تمويل,
دورات مجانية لمرشحي متدربي ادارة المعلومات التربوية (EMIS) بواقع (10) دورات,ge,الحوكمة والادارة,تعزيز قدرات منتسبي ديوان وزارة التربية و المديريات العامة في جوانب التخطيط والتنسيق والمهارات الإدارية لضمان توفير التعليم والمتابعة والتقييم,الإدارة المؤسسية والقيادة,دعم نشر الأنظمة التعليمية الإدارية والإلكترونية ، بما في ذلك. صندوق أدوات EMIS وKobo,نسبة المتدربين من الادارة الوسطى والعليا في جوانب التخطيط والتنسيق والمهارات الادارية الى العدد الاجمالي على أساس سنوي,percent,100.0,0.0,2025,2025,وزارة التربية بالتعاون مع المديرية العامة لتربية النجف / قسم لتخطيط التربوي - شعبة الاحصاء- وحدة الإميس,done,,,,IQD,one,لا يحتاج الى تخصيص,
"سيتم ترشيح عضو ارتباط من كل قسم أو شعبة ومدارس المحافظة كافة عبر الرابط الالكتروني, من ثم متابعة نشاطاتهم عبر قناة التيلكرام الخاصة بشعة شؤون المرأة.",ge,الحوكمة والادارة,تعزيز قدرات منتسبي ديوان وزارة التربية و المديريات العامة في جوانب التخطيط والتنسيق والمهارات الإدارية لضمان توفير التعليم والمتابعة والتقييم,الإدارة المؤسسية والقيادة,دعم نشر الأنظمة التعليمية الإدارية والإلكترونية ، بما في ذلك. صندوق أدوات EMIS وKobo,نسبة المتدربين من الادارة الوسطى والعليا في جوانب التخطيط والتنسيق والمهارات الادارية الى العدد الاجمالي على أساس سنوي,percent,100.0,0.0,2025,2025,المديرية العامة لتربية النجف / قسم التخطيط التربوي/ شعبة شؤون المرأة بالتعاون مع الاقسام والمدارس كافة,done,,,,IQD,one,لا يحتاج الى تخصيص,متابعة نشاطات اعضاء الارتباط- تم الانجاز
دورات مجانية لمرشحي متدربي ادارة المعلومات التربوية (EMIS) بواقع (10) دورات,ge,الحوكمة والادارة,تعزيز قدرات منتسبي ديوان وزارة التربية و المديريات العامة في جوانب التخطيط والتنسيق والمهارات الإدارية لضمان توفير التعليم والمتابعة والتقييم,الإدارة المؤسسية والقيادة,دعم نشر الأنظمة التعليمية الإدارية والإلكترونية ، بما في ذلك. صندوق أدوات EMIS وKobo,نسبة المتدربين من الادارة الوسطى والعليا في جوانب التخطيط والتنسيق والمهارات الادارية الى العدد الاجمالي على أساس سنوي,percent,100.0,0.0,2026,2026,وزارة التربية بالتعاون مع المديرية العامة لتربية النجف / قسم لتخطيط التربوي - شعبة الاحصاء- وحدة الإميس,done,,,,IQD,one,لا يحتاج الى تخصيص,بالنسبة للفصل الثاني تم توقف نظام الامس بسبب تحديثات على النظام ونتوقع رجوعة للعمل في الفصل الثالث او الرابع
"المراسالات الادارية والالكترونيه في جميع مفاصل الشعبة يتم العمل على التحول الرقمي بخصوص عمل الشعبة القانونية ويتضمن ارشفة الصادرة والواردة , ارشفة للجان التحقيقية , التظلمات , التبليغات القضائية , الدعاوى المدنية , الشكاوى , هيئة النزاهة ,تنفيذ التوصيات",ge,الحوكمة والادارة,تعزيز قدرات منتسبي ديوان وزارة التربية و المديريات العامة في جوانب التخطيط والتنسيق والمهارات الإدارية لضمان توفير التعليم والمتابعة والتقييم,الإدارة المؤسسية والقيادة,دعم نشر الأنظمة التعليمية الإدارية والإلكترونية ، بما في ذلك. صندوق أدوات EMIS وKobo,نسبة المتدربين من الادارة الوسطى والعليا في جوانب التخطيط والتنسيق والمهارات الادارية الى العدد الاجمالي على أساس سنوي,percent,100.0,0.0,2026,2026,المديرية العامة لتربية النجف /قسم القانونية,done,,,,IQD,one,لا يحتاج الى تمويل,لاتوجد
مكتبة المعارف القانونية والتربيوية الشاملة,ge,الحوكمة والادارة,تعزيز قدرات منتسبي ديوان وزارة التربية و المديريات العامة في جوانب التخطيط والتنسيق والمهارات الإدارية لضمان توفير التعليم والمتابعة والتقييم,الإدارة المؤسسية والقيادة,دعم نشر الأنظمة التعليمية الإدارية والإلكترونية ، بما في ذلك. صندوق أدوات EMIS وKobo,نسبة المتدربين من الادارة الوسطى والعليا في جوانب التخطيط والتنسيق والمهارات الادارية الى العدد الاجمالي على أساس سنوي,percent,100.0,0.0,2026,2026,المديرية العامة لتربية النجف /قسم القانونية,done,,,,IQD,one,لا يحتاج الى تمويل,لاتوجد
متابعة المدارس التي تعمل على نظام (EMIS) بواقع (602 ) مدرسة تم شمولها بنظام ادارة المعلومات التربوية في المرحلة الاولى والثانية,ge,الحوكمة والادارة,تعزيز قدرات منتسبي ديوان وزارة التربية و المديريات العامة في جوانب التخطيط والتنسيق والمهارات الإدارية لضمان توفير التعليم والمتابعة والتقييم,الإدارة المؤسسية والقيادة,دعم نشر الأنظمة التعليمية الإدارية والإلكترونية ، بما في ذلك. صندوق أدوات EMIS وKobo,نسبة المتدربين من الادارة الوسطى والعليا في جوانب التخطيط والتنسيق والمهارات الادارية الى العدد الاجمالي على أساس سنوي,school,1.0,0.0,2024,2025,المديرية العامة لتربية الكرخ الثالثة / قسم التخطيط التربوي,done,0.0,0.0,0.0,IQD,one,,
اتمتة المخاطبات الرسمية لسرعة انجاز المعاملات العامة بين اقسام الامتحانات ومديريتنا العامة,ge,الحوكمة والادارة,تعزيز قدرات منتسبي ديوان وزارة التربية و المديريات العامة في جوانب التخطيط والتنسيق والمهارات الإدارية لضمان توفير التعليم والمتابعة والتقييم,الإدارة المؤسسية والقيادة,دعم نشر الأنظمة التعليمية الإدارية والإلكترونية ، بما في ذلك. صندوق أدوات EMIS وKobo,نسبة المتدربين من الادارة الوسطى والعليا في جوانب التخطيط والتنسيق والمهارات الادارية الى العدد الاجمالي على أساس سنوي,percent,100.0,50.0,2024,2026,المديرية العامة للتقويم والامتحانات,done,0.0,0.0,0.0,IQD,one,,
حوكمة باستخدام نظام إدارة المعلومات التربوية,ge,الحوكمة والادارة,تعزيز قدرات منتسبي ديوان وزارة التربية و المديريات العامة في جوانب التخطيط والتنسيق والمهارات الإدارية لضمان توفير التعليم والمتابعة والتقييم,الإدارة المؤسسية والقيادة,دعم نشر الأنظمة التعليمية الإدارية والإلكترونية ، بما في ذلك. صندوق أدوات EMIS وKobo,نسبة المتدربين من الادارة الوسطى والعليا في جوانب التخطيط والتنسيق والمهارات الادارية الى العدد الاجمالي على أساس سنوي,count,1.0,0.65,2023,2026,الجهاز التنفيذي لمحو الأمية,done,0.0,0.0,0.0,IQD,one,منظمتي اليونسكو واليونسف,
تهيئة قاعدة بيانات وجمع بيانات من المدارس لاكمال قائمة الموقع الجغرافي وتشكيل وحدة emis وادخال المعلمين والمدرسين المرشحين بدورات لادخال البيانات خاصة بكل مدرسة,ge,الحوكمة والادارة,تعزيز قدرات منتسبي ديوان وزارة التربية و المديريات العامة في جوانب التخطيط والتنسيق والمهارات الإدارية لضمان توفير التعليم والمتابعة والتقييم,الإدارة المؤسسية والقيادة,دعم نشر الأنظمة التعليمية الإدارية والإلكترونية ، بما في ذلك. صندوق أدوات EMIS وKobo,نسبة المتدربين من الادارة الوسطى والعليا في جوانب التخطيط والتنسيق والمهارات الادارية الى العدد الاجمالي على أساس سنوي,percent,100.0,50.0,2024,2025,قسم التخطيط التربوي + قسم الاشراف الاختصاصي والتربوي,done,0.0,0.0,0.0,IQD,one,,
التدريب على نظام إدارة المعلومات التربوية EMIS,ge,الحوكمة والادارة,تعزيز قدرات منتسبي ديوان وزارة التربية و المديريات العامة في جوانب التخطيط والتنسيق والمهارات الإدارية لضمان توفير التعليم والمتابعة والتقييم,الإدارة المؤسسية والقيادة,دعم نشر الأنظمة التعليمية الإدارية والإلكترونية ، بما في ذلك. صندوق أدوات EMIS وKobo,نسبة المتدربين من الادارة الوسطى والعليا في جوانب التخطيط والتنسيق والمهارات الادارية الى العدد الاجمالي على أساس سنوي,percent,100.0,60.0,2023,2026,مدير المشروع - شعبة الامس,done,,,,IQD,one,منظمات,
اقامه دورات تدريبية للمدارس الجديدة المشمولة بنظام emis,ge,الحوكمة والادارة,تعزيز قدرات منتسبي ديوان وزارة التربية و المديريات العامة في جوانب التخطيط والتنسيق والمهارات الإدارية لضمان توفير التعليم والمتابعة والتقييم,الإدارة المؤسسية والقيادة,دعم نشر الأنظمة التعليمية الإدارية والإلكترونية ، بما في ذلك. صندوق أدوات EMIS وKobo,نسبة المتدربين من الادارة الوسطى والعليا في جوانب التخطيط والتنسيق والمهارات الادارية الى العدد الاجمالي على أساس سنوي,percent,100.0,0.0,2024,2025,قسم التخطيط التربوي,done,0.0,0.0,0.0,IQD,one,لايوجد,
نظام عمل شعبة التدقيق يشمل الارشفة الالترونية ومتابعة عمليات الصرف وتدقيقها وتدقيق الرواتب,ge,الحوكمة والادارة,تعزيز قدرات منتسبي ديوان وزارة التربية و المديريات العامة في جوانب التخطيط والتنسيق والمهارات الإدارية لضمان توفير التعليم والمتابعة والتقييم,الإدارة المؤسسية والقيادة,دعم نشر الأنظمة التعليمية الإدارية والإلكترونية ، بما في ذلك. صندوق أدوات EMIS وKobo,نسبة المتدربين من الادارة الوسطى والعليا في جوانب التخطيط والتنسيق والمهارات الادارية الى العدد الاجمالي على أساس سنوي,percent,100.0,30.0,2024,2025,شعبة التدقيق /مكتب المدير العام - تربية المثنى,done,4000000.0,,,IQD,one,من الموازنة,
تدريب المزيد من الموظفين والمعلمين والمدرسين والمشرفين على برنامج EMIS,ge,الحوكمة والادارة,تعزيز قدرات منتسبي ديوان وزارة التربية و المديريات العامة في جوانب التخطيط والتنسيق والمهارات الإدارية لضمان توفير التعليم والمتابعة والتقييم,الإدارة المؤسسية والقيادة,دعم نشر الأنظمة التعليمية الإدارية والإلكترونية ، بما في ذلك. صندوق أدوات EMIS وKobo,نسبة المتدربين من الادارة الوسطى والعليا في جوانب التخطيط والتنسيق والمهارات الادارية الى العدد الاجمالي على أساس سنوي,percent,100.0,69.0,2024,2025,قسم التخطيط التربوي,done,0.0,0.0,0.0,IQD,one,,
توفير حاسوب لابتوب الى ادارات المدارس الابتدائية والثانوية ورياض الاطفال والمهني والمسرع بعدد (1750) لابتوب لكل مدرسة والمتوفر حاليا (225) لابتوب,ge,الحوكمة والادارة,تعزيز قدرات منتسبي ديوان وزارة التربية و المديريات العامة في جوانب التخطيط والتنسيق والمهارات الإدارية لضمان توفير التعليم والمتابعة والتقييم,الإدارة المؤسسية والقيادة,دعم نشر الأنظمة التعليمية الإدارية والإلكترونية ، بما في ذلك. صندوق أدوات EMIS وKobo,نسبة المتدربين من الادارة الوسطى والعليا في جوانب التخطيط والتنسيق والمهارات الادارية الى العدد الاجمالي على أساس سنوي,percent,100.0,40.0,2023,2026,تربية بابل,done,0.0,0.0,0.0,IQD,one,لا يحتاج للتخصيص,
مشروع ربط حواسيب مسوؤلي شعب قسم الاشراف بحاسبة مدير القسم,ge,الحوكمة والادارة,تعزيز قدرات منتسبي ديوان وزارة التربية و المديريات العامة في جوانب التخطيط والتنسيق والمهارات الإدارية لضمان توفير التعليم والمتابعة والتقييم,الإدارة المؤسسية والقيادة,دعم نشر الأنظمة التعليمية الإدارية والإلكترونية ، بما في ذلك. صندوق أدوات EMIS وKobo,نسبة المتدربين من الادارة الوسطى والعليا في جوانب التخطيط والتنسيق والمهارات الادارية الى العدد الاجمالي على أساس سنوي,percent,100.0,40.0,2023,2025,تربية بابل,done,0.0,0.0,0.0,IQD,one,لا يحتاج للتخصيص,
تصميم نظام استمرارية الخدمة,ge,الحوكمة والادارة,تعزيز قدرات منتسبي ديوان وزارة التربية و المديريات العامة في جوانب التخطيط والتنسيق والمهارات الإدارية لضمان توفير التعليم والمتابعة والتقييم,الإدارة المؤسسية والقيادة,دعم نشر الأنظمة التعليمية الإدارية والإلكترونية ، بما في ذلك. صندوق أدوات EMIS وKobo,نسبة المتدربين من الادارة الوسطى والعليا في جوانب التخطيط والتنسيق والمهارات الادارية الى العدد الاجمالي على أساس سنوي,percent,100.0,65.0,2023,2025,تربية بابل,done,0.0,0.0,0.0,IQD,one,لا يحتاج للتخصيص,
تصميم نظام شعبة الاجازات الدراسية,ge,الحوكمة والادارة,تعزيز قدرات منتسبي ديوان وزارة التربية و المديريات العامة في جوانب التخطيط والتنسيق والمهارات الإدارية لضمان توفير التعليم والمتابعة والتقييم,الإدارة المؤسسية والقيادة,دعم نشر الأنظمة التعليمية الإدارية والإلكترونية ، بما في ذلك. صندوق أدوات EMIS وKobo,نسبة المتدربين من الادارة الوسطى والعليا في جوانب التخطيط والتنسيق والمهارات الادارية الى العدد الاجمالي على أساس سنوي,percent,100.0,40.0,2022,2024,تربية بابل,done,0.0,0.0,0.0,IQD,one,لا يحتاج للتخصيص,
تصميم نظام خلاصة الخدمة,ge,الحوكمة والادارة,تعزيز قدرات منتسبي ديوان وزارة التربية و المديريات العامة في جوانب التخطيط والتنسيق والمهارات الإدارية لضمان توفير التعليم والمتابعة والتقييم,الإدارة المؤسسية والقيادة,دعم نشر الأنظمة التعليمية الإدارية والإلكترونية ، بما في ذلك. صندوق أدوات EMIS وKobo,نسبة المتدربين من الادارة الوسطى والعليا في جوانب التخطيط والتنسيق والمهارات الادارية الى العدد الاجمالي على أساس سنوي,percent,100.0,50.0,2023,2025,تربية بابل,done,0.0,0.0,0.0,IQD,one,لا يحتاج للتخصيص,
تصميم نظام الجودة,ge,الحوكمة والادارة,تعزيز قدرات منتسبي ديوان وزارة التربية و المديريات العامة في جوانب التخطيط والتنسيق والمهارات الإدارية لضمان توفير التعليم والمتابعة والتقييم,الإدارة المؤسسية والقيادة,دعم نشر الأنظمة التعليمية الإدارية والإلكترونية ، بما في ذلك. صندوق أدوات EMIS وKobo,نسبة المتدربين من الادارة الوسطى والعليا في جوانب التخطيط والتنسيق والمهارات الادارية الى العدد الاجمالي على أساس سنوي,percent,100.0,25.0,2023,2025,تربية بابل,done,0.0,0.0,0.0,IQD,one,لا يحتاج للتخصيص,
تصميم نظام الأملاك و الأراضي,ge,الحوكمة والادارة,تعزيز قدرات منتسبي ديوان وزارة التربية و المديريات العامة في جوانب التخطيط والتنسيق والمهارات الإدارية لضمان توفير التعليم والمتابعة والتقييم,الإدارة المؤسسية والقيادة,دعم نشر الأنظمة التعليمية الإدارية والإلكترونية ، بما في ذلك. صندوق أدوات EMIS وKobo,نسبة المتدربين من الادارة الوسطى والعليا في جوانب التخطيط والتنسيق والمهارات الادارية الى العدد الاجمالي على أساس سنوي,percent,100.0,75.0,2023,2025,تربية بابل,done,0.0,0.0,0.0,IQD,one,لا يحتاج للتخصيص,
تصميم نظام التقاعد,ge,الحوكمة والادارة,تعزيز قدرات منتسبي ديوان وزارة التربية و المديريات العامة في جوانب التخطيط والتنسيق والمهارات الإدارية لضمان توفير التعليم والمتابعة والتقييم,الإدارة المؤسسية والقيادة,دعم نشر الأنظمة التعليمية الإدارية والإلكترونية ، بما في ذلك. صندوق أدوات EMIS وKobo,نسبة المتدربين من الادارة الوسطى والعليا في جوانب التخطيط والتنسيق والمهارات الادارية الى العدد الاجمالي على أساس سنوي,percent,100.0,0.0,2024,2025,تربية بابل,done,0.0,0.0,0.0,IQD,one,لا يحتاج للتخصيص,
تصميم نظام حركة البريد,ge,الحوكمة والادارة,تعزيز قدرات منتسبي ديوان وزارة التربية و المديريات العامة في جوانب التخطيط والتنسيق والمهارات الإدارية لضمان توفير التعليم والمتابعة والتقييم,الإدارة المؤسسية والقيادة,دعم نشر الأنظمة التعليمية الإدارية والإلكترونية ، بما في ذلك. صندوق أدوات EMIS وKobo,نسبة المتدربين من الادارة الوسطى والعليا في جوانب التخطيط والتنسيق والمهارات الادارية الى العدد الاجمالي على أساس سنوي,percent,100.0,58.0,2023,2025,تربية بابل,done,0.0,0.0,0.0,IQD,one,لا يحتاج للتخصيص,
تصميم نظام التصاريح الامنية,ge,الحوكمة والادارة,تعزيز قدرات منتسبي ديوان وزارة التربية و المديريات العامة في جوانب التخطيط والتنسيق والمهارات الإدارية لضمان توفير التعليم والمتابعة والتقييم,الإدارة المؤسسية والقيادة,دعم نشر الأنظمة التعليمية الإدارية والإلكترونية ، بما في ذلك. صندوق أدوات EMIS وKobo,نسبة المتدربين من الادارة الوسطى والعليا في جوانب التخطيط والتنسيق والمهارات الادارية الى العدد الاجمالي على أساس سنوي,percent,100.0,50.0,2023,2025,تربية بابل,done,0.0,0.0,0.0,IQD,one,لا يحتاج للتخصيص,
تصميم نظام الأبنية المدرسية,ge,الحوكمة والادارة,تعزيز قدرات منتسبي ديوان وزارة التربية و المديريات العامة في جوانب التخطيط والتنسيق والمهارات الإدارية لضمان توفير التعليم والمتابعة والتقييم,الإدارة المؤسسية والقيادة,دعم نشر الأنظمة التعليمية الإدارية والإلكترونية ، بما في ذلك. صندوق أدوات EMIS وKobo,نسبة المتدربين من الادارة الوسطى والعليا في جوانب التخطيط والتنسيق والمهارات الادارية الى العدد الاجمالي على أساس سنوي,percent,100.0,60.0,2023,2025,تربية بابل,done,0.0,0.0,0.0,IQD,one,لا يحتاج للتخصيص,
تصميم وتطوير نطام المعلومات الأساسية,ge,الحوكمة والادارة,تعزيز قدرات منتسبي ديوان وزارة التربية و المديريات العامة في جوانب التخطيط والتنسيق والمهارات الإدارية لضمان توفير التعليم والمتابعة والتقييم,الإدارة المؤسسية والقيادة,دعم نشر الأنظمة التعليمية الإدارية والإلكترونية ، بما في ذلك. صندوق أدوات EMIS وKobo,نسبة المتدربين من الادارة الوسطى والعليا في جوانب التخطيط والتنسيق والمهارات الادارية الى العدد الاجمالي على أساس سنوي,percent,100.0,80.0,2023,2025,تربية بابل,done,0.0,0.0,0.0,IQD,one,لا يحتاج للتخصيص,
تطوير نظام البحوث,ge,الحوكمة والادارة,تعزيز قدرات منتسبي ديوان وزارة التربية و المديريات العامة في جوانب التخطيط والتنسيق والمهارات الإدارية لضمان توفير التعليم والمتابعة والتقييم,الإدارة المؤسسية والقيادة,دعم نشر الأنظمة التعليمية الإدارية والإلكترونية ، بما في ذلك. صندوق أدوات EMIS وKobo,نسبة المتدربين من الادارة الوسطى والعليا في جوانب التخطيط والتنسيق والمهارات الادارية الى العدد الاجمالي على أساس سنوي,percent,100.0,65.0,2022,2024,تربية بابل,done,0.0,0.0,0.0,IQD,one,لا يحتاج للتخصيص,
تطوير نظام التدقيق,ge,الحوكمة والادارة,تعزيز قدرات منتسبي ديوان وزارة التربية و المديريات العامة في جوانب التخطيط والتنسيق والمهارات الإدارية لضمان توفير التعليم والمتابعة والتقييم,الإدارة المؤسسية والقيادة,دعم نشر الأنظمة التعليمية الإدارية والإلكترونية ، بما في ذلك. صندوق أدوات EMIS وKobo,نسبة المتدربين من الادارة الوسطى والعليا في جوانب التخطيط والتنسيق والمهارات الادارية الى العدد الاجمالي على أساس سنوي,percent,100.0,80.0,2022,2024,تربية بابل,done,0.0,0.0,0.0,IQD,one,لا يحتاج للتخصيص,
تطوير نظام العلاوات والترفيعات,ge,الحوكمة والادارة,تعزيز قدرات منتسبي ديوان وزارة التربية و المديريات العامة في جوانب التخطيط والتنسيق والمهارات الإدارية لضمان توفير التعليم والمتابعة والتقييم,الإدارة المؤسسية والقيادة,دعم نشر الأنظمة التعليمية الإدارية والإلكترونية ، بما في ذلك. صندوق أدوات EMIS وKobo,نسبة المتدربين من الادارة الوسطى والعليا في جوانب التخطيط والتنسيق والمهارات الادارية الى العدد الاجمالي على أساس سنوي,percent,100.0,70.0,2022,2024,تربية بابل,done,0.0,0.0,0.0,IQD,one,لا يحتاج للتخصيص,
نظام تسوية الملاكات الالكتروني,ge,الحوكمة والادارة,تعزيز قدرات منتسبي ديوان وزارة التربية و المديريات العامة في جوانب التخطيط والتنسيق والمهارات الإدارية لضمان توفير التعليم والمتابعة والتقييم,الإدارة المؤسسية والقيادة,دعم نشر الأنظمة التعليمية الإدارية والإلكترونية ، بما في ذلك. صندوق أدوات EMIS وKobo,نسبة المتدربين من الادارة الوسطى والعليا في جوانب التخطيط والتنسيق والمهارات الادارية الى العدد الاجمالي على أساس سنوي,percent,100.0,0.0,2025,2026,تربية بابل,done,,,,IQD,one,لا يحتاج للتخصيص,
مشروع محو امية الحاسوب في مدارس محافظة بابل,ge,الحوكمة والادارة,تعزيز قدرات منتسبي ديوان وزارة التربية و المديريات العامة في جوانب التخطيط والتنسيق والمهارات الإدارية لضمان توفير التعليم والمتابعة والتقييم,الإدارة المؤسسية والقيادة,دعم نشر الأنظمة التعليمية الإدارية والإلكترونية ، بما في ذلك. صندوق أدوات EMIS وKobo,نسبة المتدربين من الادارة الوسطى والعليا في جوانب التخطيط والتنسيق والمهارات الادارية الى العدد الاجمالي على أساس سنوي,percent,100.0,0.0,2025,2027,تربية بابل,done,,,,IQD,one,لا يحتاج للتخصيص,
نظام البصمة الالكترونية للملاكات التربوية والتدريسية في مدارس محافظة بابل,ge,الحوكمة والادارة,تعزيز قدرات منتسبي ديوان وزارة التربية و المديريات العامة في جوانب التخطيط والتنسيق والمهارات الإدارية لضمان توفير التعليم والمتابعة والتقييم,الإدارة المؤسسية والقيادة,دعم نشر الأنظمة التعليمية الإدارية والإلكترونية ، بما في ذلك. صندوق أدوات EMIS وKobo,نسبة المتدربين من الادارة الوسطى والعليا في جوانب التخطيط والتنسيق والمهارات الادارية الى العدد الاجمالي على أساس سنوي,percent,100.0,0.0,2025,2027,تربية بابل,done,,,,IQD,one,المشاركة المجتمعية,
نظام خدمة استمارة منحة الدعم من صندوق التربية المركزي,ge,الحوكمة والادارة,تعزيز قدرات منتسبي ديوان وزارة التربية و المديريات العامة في جوانب التخطيط والتنسيق والمهارات الإدارية لضمان توفير التعليم والمتابعة والتقييم,الإدارة المؤسسية والقيادة,دعم نشر الأنظمة التعليمية الإدارية والإلكترونية ، بما في ذلك. صندوق أدوات EMIS وKobo,نسبة المتدربين من الادارة الوسطى والعليا في جوانب التخطيط والتنسيق والمهارات الادارية الى العدد الاجمالي على أساس سنوي,percent,100.0,0.0,2025,2027,تربية بابل,done,,,,IQD,one,لا يحتاج للتخصيص,
تطوير نظام الدفع الالكتروني,ge,الحوكمة والادارة,تعزيز قدرات منتسبي ديوان وزارة التربية و المديريات العامة في جوانب التخطيط والتنسيق والمهارات الإدارية لضمان توفير التعليم والمتابعة والتقييم,الإدارة المؤسسية والقيادة,دعم نشر الأنظمة التعليمية الإدارية والإلكترونية ، بما في ذلك. صندوق أدوات EMIS وKobo,نسبة المتدربين من الادارة الوسطى والعليا في جوانب التخطيط والتنسيق والمهارات الادارية الى العدد الاجمالي على أساس سنوي,percent,100.0,0.0,2025,2027,تربية بابل,done,,,,IQD,one,لا يحتاج للتخصيص,
تطوير نظام الرواتب,ge,الحوكمة والادارة,تعزيز قدرات منتسبي ديوان وزارة التربية و المديريات العامة في جوانب التخطيط والتنسيق والمهارات الإدارية لضمان توفير التعليم والمتابعة والتقييم,الإدارة المؤسسية والقيادة,دعم نشر الأنظمة التعليمية الإدارية والإلكترونية ، بما في ذلك. صندوق أدوات EMIS وKobo,نسبة المتدربين من الادارة الوسطى والعليا في جوانب التخطيط والتنسيق والمهارات الادارية الى العدد الاجمالي على أساس سنوي,percent,100.0,0.0,2025,2027,تربية بابل,done,,,,IQD,one,لا يحتاج للتخصيص,
تطوير نظام المخازن,ge,الحوكمة والادارة,تعزيز قدرات منتسبي ديوان وزارة التربية و المديريات العامة في جوانب التخطيط والتنسيق والمهارات الإدارية لضمان توفير التعليم والمتابعة والتقييم,الإدارة المؤسسية والقيادة,دعم نشر الأنظمة التعليمية الإدارية والإلكترونية ، بما في ذلك. صندوق أدوات EMIS وKobo,نسبة المتدربين من الادارة الوسطى والعليا في جوانب التخطيط والتنسيق والمهارات الادارية الى العدد الاجمالي على أساس سنوي,percent,100.0,0.0,2025,2027,تربية بابل,done,,,,IQD,one,لا يحتاج للتخصيص,
تطوير نظام الملاك,ge,الحوكمة والادارة,تعزيز قدرات منتسبي ديوان وزارة التربية و المديريات العامة في جوانب التخطيط والتنسيق والمهارات الإدارية لضمان توفير التعليم والمتابعة والتقييم,الإدارة المؤسسية والقيادة,دعم نشر الأنظمة التعليمية الإدارية والإلكترونية ، بما في ذلك. صندوق أدوات EMIS وKobo,نسبة المتدربين من الادارة الوسطى والعليا في جوانب التخطيط والتنسيق والمهارات الادارية الى العدد الاجمالي على أساس سنوي,percent,100.0,0.0,2025,2027,تربية بابل,done,,,,IQD,one,لا يحتاج للتخصيص,
تطوير انظمة ادارة مركز الفحص من خلال الاتمتة الالكترونية لجميع اجرارات مركز الفحص,ge,الحوكمة والادارة,تعزيز قدرات منتسبي ديوان وزارة التربية و المديريات العامة في جوانب التخطيط والتنسيق والمهارات الإدارية لضمان توفير التعليم والمتابعة والتقييم,الإدارة المؤسسية والقيادة,دعم نشر الأنظمة التعليمية الإدارية والإلكترونية ، بما في ذلك. صندوق أدوات EMIS وKobo,نسبة المتدربين من الادارة الوسطى والعليا في جوانب التخطيط والتنسيق والمهارات الادارية الى العدد الاجمالي على أساس سنوي,percent,100.0,34.0,2023,2031,تربية بابل,done,0.0,0.0,0.0,IQD,one,لا يحتاج للتخصيص,
تطوير نظام ادارة الملاكات التربوية والإدارية بمتابعة تحركات ملاكاتها من خلال تسجيل الاوامر الادارية بالنقل والتنسيب والتكليف والاجازات واستخراج الاحصائيات,ge,الحوكمة والادارة,تعزيز قدرات منتسبي ديوان وزارة التربية و المديريات العامة في جوانب التخطيط والتنسيق والمهارات الإدارية لضمان توفير التعليم والمتابعة والتقييم,الإدارة المؤسسية والقيادة,دعم نشر الأنظمة التعليمية الإدارية والإلكترونية ، بما في ذلك. صندوق أدوات EMIS وKobo,نسبة المتدربين من الادارة الوسطى والعليا في جوانب التخطيط والتنسيق والمهارات الادارية الى العدد الاجمالي على أساس سنوي,percent,100.0,34.0,2023,2031,تربية بابل,done,0.0,0.0,0.0,IQD,one,لا يحتاج للتخصيص,
نظام اضافة الخدمة العقدية من خلال تنظيم استمارات اضافة الخدمة العقدية للمثبتين من الملاك الجديد,ge,الحوكمة والادارة,تعزيز قدرات منتسبي ديوان وزارة التربية و المديريات العامة في جوانب التخطيط والتنسيق والمهارات الإدارية لضمان توفير التعليم والمتابعة والتقييم,الإدارة المؤسسية والقيادة,دعم نشر الأنظمة التعليمية الإدارية والإلكترونية ، بما في ذلك. صندوق أدوات EMIS وKobo,نسبة المتدربين من الادارة الوسطى والعليا في جوانب التخطيط والتنسيق والمهارات الادارية الى العدد الاجمالي على أساس سنوي,percent,100.0,100.0,2023,2024,تربية بابل,done,0.0,0.0,0.0,IQD,one,لا يحتاج للتخصيص,
تطوير نظام ترشيح المراقبات الوزارية للمساعدة في بحث وفرز وتصفية الملاكات التربوية واستخراج المراقبات الوزارية لجميع ادوار الامتحانات الوزارية,ge,الحوكمة والادارة,تعزيز قدرات منتسبي ديوان وزارة التربية و المديريات العامة في جوانب التخطيط والتنسيق والمهارات الإدارية لضمان توفير التعليم والمتابعة والتقييم,الإدارة المؤسسية والقيادة,دعم نشر الأنظمة التعليمية الإدارية والإلكترونية ، بما في ذلك. صندوق أدوات EMIS وKobo,نسبة المتدربين من الادارة الوسطى والعليا في جوانب التخطيط والتنسيق والمهارات الادارية الى العدد الاجمالي على أساس سنوي,percent,100.0,30.0,2023,2028,تربية بابل,done,0.0,0.0,0.0,IQD,one,لا يحتاج للتخصيص,
اطلاق خدمة الكترونية/تأسيس وتجديد ذات النافذة الواحدة مع الدفع الالكتروني المدمج,ge,الحوكمة والادارة,تعزيز قدرات منتسبي ديوان وزارة التربية و المديريات العامة في جوانب التخطيط والتنسيق والمهارات الإدارية لضمان توفير التعليم والمتابعة والتقييم,الإدارة المؤسسية والقيادة,دعم نشر الأنظمة التعليمية الإدارية والإلكترونية ، بما في ذلك. صندوق أدوات EMIS وKobo,نسبة المتدربين من الادارة الوسطى والعليا في جوانب التخطيط والتنسيق والمهارات الادارية الى العدد الاجمالي على أساس سنوي,percent,100.0,0.0,2025,2026,المديرية العامة للتخطيط التربوي / مركز المعلومات والاتصالات + المديرية العامة للتعليم العام والاهلي والاجنبي / بنك المعلومات,done,,,,IQD,one,,
اطلاق خدمة الكترونية/ خدمة غلق للمؤسسات التربوية الاهلية,ge,الحوكمة والادارة,تعزيز قدرات منتسبي ديوان وزارة التربية و المديريات العامة في جوانب التخطيط والتنسيق والمهارات الإدارية لضمان توفير التعليم والمتابعة والتقييم,الإدارة المؤسسية والقيادة,دعم نشر الأنظمة التعليمية الإدارية والإلكترونية ، بما في ذلك. صندوق أدوات EMIS وKobo,نسبة المتدربين من الادارة الوسطى والعليا في جوانب التخطيط والتنسيق والمهارات الادارية الى العدد الاجمالي على أساس سنوي,percent,100.0,0.0,2026,2027,المديرية العامة للتخطيط التربوي / مركز المعلومات والاتصالات + المديرية العامة للتعليم العام والاهلي والاجنبي / بنك المعلومات,done,,,,IQD,one,,
اطلاق خدمة الكترونية/ خدمة نقل موقع للمؤسسات التربوية الاهلية,ge,الحوكمة والادارة,تعزيز قدرات منتسبي ديوان وزارة التربية و المديريات العامة في جوانب التخطيط والتنسيق والمهارات الإدارية لضمان توفير التعليم والمتابعة والتقييم,الإدارة المؤسسية والقيادة,دعم نشر الأنظمة التعليمية الإدارية والإلكترونية ، بما في ذلك. صندوق أدوات EMIS وKobo,نسبة المتدربين من الادارة الوسطى والعليا في جوانب التخطيط والتنسيق والمهارات الادارية الى العدد الاجمالي على أساس سنوي,percent,100.0,0.0,2026,2027,المديرية العامة للتخطيط التربوي / مركز المعلومات والاتصالات + المديرية العامة للتعليم العام والاهلي والاجنبي / بنك المعلومات,done,,,,IQD,one,,
ارشفة المؤسسات التربوية الاهلية (أوامر تأسيس، أوامر تجديد، كتب متفرقة),ge,الحوكمة والادارة,تعزيز قدرات منتسبي ديوان وزارة التربية و المديريات العامة في جوانب التخطيط والتنسيق والمهارات الإدارية لضمان توفير التعليم والمتابعة والتقييم,الإدارة المؤسسية والقيادة,دعم نشر الأنظمة التعليمية الإدارية والإلكترونية ، بما في ذلك. صندوق أدوات EMIS وKobo,نسبة المتدربين من الادارة الوسطى والعليا في جوانب التخطيط والتنسيق والمهارات الادارية الى العدد الاجمالي على أساس سنوي,percent,100.0,50.0,2024,2025,بنك المعلومات / قسم التعليم الاهلي,done,0.0,0.0,0.0,IQD,one,لايحتاج,
اطلاق خدمات الكترونية/خدمتي منح وتجديد للمؤسسات التربوية الاهلية لبغداد والمحافظات عدا كردستان,ge,الحوكمة والادارة,تعزيز قدرات منتسبي ديوان وزارة التربية و المديريات العامة في جوانب التخطيط والتنسيق والمهارات الإدارية لضمان توفير التعليم والمتابعة والتقييم,الإدارة المؤسسية والقيادة,دعم نشر الأنظمة التعليمية الإدارية والإلكترونية ، بما في ذلك. صندوق أدوات EMIS وKobo,نسبة المتدربين من الادارة الوسطى والعليا في جوانب التخطيط والتنسيق والمهارات الادارية الى العدد الاجمالي على أساس سنوي,percent,100.0,0.0,2024,2025,بنك المعلومات / قسم التعليم الاهلي,done,0.0,0.0,0.0,IQD,one,لايحتاج,
اطلاق خدمات الكترونية/خدمتي منح وتجديد للمؤسسات التربوية الدولية الاهلية,ge,الحوكمة والادارة,تعزيز قدرات منتسبي ديوان وزارة التربية و المديريات العامة في جوانب التخطيط والتنسيق والمهارات الإدارية لضمان توفير التعليم والمتابعة والتقييم,الإدارة المؤسسية والقيادة,دعم نشر الأنظمة التعليمية الإدارية والإلكترونية ، بما في ذلك. صندوق أدوات EMIS وKobo,نسبة المتدربين من الادارة الوسطى والعليا في جوانب التخطيط والتنسيق والمهارات الادارية الى العدد الاجمالي على أساس سنوي,percent,100.0,,2024,2025,بنك المعلومات / قسم التعليم الاهلي,done,0.0,0.0,0.0,IQD,one,لايحتاج,
اطلاق خدمات الكترونية/خدمتي منح وتجديد للمؤسسات التربوية الاهلية لأقليم كردستان,ge,الحوكمة والادارة,تعزيز قدرات منتسبي ديوان وزارة التربية و المديريات العامة في جوانب التخطيط والتنسيق والمهارات الإدارية لضمان توفير التعليم والمتابعة والتقييم,الإدارة المؤسسية والقيادة,دعم نشر الأنظمة التعليمية الإدارية والإلكترونية ، بما في ذلك. صندوق أدوات EMIS وKobo,نسبة المتدربين من الادارة الوسطى والعليا في جوانب التخطيط والتنسيق والمهارات الادارية الى العدد الاجمالي على أساس سنوي,percent,100.0,50.0,2024,2025,بنك المعلومات / قسم التعليم الاهلي,done,0.0,0.0,0.0,IQD,one,لايحتاج,
اطلاق خدمات الكترونية/خدمة منح للمؤسسات التربوية المهنية الاهلية لبغداد والمحافظات عدا كردستان,ge,الحوكمة والادارة,تعزيز قدرات منتسبي ديوان وزارة التربية و المديريات العامة في جوانب التخطيط والتنسيق والمهارات الإدارية لضمان توفير التعليم والمتابعة والتقييم,الإدارة المؤسسية والقيادة,دعم نشر الأنظمة التعليمية الإدارية والإلكترونية ، بما في ذلك. صندوق أدوات EMIS وKobo,نسبة المتدربين من الادارة الوسطى والعليا في جوانب التخطيط والتنسيق والمهارات الادارية الى العدد الاجمالي على أساس سنوي,percent,100.0,,2024,2025,بنك المعلومات / قسم التعليم الاهلي,done,0.0,0.0,0.0,IQD,one,لايحتاج,
اطلاق خدمات الكترونية/خدمة تغيير مؤسسين للمؤسسات التربوية الاهلية,ge,الحوكمة والادارة,تعزيز قدرات منتسبي ديوان وزارة التربية و المديريات العامة في جوانب التخطيط والتنسيق والمهارات الإدارية لضمان توفير التعليم والمتابعة والتقييم,الإدارة المؤسسية والقيادة,دعم نشر الأنظمة التعليمية الإدارية والإلكترونية ، بما في ذلك. صندوق أدوات EMIS وKobo,نسبة المتدربين من الادارة الوسطى والعليا في جوانب التخطيط والتنسيق والمهارات الادارية الى العدد الاجمالي على أساس سنوي,percent,100.0,80.0,2024,2025,بنك المعلومات / قسم التعليم الاهلي,done,0.0,0.0,0.0,IQD,one,لايحتاج,
اطلاق خدمات الكترونية/ خدمة الدفع الالكتروني للمؤسسات التربوية الاهلية,ge,الحوكمة والادارة,تعزيز قدرات منتسبي ديوان وزارة التربية و المديريات العامة في جوانب التخطيط والتنسيق والمهارات الإدارية لضمان توفير التعليم والمتابعة والتقييم,الإدارة المؤسسية والقيادة,دعم نشر الأنظمة التعليمية الإدارية والإلكترونية ، بما في ذلك. صندوق أدوات EMIS وKobo,نسبة المتدربين من الادارة الوسطى والعليا في جوانب التخطيط والتنسيق والمهارات الادارية الى العدد الاجمالي على أساس سنوي,percent,100.0,0.0,2025,2026,بنك المعلومات / قسم التعليم الاهلي,done,0.0,0.0,0.0,IQD,one,لايحتاج,
اطلاق خدمات الكترونية/خدمتي منح وتجديد للمؤسسات التربوية الاهليةفي الخارج,ge,الحوكمة والادارة,تعزيز قدرات منتسبي ديوان وزارة التربية و المديريات العامة في جوانب التخطيط والتنسيق والمهارات الإدارية لضمان توفير التعليم والمتابعة والتقييم,الإدارة المؤسسية والقيادة,دعم نشر الأنظمة التعليمية الإدارية والإلكترونية ، بما في ذلك. صندوق أدوات EMIS وKobo,نسبة المتدربين من الادارة الوسطى والعليا في جوانب التخطيط والتنسيق والمهارات الادارية الى العدد الاجمالي على أساس سنوي,percent,100.0,0.0,2024,2025,بنك المعلومات / قسم التعليم الاهلي,done,0.0,0.0,0.0,IQD,one,لايحتاج,
اطلاق خدمات الكترونية/خدمة تجديد للمؤسسات التربوية المهنية الاهلية,ge,الحوكمة والادارة,تعزيز قدرات منتسبي ديوان وزارة التربية و المديريات العامة في جوانب التخطيط والتنسيق والمهارات الإدارية لضمان توفير التعليم والمتابعة والتقييم,الإدارة المؤسسية والقيادة,دعم نشر الأنظمة التعليمية الإدارية والإلكترونية ، بما في ذلك. صندوق أدوات EMIS وKobo,نسبة المتدربين من الادارة الوسطى والعليا في جوانب التخطيط والتنسيق والمهارات الادارية الى العدد الاجمالي على أساس سنوي,percent,100.0,0.0,2024,2025,بنك المعلومات / قسم التعليم الاهلي,done,0.0,0.0,0.0,IQD,one,لايحتاج,
اطلاق خدمات الكترونية/خدمة تغيير مستوى للمؤسسات التربوية الاهلية,ge,الحوكمة والادارة,تعزيز قدرات منتسبي ديوان وزارة التربية و المديريات العامة في جوانب التخطيط والتنسيق والمهارات الإدارية لضمان توفير التعليم والمتابعة والتقييم,الإدارة المؤسسية والقيادة,دعم نشر الأنظمة التعليمية الإدارية والإلكترونية ، بما في ذلك. صندوق أدوات EMIS وKobo,نسبة المتدربين من الادارة الوسطى والعليا في جوانب التخطيط والتنسيق والمهارات الادارية الى العدد الاجمالي على أساس سنوي,percent,100.0,0.0,2024,2025,بنك المعلومات / قسم التعليم الاهلي,done,0.0,0.0,0.0,IQD,one,لايحتاج,
اطلاق خدمات الكترونية/خدمة نقل موقع للمؤسسات التربوية الاهلية,ge,الحوكمة والادارة,تعزيز قدرات منتسبي ديوان وزارة التربية و المديريات العامة في جوانب التخطيط والتنسيق والمهارات الإدارية لضمان توفير التعليم والمتابعة والتقييم,الإدارة المؤسسية والقيادة,دعم نشر الأنظمة التعليمية الإدارية والإلكترونية ، بما في ذلك. صندوق أدوات EMIS وKobo,نسبة المتدربين من الادارة الوسطى والعليا في جوانب التخطيط والتنسيق والمهارات الادارية الى العدد الاجمالي على أساس سنوي,percent,100.0,0.0,2024,2025,بنك المعلومات / قسم التعليم الاهلي,done,0.0,0.0,0.0,IQD,one,لايحتاج,
اطلاق خدمات الكترونية/خدمة غلق المؤسسات التربوية الاهلية,ge,الحوكمة والادارة,تعزيز قدرات منتسبي ديوان وزارة التربية و المديريات العامة في جوانب التخطيط والتنسيق والمهارات الإدارية لضمان توفير التعليم والمتابعة والتقييم,الإدارة المؤسسية والقيادة,دعم نشر الأنظمة التعليمية الإدارية والإلكترونية ، بما في ذلك. صندوق أدوات EMIS وKobo,نسبة المتدربين من الادارة الوسطى والعليا في جوانب التخطيط والتنسيق والمهارات الادارية الى العدد الاجمالي على أساس سنوي,percent,100.0,0.0,2024,2025,بنك المعلومات / قسم التعليم الاهلي,done,0.0,0.0,0.0,IQD,one,لايحتاج,
اطلاق خدمات الكترونية/خدمة شطر للمؤسسات التربوية الاهلية,ge,الحوكمة والادارة,تعزيز قدرات منتسبي ديوان وزارة التربية و المديريات العامة في جوانب التخطيط والتنسيق والمهارات الإدارية لضمان توفير التعليم والمتابعة والتقييم,الإدارة المؤسسية والقيادة,دعم نشر الأنظمة التعليمية الإدارية والإلكترونية ، بما في ذلك. صندوق أدوات EMIS وKobo,نسبة المتدربين من الادارة الوسطى والعليا في جوانب التخطيط والتنسيق والمهارات الادارية الى العدد الاجمالي على أساس سنوي,percent,100.0,0.0,2024,2025,بنك المعلومات / قسم التعليم الاهلي,done,0.0,0.0,0.0,IQD,one,لايحتاج,
اتم اعداد دراسة حول المدارس التي تقوم بأعتماد نظام kobo واجراء التقييم الخارجي للمدارس الصباحية الحكومية ذات المستوى الاول بواقع (3) مدارس وذات المستوى الثاني (25) مدرسة وذات المستوى الثالث (149) مدرسة وذات المستوى الرابع (68) مدرسة من قبل المشرفين بالمدارس حسب كتاب قسم الاشراف التربوي المرقم 1/6/446 في 28/8/2024,ge,الحوكمة والادارة,تعزيز قدرات منتسبي ديوان وزارة التربية و المديريات العامة في جوانب التخطيط والتنسيق والمهارات الإدارية لضمان توفير التعليم والمتابعة والتقييم,الإدارة المؤسسية والقيادة,دعم نشر الأنظمة التعليمية الإدارية والإلكترونية ، بما في ذلك. صندوق أدوات EMIS وKobo,نسبة المتدربين من الادارة الوسطى والعليا في جوانب التخطيط والتنسيق والمهارات الادارية الى العدد الاجمالي على أساس سنوي,percent,100.0,75.0,2024,2025,قسم الاشراف التربوي+ قسم الاشراف الاختصاصي,done,0.0,0.0,0.0,IQD,one,لا يحتاج الى تخصيص,
تجهيز إدارات المدارس لاب توب وتدربها على انظام دارة المعلومات,ge,الحوكمة والادارة,تعزيز قدرات منتسبي ديوان وزارة التربية و المديريات العامة في جوانب التخطيط والتنسيق والمهارات الإدارية لضمان توفير التعليم والمتابعة والتقييم,الإدارة المؤسسية والقيادة,دعم نشر الأنظمة التعليمية الإدارية والإلكترونية ، بما في ذلك. صندوق أدوات EMIS وKobo,نسبة المتدربين من الادارة الوسطى والعليا في جوانب التخطيط والتنسيق والمهارات الادارية الى العدد الاجمالي على أساس سنوي,percent,100.0,100.0,2024,2025,قسم التخديط - تربية الانبار,done,,,,IQD,one,اليونسيف,
توفير اجهزة حاسوب للمدارس,ge,الحوكمة والادارة,تعزيز قدرات منتسبي ديوان وزارة التربية و المديريات العامة في جوانب التخطيط والتنسيق والمهارات الإدارية لضمان توفير التعليم والمتابعة والتقييم,الإدارة المؤسسية والقيادة,دعم نشر الأنظمة التعليمية الإدارية والإلكترونية ، بما في ذلك. صندوق أدوات EMIS وKobo,نسبة المتدربين من الادارة الوسطى والعليا في جوانب التخطيط والتنسيق والمهارات الادارية الى العدد الاجمالي على أساس سنوي,percent,100.0,25.0,2024,2026,مديرية تربية ذي قار,done,,1360000000.0,,IQD,one,الموازنة الجارية,
تفعيل برامج الارشفة الالكترونية لجميع شعب قسم الشؤون المالية,ge,الحوكمة والادارة,تعزيز قدرات الإدارة المالية من أجل تقديم خدمات تعليمية فعالة وكفؤة,الإدارة المالية,تطوير نظام إدارة المعلومات المالية,نسبة تنفيذ الموازنة السنوية الجارية والاستثمارية لوزارة التربية,percent,100.0,15.0,2024,2026,تربية بابل,done,0.0,0.0,0.0,IQD,one,لا يحتاج للتخصيص,
مشروع نظام الدفع الالكتروني و ابرام اتفاقية الــ(pos) بواقع عدد الاجهزة,ge,الحوكمة والادارة,تعزيز قدرات الإدارة المالية من أجل تقديم خدمات تعليمية فعالة وكفؤة,الإدارة المالية,تطوير نظام إدارة المعلومات المالية,نسبة تنفيذ الموازنة السنوية الجارية والاستثمارية لوزارة التربية,percent,100.0,50.0,2024,2025,المديرية العامة لتربية الكرخ الثالثة / قسم الشؤون المالية,done,0.0,0.0,0.0,IQD,one,,
تفعيل شعبة pos والتحول من نظام الدفع اليدوي الى نظام الدفع الالكتروني,ge,الحوكمة والادارة,تعزيز قدرات الإدارة المالية من أجل تقديم خدمات تعليمية فعالة وكفؤة,الإدارة المالية,تطوير نظام إدارة المعلومات المالية,نسبة تنفيذ الموازنة السنوية الجارية والاستثمارية لوزارة التربية,percent,100.0,100.0,2024,2025,مديرية تربية قار,done,0.0,0.0,0.0,IQD,one,لايوجد,
جهاز pos الالكتروني والعمل به على مدار السنة عن قبض المبالغ,ge,الحوكمة والادارة,تعزيز قدرات الإدارة المالية من أجل تقديم خدمات تعليمية فعالة وكفؤة,الإدارة المالية,تطوير نظام إدارة المعلومات المالية,نسبة المتدربين من الادارة الوسطى والعليا في جوانب التخطيط والتنسيق والمهارات الادارية الى العدد الاجمالي على أساس سنوي,percent,100.0,,2025,2025,المديرية العامة لتربية النجف/ قسم الشؤون المالية,done,,0.0,0.0,IQD,one,ـــ,
تم شراء 10 حاسبة و15 رواتر وسيرفر لتجهير نظام الاتمتة و تفعيل برامج الارشفة الالكترونية لجميع شعب القسم,ge,الحوكمة والادارة,تعزيز قدرات الإدارة المالية من أجل تقديم خدمات تعليمية فعالة وكفؤة,الإدارة المالية,تطوير نظام إدارة المعلومات المالية,نسبة تنفيذ الموازنة السنوية الجارية والاستثمارية لوزارة التربية,percent,100.0,0.0,2025,2026,المديرية العامة لتربية القادسية,done,0.0,0.0,0.0,IQD,one,,
تم تفعيل شعبة pos والتحول من نظام الدفع اليدوي الى نظام الدفع الالكتروني,ge,الحوكمة والادارة,تعزيز قدرات الإدارة المالية من أجل تقديم خدمات تعليمية فعالة وكفؤة,الإدارة المالية,تطوير نظام إدارة المعلومات المالية,نسبة تنفيذ الموازنة السنوية الجارية والاستثمارية لوزارة التربية,percent,100.0,50.0,2024,2025,قسم الشؤون المالية,done,0.0,0.0,0.0,IQD,one,لايوجد,
تم تفعيل شعبة pos والتحول من نظام الدفع اليدوي الى نظام الدفع الالكتروني,ge,الحوكمة والادارة,تعزيز قدرات الإدارة المالية من أجل تقديم خدمات تعليمية فعالة وكفؤة,الإدارة المالية,تطوير نظام إدارة المعلومات المالية,نسبة تنفيذ الموازنة السنوية الجارية والاستثمارية لوزارة التربية,percent,100.0,100.0,2024,2024,قسم الشؤون المالية,done,,,,IQD,one,,
ادخال موظفي قسم الشؤون المالية عدد 150 موظف بدورات تدريبية (كيفية الاجابة على الكتب التي ترد من قبل ديوان الرقابة المالي),ge,الحوكمة والادارة,تعزيز قدرات الإدارة المالية من أجل تقديم خدمات تعليمية فعالة وكفؤة,الإدارة المالية,بناء قدرات وتحفيز العاملين في الإدارة المالية للتخطيط لتوفير السيولة النقدية لتنفيذ البرامج والمشاريع,تعزيز قدرات الإدارة المالية من اجل تقديم خدمات تعليمية فعالة وكفوءة,percent,100.0,0.0,2025,2025,المديرية العامة لتربية القادسية,done,,,,IQD,one,,
اشراك الموظفين في دورات,ge,الحوكمة والادارة,تعزيز قدرات الإدارة المالية من أجل تقديم خدمات تعليمية فعالة وكفؤة,الإدارة المالية,بناء قدرات وتحفيز العاملين في الإدارة المالية للتخطيط لتوفير السيولة النقدية لتنفيذ البرامج والمشاريع,تعزيز قدرات الإدارة المالية من اجل تقديم خدمات تعليمية فعالة وكفوءة,percent,100.0,50.0,2024,2025,قسم الشؤون المالية,done,107550000.0,,8500050000.0,IQD,one,تشغيلية,
اشراك جميع موظفي قسم الشؤون المالية في دورات التخصص المالي من المعينين الجدد 93 موظف في قسم الاعداد والتدريب,ge,الحوكمة والادارة,تعزيز قدرات الإدارة المالية من أجل تقديم خدمات تعليمية فعالة وكفؤة,الإدارة المالية,بناء قدرات وتحفيز العاملين في الإدارة المالية للتخطيط لتوفير السيولة النقدية لتنفيذ البرامج والمشاريع,تعزيز قدرات الإدارة المالية من اجل تقديم خدمات تعليمية فعالة وكفوءة,percent,100.0,100.0,2023,2024,تربية بابل,done,0.0,0.0,0.0,IQD,one,لا يحتاج للتخصيص,
اشراك موظفي قسم الشؤون المالية عدد 16 في ورشة تدريبية واحدة على الواجهات الجديدة المصممة والمبرمجة لغرض(الاجازات ،الغيابات )مع نظام الرواتب,ge,الحوكمة والادارة,تعزيز قدرات الإدارة المالية من أجل تقديم خدمات تعليمية فعالة وكفؤة,الإدارة المالية,بناء قدرات وتحفيز العاملين في الإدارة المالية للتخطيط لتوفير السيولة النقدية لتنفيذ البرامج والمشاريع,تعزيز قدرات الإدارة المالية من اجل تقديم خدمات تعليمية فعالة وكفوءة,percent,100.0,100.0,2024,2025,تربية بابل,done,0.0,0.0,0.0,IQD,one,لا يحتاج للتخصيص,
عقد ورشة عدد 2 للتعريف بمخاطر الدفع الالكتروني لموظفي قسم الشؤون المالية بعدد 150 موظف,ge,الحوكمة والادارة,تعزيز قدرات الإدارة المالية من أجل تقديم خدمات تعليمية فعالة وكفؤة,الإدارة المالية,بناء قدرات وتحفيز العاملين في الإدارة المالية للتخطيط لتوفير السيولة النقدية لتنفيذ البرامج والمشاريع,تعزيز قدرات الإدارة المالية من اجل تقديم خدمات تعليمية فعالة وكفوءة,percent,100.0,25.0,2024,2026,تربية بابل,done,0.0,0.0,0.0,IQD,one,لا يحتاج للتخصيص,
اشراك موظفي قسم الشؤون المالية في ورشة واحدة بعدد 10 موظف لغرض التعريف بعمل اجهزة pos,ge,الحوكمة والادارة,تعزيز قدرات الإدارة المالية من أجل تقديم خدمات تعليمية فعالة وكفؤة,الإدارة المالية,بناء قدرات وتحفيز العاملين في الإدارة المالية للتخطيط لتوفير السيولة النقدية لتنفيذ البرامج والمشاريع,تعزيز قدرات الإدارة المالية من اجل تقديم خدمات تعليمية فعالة وكفوءة,percent,100.0,50.0,2024,2025,تربية بابل,done,0.0,0.0,0.0,IQD,one,لا يحتاج للتخصيص,
تدريب 125 معلم ومدرس ومنتسب,ge,الحوكمة والادارة,تعزيز قدرات الإدارة المالية من أجل تقديم خدمات تعليمية فعالة وكفؤة,إدارة الازمات,تدريب العاملين في خلية الأزمات ووزارة التربية والمديريات العامة للتربية في المحافظات على الاستجابة للازمات لضمان استمرار التعليم أثناء الأزمات,تعزيز قدرات الإدارة المالية من اجل تقديم خدمات تعليمية فعالة وكفوءة,percent,100.0,,2025,2025,قسم الاعداد والتدريب,done,20000000.0,0.0,,IQD,one,تشغيلية,
اشراك الموظفين في دورات,ge,الحوكمة والادارة,تعزيز قدرات الإدارة المالية من أجل تقديم خدمات تعليمية فعالة وكفؤة,الإدارة المالية,بناء قدرات وتحفيز العاملين في الإدارة المالية للتخطيط لتوفير السيولة النقدية لتنفيذ البرامج والمشاريع,تعزيز قدرات الإدارة المالية من اجل تقديم خدمات تعليمية فعالة وكفوءة,percent,100.0,,2025,2025,قسم الشؤون المالية,done,107550000.0,,8500050000.0,IQD,one,تشغيلية,
عقد دورات للعاميلن على الادارة المالية في مجال التدقيق واعداد الموازنة,ge,الحوكمة والادارة,تعزيز قدرات الإدارة المالية من أجل تقديم خدمات تعليمية فعالة وكفؤة,الإدارة المالية,بناء قدرات وتحفيز العاملين في الإدارة المالية للتخطيط لتوفير السيولة النقدية لتنفيذ البرامج والمشاريع,تعزيز قدرات الإدارة المالية من اجل تقديم خدمات تعليمية فعالة وكفوءة,percent,100.0,60.0,2024,2025,مديرية تربية ذي قار,done,0.0,0.0,0.0,IQD,one,الموازنة الجارية,
-نشر بحوث في مجلة المركز ( مجلة دراسات تربوية) بواقع 100 بحث في خمسة اعداد 2-تفعيل صفحة الباحث العلمي بواقع 90 صفحة,ge,الحوكمة والادارة,تعزيز قدرات الإدارة المالية من أجل تقديم خدمات تعليمية فعالة وكفؤة,الإدارة المالية,تطوير تنوع مصادر تمويل التعليم (الاستثمار),نسبة تنفيذ الموازنة السنوية الجارية والاستثمارية لوزارة التربية,percent,100.0,76.0,2024,2025,جميع الباحثين - مركز البحوث والدراسات,done,0.0,0.0,0.0,IQD,one,,
-نشر بحوث في مجلة المركز ( مجلة دراسات تربوية) بواقع 100 بحث في خمسة اعداد 2-تفعيل صفحة الباحث العلمي بواقع 100 صفحة,ge,الحوكمة والادارة,تعزيز قدرات الإدارة المالية من أجل تقديم خدمات تعليمية فعالة وكفؤة,الإدارة المالية,تطوير تنوع مصادر تمويل التعليم (الاستثمار),نسبة تنفيذ الموازنة السنوية الجارية والاستثمارية لوزارة التربية,percent,100.0,,2025,2025,جميع الباحثين,done,0.0,0.0,0.0,IQD,one,,
اعداد مشروع صفحة الباحث العلمي (google scholar) اطلاق وتحقيق المشروع,ge,الحوكمة والادارة,تعزيز قدرات الإدارة المالية من أجل تقديم خدمات تعليمية فعالة وكفؤة,الإدارة المالية,تطوير تنوع مصادر تمويل التعليم (الاستثمار),نسبة تنفيذ الموازنة السنوية الجارية والاستثمارية لوزارة التربية,percent,100.0,25.0,2024,2026,1. قسم إدارة الجودة الشاملة 2. مركز المعلومات والاتصالات,done,0.0,0.0,0.0,IQD,one,لايوجد,
اختيار مديري ومعاوني المدارس الحكومية وفقا لمشروع الادارات المدرسية النافذ,ge,الحوكمة والادارة,تزويد المدارس بميزانية تشغيلية لتنفيذ خطط تطوير المدرسة وتنفيذ استراتيجية الحوانيت المدرسية للسماح للمدارس بمعالجة الاحتياجات الخاصة بالمدرسة,الإدارة المدرسية,تطوير نظام اختيار إدارة المدرسة,تعديل اختيار مديري المدارس,percent,100.0,85.0,2023,2024,قسم الادارة المدرسية - المديرية العامة للتعليم العام والاهلي والاجنبي,done,0.0,0.0,0.0,IQD,one,لا يحتاج تخصيص,هذا المسروع مستمر وهو من مهام الوزارة وتقوم به بصفة دورية
اختيار مديري ومعاوني المدارس الحكومية وفقا لمشروع الادارات المدرسية النافذ,ge,الحوكمة والادارة,تزويد المدارس بميزانية تشغيلية لتنفيذ خطط تطوير المدرسة وتنفيذ استراتيجية الحوانيت المدرسية للسماح للمدارس بمعالجة الاحتياجات الخاصة بالمدرسة,الإدارة المدرسية,تطوير نظام اختيار إدارة المدرسة,تعديل اختيار مديري المدارس,percent,100.0,0.0,2024,2025,قسم الادارة المدرسية - المديرية العامة للتعليم العام والاهلي والاجنبي,done,0.0,0.0,0.0,IQD,one,لا يحتاج تخصيص,هذا المسروع مستمر وهو من مهام الوزارة وتقوم به بصفة دورية
تعزيز جائزة حقوق الانسان والطفل من خلال بث ثقافة حقوق الانسان في المدارس وتضمين منهاج حقوق الانسان في المدارس وتقييمها,ge,الحوكمة والادارة,تزويد المدارس بميزانية تشغيلية لتنفيذ خطط تطوير المدرسة وتنفيذ استراتيجية الحوانيت المدرسية للسماح للمدارس بمعالجة الاحتياجات الخاصة بالمدرسة,الإدارة المدرسية,تعزيز جائزة حقوق الانسان في المدارس,تعزيز حصص المديريات العامة للتربية التي لديها خطط وموازنات محددة لضمان استمرارية التعليم أثناء الأزمات، بإجمالي 20 خطة (19 محافظة ومديريات عامة للتربية في بغداد + مركز),percent,100.0,,2025,2025,قسم الاشراف التربوي,done,0.0,0.0,0.0,IQD,one,لايوجد,
تعزيز جائزة حقوق الانسان والطفل من خلال بث ثقافة حقوق الانسان في المدارس وتضمين منهاج حقوق الانسان في المدارس وتقييمها,ge,الحوكمة والادارة,تزويد المدارس بميزانية تشغيلية لتنفيذ خطط تطوير المدرسة وتنفيذ استراتيجية الحوانيت المدرسية للسماح للمدارس بمعالجة الاحتياجات الخاصة بالمدرسة,الإدارة المدرسية,تعزيز جائزة حقوق الانسان في المدارس,تعزيز حصص المديريات العامة للتربية التي لديها خطط وموازنات محددة لضمان استمرارية التعليم أثناء الأزمات، بإجمالي 20 خطة (19 محافظة ومديريات عامة للتربية في بغداد + مركز),percent,100.0,50.0,2024,2025,قسم الاشراف التربوي,done,0.0,0.0,0.0,IQD,one,لايوجد,
تشكيل لجان تقييم مؤلفة من مشرف اختصاص وتربوي ومرشد لتحديد المدارس المستحقة,ge,الحوكمة والادارة,تزويد المدارس بميزانية تشغيلية لتنفيذ خطط تطوير المدرسة وتنفيذ استراتيجية الحوانيت المدرسية للسماح للمدارس بمعالجة الاحتياجات الخاصة بالمدرسة,الإدارة المدرسية,تعزيز جائزة حقوق الانسان في المدارس,تعزيز حصص المديريات العامة للتربية التي لديها خطط وموازنات محددة لضمان استمرارية التعليم أثناء الأزمات، بإجمالي 20 خطة (19 محافظة ومديريات عامة للتربية في بغداد + مركز),percent,100.0,50.0,2024,2025,قسم التعليم العام واشراف - تربية الانبار,done,0.0,0.0,0.0,IQD,one,بدون تمويل,
تم تشكيل لجنة بأسم (لجنة حقوق الانسان) - تم شمول (25) مدرسة للعام الدراسي الحالي. - من 1/11/2024 الى 1/5/2025,ge,الحوكمة والادارة,تزويد المدارس بميزانية تشغيلية لتنفيذ خطط تطوير المدرسة وتنفيذ استراتيجية الحوانيت المدرسية للسماح للمدارس بمعالجة الاحتياجات الخاصة بالمدرسة,الادارة المدرسية,تعزيز جائزة حقوق الانسان في المدارس,تعزيز حصص المديريات العامة للتربية التي لديها خطط وموازنات محددة لضمان استمرارية التعليم أثناء الأزمات، بإجمالي 20 خطة (19 محافظة ومديريات عامة للتربية في بغداد + مركز),percent,100.0,,2024-11-01 00:00:00,2025-05-01 00:00:00,لمديرية العامة لتربية النجف/ قسم الاشراف الاختصاصي,done,,,,IQD,one,وزارة التربية,
تم تشكيل لجنة بأسم (لجنة حقوق الانسان) - تم شمول (75) مدرسة لحد العام الدراسي الحالي. - من 1/11/2023 الى 1/5/2024,ge,الحوكمة والادارة,تزويد المدارس بميزانية تشغيلية لتنفيذ خطط تطوير المدرسة وتنفيذ استراتيجية الحوانيت المدرسية للسماح للمدارس بمعالجة الاحتياجات الخاصة بالمدرسة,الادارة المدرسية,تعزيز جائزة حقوق الانسان في المدارس,تعزيز حصص المديريات العامة للتربية التي لديها خطط وموازنات محددة لضمان استمرارية التعليم أثناء الأزمات، بإجمالي 20 خطة (19 محافظة ومديريات عامة للتربية في بغداد + مركز),percent,100.0,100.0,2023/2024,2024,لمديرية العامة لتربية النجف/ قسم الاشراف الاختصاصي,done,,,,IQD,one,ـــ,
تم تشكيل لجان رئيسية وفرعية لمتابعة وتقييم المدارس التي تشارك في جائزة حقوق الانسان الابتدائي والثانوي - تم شمول (750) مدرسة( لمدة 6 سنوات),ge,الحوكمة والادارة,تزويد المدارس بميزانية تشغيلية لتنفيذ خطط تطوير المدرسة وتنفيذ استراتيجية الحوانيت المدرسية للسماح للمدارس بمعالجة الاحتياجات الخاصة بالمدرسة,الادارة المدرسية,تعزيز جائزة حقوق الانسان في المدارس,تعزيز حصص المديريات العامة للتربية التي لديها خطط وموازنات محددة لضمان استمرارية التعليم أثناء الأزمات، بإجمالي 20 خطة (19 محافظة ومديريات عامة للتربية في بغداد + مركز),percent,100.0,,2026,2031,المديرية العامة لتربية النجف/ قشعبة حقوق االانسان,done,,,,IQD,one,0,منجز 2026
تم تنظيم ورش عمل تدريبية لمديري المدارس الابتدائية والإعدادية، هدفت إلى رفع الوعي بآليات التقديم لجائزة حقوق الإنسان، وتعزيز دمج مفاهيم ومبادئ حقوق الإنسان في المناهج والخطط الدراسية، بما يسهم في ترسيخ قيم المواطنة والاحترام داخل البيئة التعليمية. بعدد ( 60) ورشة لمدة (6) سنوات,ge,الحوكمة والادارة,تزويد المدارس بميزانية تشغيلية لتنفيذ خطط تطوير المدرسة وتنفيذ استراتيجية الحوانيت المدرسية للسماح للمدارس بمعالجة الاحتياجات الخاصة بالمدرسة,الادارة المدرسية,تعزيز جائزة حقوق الانسان في المدارس,تعزيز حصص المديريات العامة للتربية التي لديها خطط وموازنات محددة لضمان استمرارية التعليم أثناء الأزمات، بإجمالي 20 خطة (19 محافظة ومديريات عامة للتربية في بغداد + مركز),percent,100.0,0.0,2026,2031,المديرية العامة لتربية النجف/ قشعبة حقوق االانسان,done,,,,IQD,one,ـــ,منجز 2026
اعداد دراسة حول المدارس المشمولة بمشروع جائزة حقوق الانسان وتم شمول (6) مدارس جديدة بمشروع حقوق الانسان ضمن برنامج بناء القدرات للتعليم الابتدائي وبالتعاون مع المجلس الثقافي البريطاني لغرض تدريب المشرف التربوي ومدراء المدارس,ge,الحوكمة والادارة,تزويد المدارس بميزانية تشغيلية لتنفيذ خطط تطوير المدرسة وتنفيذ استراتيجية الحوانيت المدرسية للسماح للمدارس بمعالجة الاحتياجات الخاصة بالمدرسة,الإدارة المدرسية,تعزيز جائزة حقوق الانسان في المدارس,تعزيز حصص المديريات العامة للتربية التي لديها خطط وموازنات محددة لضمان استمرارية التعليم أثناء الأزمات، بإجمالي 20 خطة (19 محافظة ومديريات عامة للتربية في بغداد + مركز),percent,100.0,50.0,2024,2025,قسم الاشراف التربوي+ قسم الاشراف الاختصاصي,done,0.0,0.0,0.0,IQD,one,لا يحتاج الى تخصيص,
توسيع مشروع برنامج الادارة المستندة لكافة مدارس المحافظة,ge,الحوكمة والادارة,تزويد المدارس بميزانية تشغيلية لتنفيذ خطط تطوير المدرسة وتنفيذ استراتيجية الحوانيت المدرسية للسماح للمدارس بمعالجة الاحتياجات الخاصة بالمدرسة,الإدارة المدرسية,توسيع برنامج الإدارة المستندة على المدرسة لتشمل جميع المدارس,تنشط نظام معلومات الإدارة التعليمية على المستوى المركزي ومستوى المحافظات ويستخدم للتخطيط وعمليات الرصد والتقييم,percent,100.0,50.0,2024,2025,قسم التخطيط التربوي,done,0.0,0.0,0.0,IQD,one,منظمات,
توسيع مشروع برنامج الادارة المستندة لكافة مدارس المحافظة,ge,الحوكمة والادارة,تزويد المدارس بميزانية تشغيلية لتنفيذ خطط تطوير المدرسة وتنفيذ استراتيجية الحوانيت المدرسية للسماح للمدارس بمعالجة الاحتياجات الخاصة بالمدرسة,الإدارة المدرسية,توسيع برنامج الإدارة المستندة على المدرسة لتشمل جميع المدارس,تنشط نظام معلومات الإدارة التعليمية على المستوى المركزي ومستوى المحافظات ويستخدم للتخطيط وعمليات الرصد والتقييم,percent,100.0,,2025,2025,قسم التخطيط التربوي,done,0.0,0.0,0.0,IQD,one,منظمات,
صيانة مطافي الحريق في المديرية,ge,الحوكمة والادارة,اضفاء الطابع المؤسسي على التخطيط المراعي للأزمات وتعزيز قدرات الاستجابة على المستويين المركزي واللامركزي لضمان استمرار التعليم أثناء الأزمة,إدارة الازمات,تعزيز دور خلية الأزمات في وزارة التربية والمديريات في المحافظات على إدارة المخاطر,تم انشاء خلية / وحدة الأزمات في وزارة التربية ومديريات التربية، لدعم المدارس للحد وإدارة الأزمات التي تؤثر على تقديم خدمات التعليم,percent,100.0,50.0,2024,2025,المديرية العامة لتربية بغداد الكرخ الثالثة,done,0.0,0.0,0.0,IQD,one,,
"تشكيل لجان الحماية الذاتية في ديوان المديرية بواقع (5) لجان وهي ( هيئة رئاسة الدفاع المدني , فرقة حفظ الامن والنظام , فرقة الاخلاء والاسعافات الاولية , فرقة اطفاء الحرائق , فرقة الانذار والاتصالات )",ge,الحوكمة والادارة,اضفاء الطابع المؤسسي على التخطيط المراعي للأزمات وتعزيز قدرات الاستجابة على المستويين المركزي واللامركزي لضمان استمرار التعليم أثناء الأزمة,إدارة الازمات,تعزيز دور خلية الأزمات في وزارة التربية والمديريات في المحافظات على إدارة المخاطر,تم انشاء خلية / وحدة الأزمات في وزارة التربية ومديريات التربية، لدعم المدارس للحد وإدارة الأزمات التي تؤثر على تقديم خدمات التعليم,percent,100.0,50.0,2024,2025,المديرية العامة لتربية بغداد الكرخ الثالثة,done,0.0,0.0,0.0,IQD,one,,
تم تشكيل خلية أزمة في مديريتنا لإدارة المخاطر.,ge,الحوكمة والادارة,اضفاء الطابع المؤسسي على التخطيط المراعي للأزمات وتعزيز قدرات الاستجابة على المستويين المركزي واللامركزي لضمان استمرار التعليم أثناء الأزمة,إدارة الازمات,تعزيز دور خلية الأزمات في وزارة التربية والمديريات في المحافظات على إدارة المخاطر,نسبة,percent,100.0,100.0,2024,2024,لمديرية العامة لتربية النجف/شعبة الصحة والسلامة المهنية,done,,,,IQD,one,ـــ,
اقامة دورات في قسم الاعداد والتدريب في المديرية العامة لتربية النجف الاشرف حول ادارة المخاطر والسلامة المهنية بواقع (50) دورة,ge,الحوكمة والادارة,اضفاء الطابع المؤسسي على التخطيط المراعي للأزمات وتعزيز قدرات الاستجابة على المستويين المركزي واللامركزي لضمان استمرار التعليم أثناء الأزمة,إدارة الازمات,تعزيز دور خلية الأزمات في وزارة التربية والمديريات في المحافظات على إدارة المخاطر,تم انشاء خلية / وحدة الأزمات في وزارة التربية ومديريات التربية، لدعم المدارس للحد وإدارة الأزمات التي تؤثر على تقديم خدمات التعليم,percent,100.0,,2025-01-02 00:00:00,2025-12-31 00:00:00,"المديرية العامة لتربية النجف/شعبة الصحة والسلامة المهنية, بالتعاون مع مديرية الدفاع المدني وديوان المحافظة",done,,,,IQD,one,لا یحتاج الى تخصیص,
اقامة الدورات بالتعاون مع مديرية الدفاع المدني في النجف الاشرف حول ادارة المخاطر وكيفية حل الازمات بواقع (5) دورات,ge,الحوكمة والادارة,اضفاء الطابع المؤسسي على التخطيط المراعي للأزمات وتعزيز قدرات الاستجابة على المستويين المركزي واللامركزي لضمان استمرار التعليم أثناء الأزمة,إدارة الازمات,تعزيز دور خلية الأزمات في وزارة التربية والمديريات في المحافظات على إدارة المخاطر,تم انشاء خلية / وحدة الأزمات في وزارة التربية ومديريات التربية، لدعم المدارس للحد وإدارة الأزمات التي تؤثر على تقديم خدمات التعليم,percent,100.0,,2025-01-02 00:00:00,2025-12-31 00:00:00,لمديرية العامة لتربية النجف/شعبة الصحة والسلامة المهنية بالتعاون مع ديوان المحافظة,done,,,,IQD,one,لا یحتاج الى تخصیص,
اقامة الدورات بالتعاون مع ديوان محافظة النجف الاشرف حول ادارة المخاطر وحل الازمات وكيفية معالجة الحرائق بواقع (7) دورات,ge,الحوكمة والادارة,اضفاء الطابع المؤسسي على التخطيط المراعي للأزمات وتعزيز قدرات الاستجابة على المستويين المركزي واللامركزي لضمان استمرار التعليم أثناء الأزمة,إدارة الازمات,تعزيز دور خلية الأزمات في وزارة التربية والمديريات في المحافظات على إدارة المخاطر,تم انشاء خلية / وحدة الأزمات في وزارة التربية ومديريات التربية، لدعم المدارس للحد وإدارة الأزمات التي تؤثر على تقديم خدمات التعليم,percent,100.0,,2025-01-02 00:00:00,2025-12-31 00:00:00,"لمديرية العامة لتربية النجف/شعبة الصحة والسلامة المهنية, بالتعاون مع مديرية الدفاع المدني",done,,,,IQD,one,لا یحتاج الى تخصیص,
اقامة ورش توعوية لادارات المدارس حول كيفية استمرار التعليم في ظل الازمات مع الابقاء على متابعة منصة نيوتن والمدرسة الالكترونية تحسبا لاي طارئ,ge,الحوكمة والادارة,اضفاء الطابع المؤسسي على التخطيط المراعي للأزمات وتعزيز قدرات الاستجابة على المستويين المركزي واللامركزي لضمان استمرار التعليم أثناء الأزمة,إدارة الازمات,تعزيز دور خلية الأزمات في وزارة التربية والمديريات في المحافظات على إدارة المخاطر,تم انشاء خلية / وحدة الأزمات في وزارة التربية ومديريات التربية، لدعم المدارس للحد وإدارة الأزمات التي تؤثر على تقديم خدمات التعليم,percent,100.0,,2025,2025,قسم الاعداد والتدريب,done,0.0,0.0,0.0,IQD,one,لايوجد,
اقامة ورش توعوية لادارات المدارس حول كيفية استمرار التعليم في ظل الازمات مع الابقاء على متابعة منصة نيوتن والمدرسة الالكترونية تحسبا لاي طارئ,ge,الحوكمة والادارة,اضفاء الطابع المؤسسي على التخطيط المراعي للأزمات وتعزيز قدرات الاستجابة على المستويين المركزي واللامركزي لضمان استمرار التعليم أثناء الأزمة,إدارة الازمات,تعزيز دور خلية الأزمات في وزارة التربية والمديريات في المحافظات على إدارة المخاطر,تم انشاء خلية / وحدة الأزمات في وزارة التربية ومديريات التربية، لدعم المدارس للحد وإدارة الأزمات التي تؤثر على تقديم خدمات التعليم,percent,100.0,50.0,2024,2025,قسم الاعداد والتدريب - تربية نينوى,done,0.0,0.0,0.0,IQD,one,لايوجد,
متابعة تنفيذ برنامج الشفافية وحماية المال العام,ge,الحوكمة والادارة,اظفاء الطابع المؤسسي على التخطيط المراعي للازمات وتعزيز قدرات الاستجابة على المستويين المركزي واللامركزي لضمان استمرار التعليم اثناء الازمة,ادارة الازمات,تعزيز دور خلية الأزمات في وزارة التربية والمديريات في المحافظات على إدارة المخاطر,متابعة وتنفيذ برنامج الشفافية وحماية المال العام,,1.0,,2026,2026,شعبة إدارة الجودة والتطوير المؤسسي,done,,,,IQD,one,,
تدريب 250 معلم ومدرس ومنتسب,ge,الحوكمة والادارة,اضفاء الطابع المؤسسي على التخطيط المراعي للأزمات وتعزيز قدرات الاستجابة على المستويين المركزي واللامركزي لضمان استمرار التعليم أثناء الأزمة,إدارة الازمات,تدريب العاملين في خلية الأزمات ووزارة التربية والمديريات العامة للتربية في المحافظات على الاستجابة للازمات لضمان استمرار التعليم أثناء الأزمات,تم انشاء خلية / وحدة الأزمات في وزارة التربية ومديريات التربية، لدعم المدارس للحد وإدارة الأزمات التي تؤثر على تقديم خدمات التعليم,percent,100.0,60.0,2024,2025,قسم الاعداد والتدريب - تربية نينوى,done,20000000.0,0.0,,IQD,one,تشغيلية,
تم اعداد حقيبة تدريبية لمواجهة ازمة الفياضانات التي تواجها المدارس وكيفية الحد منها واقامة ورشة تدريبية لموظفي قسم التخطيط التربوي بواقع (35) موظف وحسب كتابنا المرقم 38226/8/2 في 2024/7/30,ge,الحوكمة والادارة,اضفاء الطابع المؤسسي على التخطيط المراعي للأزمات وتعزيز قدرات الاستجابة على المستويين المركزي واللامركزي لضمان استمرار التعليم أثناء الأزمة,إدارة الازمات,تدريب العاملين في خلية الأزمات ووزارة التربية والمديريات العامة للتربية في المحافظات على الاستجابة للازمات لضمان استمرار التعليم أثناء الأزمات,تم انشاء خلية / وحدة الأزمات في وزارة التربية ومديريات التربية، لدعم المدارس للحد وإدارة الأزمات التي تؤثر على تقديم خدمات التعليم,percent,100.0,50.0,2024,2025,قسم التخطيط التربوي,done,0.0,0.0,0.0,IQD,one,لا يحتاج الى تخصيص,
تدريب المعلمين والمدرسين على البرامج في خلية الازمات,ge,الحوكمة والادارة,اضفاء الطابع المؤسسي على التخطيط المراعي للأزمات وتعزيز قدرات الاستجابة على المستويين المركزي واللامركزي لضمان استمرار التعليم أثناء الأزمة,إدارة الازمات,تدريب العاملين في خلية الأزمات ووزارة التربية والمديريات العامة للتربية في المحافظات على الاستجابة للازمات لضمان استمرار التعليم أثناء الأزمات,تم انشاء خلية / وحدة الأزمات في وزارة التربية ومديريات التربية، لدعم المدارس للحد وإدارة الأزمات التي تؤثر على تقديم خدمات التعليم,percent,100.0,50.0,2024,2025,قسم الاعداد والتدريب - تربية الرصافة الثالثة,done,0.0,0.0,0.0,IQD,one,لايوجد,
إقامة دورات وورش ودروس تدريبية لمعلمي المديرية وفق معايير الجودة بعدد 201,ge,الحوكمة والادارة,اضفاء الطابع المؤسسي على التخطيط المراعي للأزمات وتعزيز قدرات الاستجابة على المستويين المركزي واللامركزي لضمان استمرار التعليم أثناء الأزمة,إدارة الازمات,تدريب العاملين في خلية الأزمات ووزارة التربية والمديريات العامة للتربية في المحافظات على الاستجابة للازمات لضمان استمرار التعليم أثناء الأزمات,تم انشاء خلية / وحدة الأزمات في وزارة التربية ومديريات التربية، لدعم المدارس للحد وإدارة الأزمات التي تؤثر على تقديم خدمات التعليم,percent,100.0,75.0,2023,2025,تربية بابل,done,0.0,0.0,0.0,IQD,one,لا يحتاج للتخصيص,
تعديل تعليمات تأسيس المؤسسات التربوية الاهلية الدولية,ge,الحوكمة والادارة,تعزيز الشراكة مع القطاع الخاص لضمان تحسين جودة التعليم,الشراكة مع القطاع الخاص,تعديل نظام المدارس الأهلية,تم انشاء خلية / وحدة الأزمات في وزارة التربية ومديريات التربية، لدعم المدارس للحد وإدارة الأزمات التي تؤثر على تقديم خدمات التعليم,percent,100.0,0.0,2024,2025,م.ع للتعليم العام والاهلي والاجنبي وجلس شورى الدولة,done,0.0,0.0,0.0,IQD,one,لا يحتاج للتخصيص,
تعديل نظام التعليم الاهلي رقم 5 لسنة 2013,ge,الحوكمة والادارة,تعزيز الشراكة مع القطاع الخاص لضمان تحسين جودة التعليم,الشراكة مع القطاع الخاص,تعديل نظام المدارس الأهلية,تم انشاء خلية / وحدة الأزمات في وزارة التربية ومديريات التربية، لدعم المدارس للحد وإدارة الأزمات التي تؤثر على تقديم خدمات التعليم,percent,100.0,0.0,2024,2026,المديرية العامة للتعليم العام والاهلي والاجنبي /قسم التعليم الاهلي,done,0.0,0.0,0.0,IQD,one,,
تأمين وضمان المقاعد في الكليات التربوية في وزارة التعليم العالي والبحث العلمي,ge,الموارد البشرية,توفير بيئة تعليمية تجذب وتحتفظ بموظفي التعليم المؤهلين والمتحمسين,الاختيار والتوظيف والتحفيز,تحسين اختيار المعلمين وتوظيفهم وتنويع مؤهلاتهم، وزيادة القبول في الكلية التربوية المفتوحة وكليات التربية في وزارة التعليم العالي والبحث العلمي,معدل العاملين من غير المعلمين الى اعضاء هيئة التدريس بحسب المستوى التعليمي( وبحسب المحافظة,percent,100.0,0.0,2024,2031,الاقسام الاشراف التربوي والاختصاصي والموارد البشرية,done,0.0,0.0,0.0,IQD,one,لايوجد تخصيص مالي,
تأمين وضمان المقاعد في الكليات التربوية في وزارة التعليم العالي والبحث العلمي,ge,الموارد البشرية,توفير بيئة تعليمية تجذب وتحتفظ بموظفي التعليم المؤهلين والمتحمسين,الاختيار والتوظيف والتحفيز,تحسين اختيار المعلمين وتوظيفهم وتنويع مؤهلاتهم، وزيادة القبول في الكلية التربوية المفتوحة وكليات التربية في وزارة التعليم العالي والبحث العلمي,معدل العاملين من غير المعلمين الى اعضاء هيئة التدريس بحسب المستوى التعليمي( وبحسب المحافظة,percent,100.0,7.0,2024,2031,الاقسام الاشراف التربوي والاختصاصي والموارد البشرية,done,0.0,0.0,0.0,IQD,one,لايوجد تخصيص مالي,
اعداد خطة الاجازات الدراسية للعام الدراسي (2025 / 2026) وبالتنسيق مع وزارتي التخطيط والتعليم العالي والبحث العلمي حيث أرسلت الاختصاصات الى تشكيلات الوزارة و بواقع (85) اختصاص دبلوم عالي، (346) اختصاص ماجستير و( 216) اختصاص دكتوراه,ge,الموارد البشرية,توفير بيئة تعليمية تجذب وتحتفظ بموظفي التعليم المؤهلين والمتحمسين,الاختيار والتوظيف والتحفيز,تحسين اختيار المعلمين وتوظيفهم وتنويع مؤهلاتهم، وزيادة القبول في الكلية التربوية المفتوحة وكليات التربية في وزارة التعليم العالي والبحث العلمي,معدل العاملين من غير المعلمين الى اعضاء هيئة التدريس بحسب المستوى التعليمي( وبحسب المحافظة,percent,100.0,50.0,2024,2025,م.ع.للتخطيط التربوي - قسم التخطيط والمديرية العامة للعلاقات الثقافية,done,0.0,0.0,0.0,IQD,one,,
اعداد خطة الاجازات الدراسية للعام الدراسي (2026 / 2027) وبالتنسيق مع وزارتي التخطيط والتعليم العالي والبحث العلمي,ge,الموارد البشرية,توفير بيئة تعليمية تجذب وتحتفظ بموظفي التعليم المؤهلين والمتحمسين,الاختيار والتوظيف والتحفيز,تحسين اختيار المعلمين وتوظيفهم وتنويع مؤهلاتهم، وزيادة القبول في الكلية التربوية المفتوحة وكليات التربية في وزارة التعليم العالي والبحث العلمي,معدل العاملين من غير المعلمين الى اعضاء هيئة التدريس بحسب المستوى التعليمي( وبحسب المحافظة,percent,100.0,0.0,2026,2027,م.ع.للتخطيط التربوي - قسم التخطيط والمديرية العامة للعلاقات الثقافية,done,0.0,0.0,0.0,IQD,one,,
تنظيم قبول الطلبة بما يتلائم مع تخصصاتهم العلمية,ge,الموارد البشرية,توفير بيئة تعليمية تجذب وتحتفظ بموظفي التعليم المؤهلين والمتحمسين,الاختيار والتوظيف والتحفيز,تحسين اختيار المعلمين وتوظيفهم وتنويع مؤهلاتهم، وزيادة القبول في الكلية التربوية المفتوحة وكليات التربية في وزارة التعليم العالي والبحث العلمي,معدل العاملين من غير المعلمين الى اعضاء هيئة التدريس بحسب المستوى التعليمي( وبحسب المحافظة,percent,100.0,50.0,2024,2025,الكلية التربوية المفتوحة,done,0.0,0.0,0.0,IQD,one,,
إقامة العدد من الدورات والندوات التطويرية,ge,الموارد البشرية,توفير بيئة تعليمية تجذب وتحتفظ بموظفي التعليم المؤهلين والمتحمسين,الاختيار والتوظيف والتحفيز,تحسين اختيار المعلمين وتوظيفهم وتنويع مؤهلاتهم، وزيادة القبول في الكلية التربوية المفتوحة وكليات التربية في وزارة التعليم العالي والبحث العلمي,معدل العاملين من غير المعلمين الى اعضاء هيئة التدريس بحسب المستوى التعليمي( وبحسب المحافظة,percent,100.0,50.0,2024,2025,الكلية التربوية المفتوحة,done,0.0,0.0,0.0,IQD,one,,
اعداد دراسة الرخصة المهنية لمدرسي الرياضيات,ge,الموارد البشرية,توفير بيئة تعليمية تجذب وتحتفظ بموظفي التعليم المؤهلين والمتحمسين,الاختيار والتوظيف والتحفيز,تطوير نظام تصنيف جديد للمعلمين يربط تقييمات الأداء بالتطوير المهني,معدل العاملين من غير المعلمين الى اعضاء هيئة التدريس بحسب المستوى التعليمي( وبحسب المحافظة,percent,100.0,,2024,2025,مكتب الوزير - قسم تطوير التعليم,done,,,,IQD,one,,
تشكيل لجان مشتركة لغرض دراسة الفيض والشاغر وتوزيع المعلمين على ضوء الحاجة الفعلية,ge,الموارد البشرية,توفير بيئة تعليمية تجذب وتحتفظ بموظفي التعليم المؤهلين والمتحمسين,الاختيار والتوظيف والتحفيز,تعزيز نظام إدارة المعلمين لضمان التوزيع العادل للمعلمين وفقا للاحتياجات ، من خلال اللوائح والتنفيذ الفعال ورصد التقدم,معدل الطلاب الى المدارس/ المعلم لكل مستوى تعليمي بحسب المحافظة/ ناحية,percent,100.0,7.0,2024,2032,تربية البصرة,done,0.0,0.0,0.0,IQD,one,,
انشاء نوافذ الكترونية بمنصات مجانية سهله الاستخدام يتم من خلالها ارسال جداول الحصص واستمارة الملاك وتحديث البيانات بين مدارء المدارس ومسؤلي القواطع في المحافظة لضمان دقة الخلاصة في الفيض والشاغر للكوادر التعليمية تسوية الملاكات : من الفيض والشاغر للفترة 1/8/2024 الى 1/10/2024 ولكل سنة.,ge,الموارد البشرية,توفير بيئة تعليمية تجذب وتحتفظ بموظفي التعليم المؤهلين والمتحمسين,الاختيار والتوظيف والتحفيز,تعزيز نظام إدارة المعلمين لضمان التوزيع العادل للمعلمين وفقا للاحتياجات ، من خلال اللوائح والتنفيذ الفعال ورصد التقدم,معدل العاملين من غير المعلمين الى اعضاء هيئة التدريس بحسب المستوى التعليمي( وبحسب المحافظة,percent,100.0,0.0,2024,2024,المديرية العامة لتربية النجف/ قسم التعليم العام والملاك بالتعاون المشترك مع ش. المعلومات والتصالات ومطور الصادر الالكترونية (المراسلات الالكترونية),done,,,,IQD,one,ـــ,
توزيع المعلمين وفقا للاحتياجات من خلال لجان من اقسام الاشراف التربوي والاختصاصي وتفعيل الدور الرقابي ومتابعة التوزيع,ge,الموارد البشرية,توفير بيئة تعليمية تجذب وتحتفظ بموظفي التعليم المؤهلين والمتحمسين,الاختيار والتوظيف والتحفيز,تعزيز نظام إدارة المعلمين لضمان التوزيع العادل للمعلمين وفقا للاحتياجات ، من خلال اللوائح والتنفيذ الفعال ورصد التقدم,معدل العاملين من غير المعلمين الى اعضاء هيئة التدريس بحسب المستوى التعليمي( وبحسب المحافظة,percent,100.0,50.0,2024,2025,تربية ذي قار,done,0.0,0.0,0.0,IQD,one,0,
تفعيل توصيات لجان التسوية والاخذ بالحالات الاستثنائية الضرورية فقط و التعيين حسب الرقعة الجغرافية,ge,الموارد البشرية,توفير بيئة تعليمية تجذب وتحتفظ بموظفي التعليم المؤهلين والمتحمسين,الاختيار والتوظيف والتحفيز,تعزيز نظام إدارة المعلمين لضمان التوزيع العادل للمعلمين وفقا للاحتياجات ، من خلال اللوائح والتنفيذ الفعال ورصد التقدم,معدل الطلاب الى المدارس/ المعلم لكل مستوى تعليمي بحسب المحافظة/ ناحية,percent,100.0,0.0,2024,2032,الاقسام الاشراف التربوي والاختصاصي والتعليم العام,done,0.0,0.0,0.0,IQD,one,لايوجد تخصيص مالي,
والعمل سد الشواغر في المدارس كافة من خلال جملة من الإجراءات كالنقل والتكليف والتنسيب وإكمال النصاب وتشكيل لجنة للنظر في استمارات النقل الداخلي للمعلمين والمدرسين والعمل على تنسيب او تثبيت المنقولين من خارج المحافظة,ge,الموارد البشرية,توفير بيئة تعليمية تجذب وتحتفظ بموظفي التعليم المؤهلين والمتحمسين,الاختيار والتوظيف والتحفيز,تعزيز نظام إدارة المعلمين لضمان التوزيع العادل للمعلمين وفقا للاحتياجات ، من خلال اللوائح والتنفيذ الفعال ورصد التقدم,معدل الطلاب الى المدارس/ المعلم لكل مستوى تعليمي بحسب المحافظة/ ناحية,percent,100.0,10.0,2024,2029,قسم التعليم العام والملاك + قسم الاشراف التربوي والاختصاصي - تربية كربلاء,done,0.0,0.0,0.0,IQD,one,,
متابعة اعداد الجداول الخاصة بالحصص التعليمية للهيئات التعليمية بأختصاصهم الدقيق لضمان التعلم الفعال للتلاميذ و تنفيذ خطة تسوية الملاكات التعليمية والتدريسية لسد الشواغر في المدارس وفق الاختصاصات,ge,الموارد البشرية,توفير بيئة تعليمية تجذب وتحتفظ بموظفي التعليم المؤهلين والمتحمسين,الاختيار والتوظيف والتحفيز,تعزيز نظام إدارة المعلمين لضمان التوزيع العادل للمعلمين وفقا للاحتياجات ، من خلال اللوائح والتنفيذ الفعال ورصد التقدم,معدل العاملين من غير المعلمين الى اعضاء هيئة التدريس بحسب المستوى التعليمي( وبحسب المحافظة,percent,100.0,50.0,2024,2025,قسم التعليم العام والملاك - الكرخ الثالثة,done,0.0,0.0,0.0,IQD,one,,
توزيع المعلمين وفقا للاحتياجات وبإشراف من قبل الملاك والتعليم العام وقسمي الاشراف التربوي والاختصاصي وتفعيل الدور الرقابي ومتابعة التوزيع,ge,الموارد البشرية,توفير بيئة تعليمية تجذب وتحتفظ بموظفي التعليم المؤهلين والمتحمسين,الاختيار والتوظيف والتحفيز,تعزيز نظام إدارة المعلمين لضمان التوزيع العادل للمعلمين وفقا للاحتياجات ، من خلال اللوائح والتنفيذ الفعال ورصد التقدم,معدل العاملين من غير المعلمين الى اعضاء هيئة التدريس بحسب المستوى التعليمي( وبحسب المحافظة,percent,100.0,,2025,2025,قسم التعليم العام والملاك,done,0.0,0.0,0.0,IQD,one,لايوجد,
توزيع المعلمين وفقا للاحتياجات وبإشراف من قبل الملاك والتعليم العام وقسمي الاشراف التربوي والاختصاصي وتفعيل الدور الرقابي ومتابعة التوزيع,ge,الموارد البشرية,توفير بيئة تعليمية تجذب وتحتفظ بموظفي التعليم المؤهلين والمتحمسين,الاختيار والتوظيف والتحفيز,تعزيز نظام إدارة المعلمين لضمان التوزيع العادل للمعلمين وفقا للاحتياجات ، من خلال اللوائح والتنفيذ الفعال ورصد التقدم,معدل العاملين من غير المعلمين الى اعضاء هيئة التدريس بحسب المستوى التعليمي( وبحسب المحافظة,percent,100.0,50.0,2024,2025,قسم التعليم العام والملاك - تربية نينوى,done,0.0,0.0,0.0,IQD,one,لايوجد,
اصدار أوامر نقل وتنسيب للهيئا ت التدريسية والتربوية والإدارية زالعقود ومعالجة الشواغر بالتنسيق مع قسم الاشراف التربوي والاختصاصي. تنفيذ القرارات الخاصة بتصويب العناوين الوظيفية من والى مدرس ومعلم ومعلم جامعي واداري وبالعكس وإصدار أوامر إدارية. تحديث قاعدة بيانات الملاكات التربوية والتدريسية والادارية . اصدار اوامر تنسيب بين المحافظات . اجابة وتنفيذ كافة الكتب الواردة الينا من الاقسام والوزارة . تثبيت ادارة المدارس الابتدائي والثانوي الدورة الحتمية السادسة واعلان شواغر لباقي الادارات الغير مثبتة .,ge,الموارد البشرية,توفير بيئة تعليمية تجذب وتحتفظ بموظفي التعليم المؤهلين والمتحمسين,الاختيار والتوظيف والتحفيز,تعزيز نظام إدارة المعلمين لضمان التوزيع العادل للمعلمين وفقا للاحتياجات ، من خلال اللوائح والتنفيذ الفعال ورصد التقدم,عدد المدارس التي لاتحتوي على شواغر في الكوادر التعليمية,,1.0,0.0,2026,2026,قسم التعليم العام والملاك,done,,,,IQD,one,,
تشكيل لجان مشتركة من قسمي الاشراف واقسام التربية في الاقضية لمراقبة وتقييم خطط التطوير,ge,الموارد البشرية,توفير بيئة تعليمية تجذب وتحتفظ بموظفي التعليم المؤهلين والمتحمسين,الاختيار والتوظيف والتحفيز,تعزيز نظام إدارة المعلمين لضمان التوزيع العادل للمعلمين وفقا للاحتياجات ، من خلال اللوائح والتنفيذ الفعال ورصد التقدم,معدل العاملين من غير المعلمين الى اعضاء هيئة التدريس بحسب المستوى التعليمي( وبحسب المحافظة,percent,100.0,50.0,2024,2025,المديرية العامة لتربية القادسية,done,0.0,0.0,0.0,IQD,one,بلا,
تم قبول (5300) كافة الاختصاصات لكليات التربية المفتوحة,ge,الموارد البشرية,زيادة مؤهلات المعلمين من خلال تدريب التوظيف والمعلمين قبل واثناء الخدمة,تدريب المعلمين قبل واثناء الخدمة,تنويع مؤهلات المعلمين من خلال القبول المنظم في الكلية التربوية المفتوحة وكليات التربية في وزارة التعليم العالي والبحث العلمي وفقا لاحتياجات المادة,تدريب الملعمين الذين يشاركون في الدورات التدريبية ذات الصلة,percent,100.0,0.0,2024,2025,,done,,,,IQD,one,,
إقامة ورشة تطويرية لمعلمي مدارس التعليم المسرع بواقع (80) متدرباً لاعداد قادة تدريب ((TOT ))قادرين على تدريب باقي المعلمين,ge,الموارد البشرية,زيادة مؤهلات المعلمين من خلال تدريب التوظيف والمعلمين قبل واثناء الخدمة,تدريب المعلمين قبل واثناء الخدمة,تدريب المعلمين على المناهج المحدثة,تدريب الملعمين الذين يشاركون في الدورات التدريبية ذات الصلة,percent,100.0,0.0,2025,2026,الجهاز التنفيذي لمحو الأمية,delayed,45000000.0,,,IQD,one,منظمة اليونسكو,عدم توفر تخصيص مالي او دعم من اليونسكو
إقامة ورشة تطويرية لمعلمي مدارس التعليم المسرع بواقع (80) متدرباً لاعداد قادة تدريب ((TOT ))قادرين على تدريب باقي المعلمين,ge,الموارد البشرية,زيادة مؤهلات المعلمين من خلال تدريب التوظيف والمعلمين قبل واثناء الخدمة,تدريب المعلمين قبل واثناء الخدمة,تدريب المعلمين على المناهج المحدثة,تدريب الملعمين الذين يشاركون في الدورات التدريبية ذات الصلة,other,1.0,0.2,2023,2031,الجهاز التنفيذي لمحو الأمية,delayed,45000000.0,,,IQD,one,منظمة اليونسكو,ينفذ المشروع سنة 2025
اقامة دورات تدريبية بواقع 40 دورة في كل سنة,ge,الموارد البشرية,زيادة مؤهلات المعلمين من خلال تدريب التوظيف والمعلمين قبل واثناء الخدمة,تدريب المعلمين قبل واثناء الخدمة,تدريب المعلمين على المناهج المحدثة,تدريب الملعمين الذين يشاركون في الدورات التدريبية ذات الصلة,percent,100.0,6.0,2024,2032,قسم الاعداد والتدريب - تربية الانبار,delayed,0.0,0.0,0.0,IQD,one,لايوجد,
إقامة دورات تدريبية بالتنسيق مع وزارة التربية,ge,الموارد البشرية,زيادة مؤهلات المعلمين من خلال تدريب التوظيف والمعلمين قبل واثناء الخدمة,تدريب المعلمين قبل واثناء الخدمة,تدريب المعلمين على المناهج المحدثة,تدريب الملعمين الذين يشاركون في الدورات التدريبية ذات الصلة,percent,100.0,0.0,2024,2026,تربية البصرة,done,,,,IQD,one,,
دورات للمعلمين والمدربسين حسب الخطة المحلية والاختصاصات المختلفة و (الندوات المحلية) و (الدروس التدريبية) و (الحلقات التدريبية) و (المهرجانات والمعارض) و (القوافل التدريبية) - تبدء من 1/2 / 2026 ولغاية 2026/12/31),ge,الموارد البشرية,زيادة مؤهلات المعلمين من خلال تدريب التوظيف والمعلمين قبل واثناء الخدمة,تدريب المعلمين قبل واثناء الخدمة,تدريب المعلمين على المناهج المحدثة,تدريب الملعمين الذين يشاركون في الدورات التدريبية ذات الصلة,percent,100.0,0.0,2026,2031,المديرية العامة لتربية النجف/ قسم االاعداد والتدريب,done,,,,IQD,one,موازنة تشغلية,سيتم تنفيذ ما تبقى من الدورات في الفصل الثالث والرابع
دورات المعلمين وفق المناهج المختلفة بما يخص البرنامج الحكومي بـ (برنامج فنيات تعديل السلوك) و(برنامج summer) و (برنامج timms) و (برنامج قبل الخدمة) و (برامج فن المحاثة )(الخطة المحلية حسب الاختصاصات المختلفة) و (الندوات المحلية) و (الدروس التدريبية) و (الحلقات التدريبية) و (المهرجانات والمعارض) و (القوافل التدريبية) - تبدء من 1/2 ولغاية 2025/12/31),ge,الموارد البشرية,زيادة مؤهلات المعلمين من خلال تدريب التوظيف والمعلمين قبل واثناء الخدمة,تدريب المعلمين قبل واثناء الخدمة,تدريب المعلمين على المناهج المحدثة,تدريب الملعمين الذين يشاركون في الدورات التدريبية ذات الصلة,percent,100.0,,2025-01-02 00:00:00,2025-12-31 00:00:00,المديرية العامة لتربية النجف/ قسم االاعداد والتدريب,done,96000000.0,96000000.0,,IQD,one,تشغيلية,عام 2022 و 2024 لم يتم الصرف ولحد هذه العام 2025 ( ضيافة المتدربين من قبل القسم)
دورات للمعلمين والمدربسين حسب الخطة المحلية والاختصاصات المختلفة و (الندوات المحلية) و (الدروس التدريبية) و (الحلقات التدريبية) و (المهرجانات والمعارض) و (القوافل التدريبية) - تبدء من 1/2 / 2026 ولغاية 2026/12/31),ge,الموارد البشرية,زيادة مؤهلات المعلمين من خلال تدريب التوظيف والمعلمين قبل واثناء الخدمة,تدريب المعلمين قبل واثناء الخدمة,تدريب المعلمين على المناهج المحدثة,تدريب الملعمين الذين يشاركون في الدورات التدريبية ذات الصلة,percent,100.0,,2026,2031,المديرية العامة لتربية النجف/ قسم االاعداد والتدريب,done,,,,IQD,one,موازنة تشغلية,
دورات المعلمين وفق المناهج المختلفة بـ (برنامج summer) و (برنامج timms) و (برنامج قبل الخدمة) و (برامج الخطة المحلية حسب الاختصاصات المختلفة) و (الندوات المحلية) و (الدروس التدريبية) و (الحلقات التدريبية) و (المهرجانات والمعارض) و (القوافل التدريبية) - تبدء من 1/2 ولغاية 2024/12/31),ge,الموارد البشرية,زيادة مؤهلات المعلمين من خلال تدريب التوظيف والمعلمين قبل واثناء الخدمة,تدريب المعلمين قبل واثناء الخدمة,تدريب المعلمين على المناهج المحدثة,تدريب الملعمين الذين يشاركون في الدورات التدريبية ذات الصلة,percent,100.0,40.0,2024,2024,المديرية العامة لتربية النجف/ قسم االاعداد والتدريب,done,,,,IQD,one,الموازنة التشغيلية,
تم تدريب الملاكات التعليمية والتدريسية والاشرافية(يتم تدريب المعلمين على المناهج المحدثة سنوي)بالتعاون مع ا لمديرية العامة لاعداد المعلمين والتدريب والتطوير التربوي عدد الدورات لكل سنة ),ge,الموارد البشرية,زيادة مؤهلات المعلمين من خلال تدريب التوظيف والمعلمين قبل واثناء الخدمة,تدريب المعلمين قبل واثناء الخدمة,تدريب المعلمين على المناهج المحدثة,تدريب الملعمين الذين يشاركون في الدورات التدريبية ذات الصلة,percent,100.0,50.0,2023,2031,الجهة المنفذة المديرية العامة لاعداد المعلمين والتدريب والتطوير التربوي وقسم الشؤون الفنية واقسام الاعداد والتدريب في المديريات العامة المشمولة بالدراسة التركمانية في المحافظات (بغداد-كركوك-نينوى - صلاح الدين - ديالى),done,,,,IQD,one,وزارة التربية,
إقامة دورات تدريبية بواقع 22 دورة,ge,الموارد البشرية,زيادة مؤهلات المعلمين من خلال تدريب التوظيف والمعلمين قبل واثناء الخدمة,تدريب المعلمين قبل واثناء الخدمة,تدريب المعلمين على المناهج المحدثة,تدريب الملعمين الذين يشاركون في الدورات التدريبية ذات الصلة,percent,100.0,0.0,2024,2031,شعبة التدريب -تربية ديالى,done,,,,IQD,one,الموازنة التشغيلية,
دورات برنامج s.a.m.a.r للرياضيات وبرنامج t.i.m.e.s,ge,الموارد البشرية,زيادة مؤهلات المعلمين من خلال تدريب التوظيف والمعلمين قبل واثناء الخدمة,تدريب المعلمين قبل واثناء الخدمة,تدريب المعلمين على المناهج المحدثة,تدريب الملعمين الذين يشاركون في الدورات التدريبية ذات الصلة,percent,100.0,22.0,2024,2027,قسم الاعداد والتدريب - تربية الرصافة الاولى,done,25000000.0,25000000.0,250000.0,IQD,one,موازنة تشغيلية,
اقامة دورات تدريبية للكوادر التربوية,ge,الموارد البشرية,زيادة مؤهلات المعلمين من خلال تدريب التوظيف والمعلمين قبل واثناء الخدمة,تدريب المعلمين قبل واثناء الخدمة,تدريب المعلمين على المناهج المحدثة,تدريب الملعمين الذين يشاركون في الدورات التدريبية ذات الصلة,percent,100.0,75.0,2024,2025,قسم الاعداد والتدريب - تربية صلاح الدين,done,0.0,0.0,0.0,IQD,one,لايوجد,
العمل على إقامة الدورات بحسب الحاجات التدريبية المطلوبة من قبل قسمي الاشراف الاختصاصي والتربوي بالإضافة الى الدورات الواردة من الوزارة نتيجة تغير المناهج الدراسية,ge,الموارد البشرية,زيادة مؤهلات المعلمين من خلال تدريب التوظيف والمعلمين قبل واثناء الخدمة,تدريب المعلمين قبل واثناء الخدمة,تدريب المعلمين على المناهج المحدثة,تدريب الملعمين الذين يشاركون في الدورات التدريبية ذات الصلة,percent,100.0,10.0,2024,2029,قسم الاعداد والتدريب + قسم الاشراف التربوي والاختصاصي - تربية كربلاء,done,,,,IQD,one,,
تم إقامة دورة الاجتماعيات بواقع (2)دورة ودورة الية التحقيقات الادارية ودورة التربية الفنية ودورة حقوق الانسان ودورة تنشيطية ودورة القيادات الوسطى الثامنة ودورة (الامن السيبراني) ودورة (جداول بيانات الاكسل الثالثة) ودورة اللغة العربية/مكافحة الفساد للموظفين حسب كتاب قسم الاعداد والتدريب 499/8/2 في 2024/5/29,ge,الموارد البشرية,زيادة مؤهلات المعلمين من خلال تدريب التوظيف والمعلمين قبل واثناء الخدمة,تدريب المعلمين قبل واثناء الخدمة,تدريب المعلمين على المناهج المحدثة,تدريب الملعمين الذين يشاركون في الدورات التدريبية ذات الصلة,percent,100.0,50.0,2024,2025,قسم الاعداد والتدريب - تربية الكرخ الاولى,done,0.0,0.0,0.0,IQD,one,لا يحتاج الى تخصيص,
اقامة دروس تدريبية وورش وحلقات نقاشية ودورات مختلفة ومتنوعة,ge,الموارد البشرية,زيادة مؤهلات المعلمين من خلال تدريب التوظيف والمعلمين قبل واثناء الخدمة,تدريب المعلمين قبل واثناء الخدمة,تدريب المعلمين على المناهج المحدثة,تدريب الملعمين الذين يشاركون في الدورات التدريبية ذات الصلة,percent,100.0,0.0,2025,2026,قسم الاشراف الاختصاصي+ قسم الاعداد والتدريب - تربية الكرخ الاولى,done,0.0,0.0,0.0,IQD,one,لا يحتاج الى تخصيص,
إقامة دورات تدريبية بواقع 10 دورة,ge,الموارد البشرية,زيادة مؤهلات المعلمين من خلال تدريب التوظيف والمعلمين قبل واثناء الخدمة,تدريب المعلمين قبل واثناء الخدمة,تدريب المعلمين على المناهج المحدثة,تدريب الملعمين الذين يشاركون في الدورات التدريبية ذات الصلة,percent,100.0,56.0,2024,2025,شعبة التدريب - تربية كركوك,done,0.0,0.0,0.0,IQD,one,,
تدريب 300 معلم ومدرس,ge,الموارد البشرية,زيادة مؤهلات المعلمين من خلال تدريب التوظيف والمعلمين قبل واثناء الخدمة,تدريب المعلمين قبل واثناء الخدمة,تدريب المعلمين على المناهج المحدثة,تدريب الملعمين الذين يشاركون في الدورات التدريبية ذات الصلة,percent,100.0,50.0,2024,2025,قسم الاعداد والتدريب - تربية نينوى,done,24000000.0,,,IQD,one,تشغيلية,
تدريب 865 معلم ومدرس,ge,الموارد البشرية,زيادة مؤهلات المعلمين من خلال تدريب التوظيف والمعلمين قبل واثناء الخدمة,تدريب المعلمين قبل واثناء الخدمة,تدريب المعلمين على المناهج المحدثة,تدريب الملعمين الذين يشاركون في الدورات التدريبية ذات الصلة,percent,100.0,,2025,2025,قسم الاعداد والتدريب,done,24000000.0,,,IQD,one,تشغيلية,
تدريب 300 معلم ومدرس,ge,الموارد البشرية,زيادة مؤهلات المعلمين من خلال تدريب التوظيف والمعلمين قبل واثناء الخدمة,تدريب المعلمين قبل واثناء الخدمة,تدريب المعلمين على المناهج المحدثة,تدريب المعلمين الذين يشاركون في الدورات التدريبية ذات الصلة,,1.0,0.0,2026,2026,قسم الاعداد والتدريب,done,,,,IQD,one,,
تدريب 400 معلم ومدرس,ge,الموارد البشرية,زيادة مؤهلات المعلمين من خلال تدريب التوظيف والمعلمين قبل واثناء الخدمة,تدريب المعلمين قبل واثناء الخدمة,تدريب المعلمين على المناهج المحدثة,تدريب الملعمين الذين يشاركون في الدورات التدريبية ذات الصلة,percent,100.0,0.0,2025,2026,قسم الاعداد والتدريب - تربية القادسية,done,24500000.0,,,IQD,one,تشغيلية,
تدريب معلمي مادة الاسلامية من قبل العتبة الحسينية,ge,الموارد البشرية,زيادة مؤهلات المعلمين من خلال تدريب التوظيف والمعلمين قبل واثناء الخدمة,تدريب المعلمين قبل واثناء الخدمة,تدريب المعلمين على المناهج المحدثة,تدريب الملعمين الذين يشاركون في الدورات التدريبية ذات الصلة,percent,100.0,50.0,2024,2025,المديرية العامة لتربية القادسية,done,0.0,0.0,0.0,IQD,one,بلا,
دورات اعداد قادة تدريب في مهارات اللغة العربية للمدرسين في المرحلة الثانوية,ge,الموارد البشرية,زيادة مؤهلات المعلمين من خلال تدريب التوظيف والمعلمين قبل واثناء الخدمة,تدريب المعلمين قبل واثناء الخدمة,تدريب المعلمين على التدريس المتمحور حول الطفل,,percent,100.0,,2025,2027,المديرية العامة للاعداد والتدريب,done,,,,IQD,one,عدم صرف اي اجور تخص الاستراتيجية / النصف الاول بسبب انعدام السيولة النقدية,
دورات اعداد قادة تدريب في مهارات تحليل المحتوى وبناء الاختبارات في المواد الاجتماعية,ge,الموارد البشرية,زيادة مؤهلات المعلمين من خلال تدريب التوظيف والمعلمين قبل واثناء الخدمة,تدريب المعلمين قبل واثناء الخدمة,تدريب المعلمين على التدريس المتمحور حول الطفل,,percent,100.0,,2025,2027,المديرية العامة للاعداد والتدريب,done,,,,IQD,one,عدم صرف اي اجور تخص الاستراتيجية / النصف الاول بسبب انعدام السيولة النقدية,كانت سنة بدأ تنفيذ الدورات 2024 ، لم تنفذ لعدم توفر التخصيص المالي تم تعديل الاتسترااتيجية وتغيرت سنة بدأ التنفيذ الى 2025 وتستمر لمدة ثلاث سنوات (2025-2027)
دورات اعداد قادة تدريب في توظيف الاستراتيجيات الحديثة (التعلم النشط) لتدريس مادة الكيمياء للمرحلة الثانوية,ge,الموارد البشرية,زيادة مؤهلات المعلمين من خلال تدريب التوظيف والمعلمين قبل واثناء الخدمة,تدريب المعلمين قبل واثناء الخدمة,تدريب المعلمين على التدريس المتمحور حول الطفل,تدريب الملعمين الذين يشاركون في الدورات التدريبية ذات الصلة,percent,100.0,,2025,2027,المديرية العامة للاعداد والتدريب,done,,,,IQD,one,عدم صرف اي اجور تخص الاستراتيجية / النصف الاول بسبب انعدام السيولة النقدية,تنفذ في الفصل الثاني من النصف الاول لعام 2026
دورات اعداد قادة تدريب في مهارات اللغة العربية للمعلمين في المرحلة الابتدائية,ge,الموارد البشرية,زيادة مؤهلات المعلمين من خلال تدريب التوظيف والمعلمين قبل واثناء الخدمة,تدريب المعلمين قبل واثناء الخدمة,تدريب المعلمين على التدريس المتمحور حول الطفل,,percent,100.0,,2025,2027,المديرية العامة للاعداد والتدريب,done,,,,IQD,one,عدم صرف اي اجور تخص الاستراتيجية / النصف الاول بسبب انعدام السيولة النقدية,
دورات اعداد قادة تدريب في تدريس العلوم للمرحلة الابتدائية,ge,الموارد البشرية,زيادة مؤهلات المعلمين من خلال تدريب التوظيف والمعلمين قبل واثناء الخدمة,تدريب المعلمين قبل واثناء الخدمة,تدريب المعلمين على التدريس المتمحور حول الطفل,,percent,100.0,,2025,2027,المديرية العامة للاعداد والتدريب,done,,,,IQD,one,عدم صرف اي اجور تخص الاستراتيجية / النصف الاول بسبب انعدام السيولة النقدية,
دورات اعداد قادة تدريب لمعلمي التربية الاسلامية,ge,الموارد البشرية,زيادة مؤهلات المعلمين من خلال تدريب التوظيف والمعلمين قبل واثناء الخدمة,تدريب المعلمين قبل واثناء الخدمة,تدريب المعلمين على التدريس المتمحور حول الطفل,,percent,100.0,,2025,2027,المديرية العامة للاعداد والتدريب,done,,,,IQD,one,عدم صرف اي اجور تخص الاستراتيجية / النصف الاول بسبب انعدام السيولة النقدية,
دورات اعداد قادة تدريب لمدرسي التربية الاسلامية,ge,الموارد البشرية,زيادة مؤهلات المعلمين من خلال تدريب التوظيف والمعلمين قبل واثناء الخدمة,تدريب المعلمين قبل واثناء الخدمة,تدريب المعلمين على التدريس المتمحور حول الطفل,,percent,100.0,,2025,2027,المديرية العامة للاعداد والتدريب,done,,,,IQD,one,عدم صرف اي اجور تخص الاستراتيجية / النصف الاول بسبب انعدام السيولة النقدية,
دورات مشروع تدريب مدرسي الحاسوب للمرحلة المتوسطة التأليف الجديد,ge,الموارد البشرية,زيادة مؤهلات المعلمين من خلال تدريب التوظيف والمعلمين قبل واثناء الخدمة,تدريب المعلمين قبل واثناء الخدمة,تدريب المعلمين على التدريس المتمحور حول الطفل,,percent,100.0,,2025,2027,المديرية العامة للاعداد والتدريب,done,,,,IQD,one,عدم صرف اي اجور تخص الاستراتيجية / النصف الاول بسبب انعدام السيولة النقدية,
دورات الابداع في تدريس اللغة الانكليزية,ge,الموارد البشرية,زيادة مؤهلات المعلمين من خلال تدريب التوظيف والمعلمين قبل واثناء الخدمة,تدريب المعلمين قبل واثناء الخدمة,تدريب المعلمين على التدريس المتمحور حول الطفل,,percent,100.0,,2025,2030,المديرية العامة للاعداد والتدريب,done,,,,IQD,one,عدم صرف اي اجور تخص الاستراتيجية / النصف الاول بسبب انعدام السيولة النقدية,تنفذ في الفصل الثالث من النصف الاول لعام 2026
دورات مشروع تدريب مدرسي الحاسوب للمرحلة الاعدادية لتأليف الجديد,ge,الموارد البشرية,زيادة مؤهلات المعلمين من خلال تدريب التوظيف والمعلمين قبل واثناء الخدمة,تدريب المعلمين قبل واثناء الخدمة,تدريب المعلمين على التدريس المتمحور حول الطفل,,percent,100.0,,2025,2027,المديرية العامة للاعداد والتدريب,done,,,,IQD,one,عدم صرف اي اجور تخص الاستراتيجية / النصف الاول بسبب انعدام السيولة النقدية,
دورات اعداد قادة تدريب في تدريس الفيزياء للمرحلة الثانوية للمعينين الجدد,ge,الموارد البشرية,زيادة مؤهلات المعلمين من خلال تدريب التوظيف والمعلمين قبل واثناء الخدمة,تدريب المعلمين قبل واثناء الخدمة,تدريب المعلمين على التدريس المتمحور حول الطفل,,percent,100.0,,2025,2027,المديرية العامة للاعداد والتدريب,done,,,,IQD,one,عدم صرف اي اجور تخص الاستراتيجية / النصف الاول بسبب انعدام السيولة النقدية,تنفذ في الفصل الرابع من النصف الثاني لعام 2026
دورات اعداد قادة تدريب في تدريس مادة الاحياء للمرحلة الثانوية للمعينين الجدد,ge,الموارد البشرية,زيادة مؤهلات المعلمين من خلال تدريب التوظيف والمعلمين قبل واثناء الخدمة,تدريب المعلمين قبل واثناء الخدمة,تدريب المعلمين على التدريس المتمحور حول الطفل,,percent,100.0,,2025,2027,المديرية العامة للاعداد والتدريب,done,,,,IQD,one,عدم صرف اي اجور تخص الاستراتيجية / النصف الاول بسبب انعدام السيولة النقدية,
دورات اللغة الانكليزية لاجل لفظ صحيح,ge,الموارد البشرية,زيادة مؤهلات المعلمين من خلال تدريب التوظيف والمعلمين قبل واثناء الخدمة,تدريب المعلمين قبل واثناء الخدمة,تدريب المعلمين على التدريس المتمحور حول الطفل,,percent,100.0,,2025,2030,المديرية العامة للاعداد والتدريب,done,,,,IQD,one,عدم صرف اي اجور تخص الاستراتيجية / النصف الاول بسبب انعدام السيولة النقدية,
دورات مشروع تدريب في استراتيجيات الامن السيبراني للمشرفين الاختصاصيين والتربويين,ge,الموارد البشرية,زيادة مؤهلات المعلمين من خلال تدريب التوظيف والمعلمين قبل واثناء الخدمة,تدريب المعلمين قبل واثناء الخدمة,تدريب المعلمين على التدريس المتمحور حول الطفل,,percent,100.0,,2025,2031,المديرية العامة للاعداد والتدريب,done,,,,IQD,one,عدم صرف اي اجور تخص الاستراتيجية / النصف الاول بسبب انعدام السيولة النقدية,تنفذ في الفصل الرابع من النصف الثاني لعام 2026
دورات علم نفس الطفل المرحلة الابتدائية,ge,الموارد البشرية,زيادة مؤهلات المعلمين من خلال تدريب التوظيف والمعلمين قبل واثناء الخدمة,تدريب المعلمين قبل واثناء الخدمة,تدريب المعلمين على التدريس المتمحور حول الطفل,تدريب الملعمين الذين يشاركون في الدورات التدريبية ذات الصلة,percent,100.0,,2025,2030,المديرية العامة للاعداد والتدريب,done,,,,IQD,one,عدم صرف اي اجور تخص الاستراتيجية / النصف الاول بسبب انعدام السيولة النقدية,تنفذ في الفصل الرابع من النصف الثاني لعام 2026
اعداد قادة تدريب على كيفية ادارة الصفوف المكتضة في المدارس الابتدائي والثانوية,ge,الموارد البشرية,زيادة مؤهلات المعلمين من خلال تدريب التوظيف والمعلمين قبل واثناء الخدمة,تدريب المعلمين قبل واثناء الخدمة,تدريب المعلمين على التدريس المتمحور حول الطفل,تدريب الملعمين الذين يشاركون في الدورات التدريبية ذات الصلة,percent,100.0,,2026,2027,المديرية العامة للاعداد والتدريب,done,,,,IQD,one,عدم صرف اي اجور تخص الاستراتيجية / النصف الاول بسبب انعدام السيولة النقدية,
إقامة دورات تدريبة للمعلمين بواقع 20 دورة في السنة,ge,الموارد البشرية,زيادة مؤهلات المعلمين من خلال تدريب التوظيف والمعلمين قبل واثناء الخدمة,تدريب المعلمين قبل واثناء الخدمة,تدريب المعلمين على التدريس المتمحور حول الطفل,تدريب الملعمين الذين يشاركون في الدورات التدريبية ذات الصلة,percent,100.0,25.0,2024,2026,قسم الاعداد والتدريب - تربية الانبار,delayed,0.0,0.0,0.0,IQD,one,لايوجد,
إقامة دورات تدريبية لمعلمي رياض الأطفال,ge,الموارد البشرية,زيادة مؤهلات المعلمين من خلال تدريب التوظيف والمعلمين قبل واثناء الخدمة,تدريب المعلمين قبل واثناء الخدمة,تدريب المعلمين على التدريس المتمحور حول الطفل,تدريب الملعمين الذين يشاركون في الدورات التدريبية ذات الصلة,percent,100.0,0.0,2025,2026,تربية البصرة,done,,,,IQD,one,,
اقامة الندوات بعدد (25),ge,الموارد البشرية,زيادة مؤهلات المعلمين من خلال تدريب التوظيف والمعلمين قبل واثناء الخدمة,تدريب المعلمين قبل واثناء الخدمة,تدريب المعلمين على التدريس المتمحور حول الطفل,نسبة,percent,100.0,,2024-11-01 00:00:00,2025-05-01 00:00:00,المديرية العامة لتربية النجف/ قسم الاشراف التربوي,done,,,,IQD,one,وزارة التربية,
إقامة دورات تدريبية لمعلمي رياض الأطفال بواقع (14) دورة,ge,الموارد البشرية,زيادة مؤهلات المعلمين من خلال تدريب التوظيف والمعلمين قبل واثناء الخدمة,تدريب المعلمين قبل واثناء الخدمة,تدريب المعلمين على التدريس المتمحور حول الطفل,تدريب الملعمين الذين يشاركون في الدورات التدريبية ذات الصلة,percent,100.0,0.0,2024,2031,شعبة التدريب -تربية ديالى,done,,,,IQD,one,الموازنة التشغيلية,
اقامة دورات حول المناهج,ge,الموارد البشرية,زيادة مؤهلات المعلمين من خلال تدريب التوظيف والمعلمين قبل واثناء الخدمة,تدريب المعلمين قبل واثناء الخدمة,تدريب المعلمين على التدريس المتمحور حول الطفل,تدريب الملعمين الذين يشاركون في الدورات التدريبية ذات الصلة,percent,100.0,60.0,2024,2025,مديرية تربية ذي قار,done,30000000.0,30000000.0,,IQD,one,الموازنة الجارية,
دورات خاصة ببرنامج (اهلا سمسم),ge,الموارد البشرية,زيادة مؤهلات المعلمين من خلال تدريب التوظيف والمعلمين قبل واثناء الخدمة,تدريب المعلمين قبل واثناء الخدمة,تدريب المعلمين على التدريس المتمحور حول الطفل,تدريب الملعمين الذين يشاركون في الدورات التدريبية ذات الصلة,percent,100.0,22.0,2024,2027,قسم الاعداد والتدريب - تربية الرصافة الاولى,done,500000.0,500000.0,250000.0,IQD,one,موازنة تشغيلية,
والعمل على شمول الادارات والهيئات التعليمية في رياض الاطفال في دورات ودروس تدريبية والمهرجانات والمعارض وحفلات التخرج للأطفال,ge,الموارد البشرية,زيادة مؤهلات المعلمين من خلال تدريب التوظيف والمعلمين قبل واثناء الخدمة,تدريب المعلمين قبل واثناء الخدمة,تدريب المعلمين على التدريس المتمحور حول الطفل,تدريب الملعمين الذين يشاركون في الدورات التدريبية ذات الصلة,percent,100.0,50.0,2024,2025,قسم الاعداد والتدريب + قسم الاشراف التربوي والاختصاصي - تربية كربلاء,done,,,,IQD,one,,
اقامة دورات لرياض الاطفال بواقع (2) دورة (دورة معاونات رياض الاطفال) عدد (1) دورة ودورة الصفوف الاولية عدد (1) دورة وحسب كتاب قسم الاعداد والتدريب واقامة نشاط تدريبي لرياض الاطفال عدد المتدربين (59) متدرب,ge,الموارد البشرية,زيادة مؤهلات المعلمين من خلال تدريب التوظيف والمعلمين قبل واثناء الخدمة,تدريب المعلمين قبل واثناء الخدمة,تدريب المعلمين على التدريس المتمحور حول الطفل,تدريب الملعمين الذين يشاركون في الدورات التدريبية ذات الصلة,percent,100.0,50.0,2024,2025,قسم الاعداد والتدريب - تربية الكرخ الاولى,done,0.0,0.0,0.0,IQD,one,لا يحتاج الى تخصيص,
تدريب معلمين والمدرسين,ge,الموارد البشرية,زيادة مؤهلات المعلمين من خلال تدريب التوظيف والمعلمين قبل واثناء الخدمة,تدريب المعلمين قبل واثناء الخدمة,تدريب المعلمين على التدريس المتمحور حول الطفل,تدريب الملعمين الذين يشاركون في الدورات التدريبية ذات الصلة,percent,100.0,25.0,2024,2025,قسم الاعداد والتدريب - تربية نينوى,done,24000000.0,,,IQD,one,تشغيلية,
تدريب304 معلمين والمدرسين,ge,الموارد البشرية,زيادة مؤهلات المعلمين من خلال تدريب التوظيف والمعلمين قبل واثناء الخدمة,تدريب المعلمين قبل واثناء الخدمة,تدريب المعلمين على التدريس المتمحور حول الطفل,تدريب الملعمين الذين يشاركون في الدورات التدريبية ذات الصلة,percent,100.0,,2025,2025,قسم الاعداد والتدريب,done,24000000.0,,,IQD,one,تشغيلية,
تدريب 200 معلمين والمدرسين,ge,الموارد البشرية,زيادة مؤهلات المعلمين من خلال تدريب التوظيف والمعلمين قبل واثناء الخدمة,تدريب المعلمين قبل واثناء الخدمة,تدريب المعلمين على التدريس المتمحور حول الطفل,تدريب الملعمين الذين يشاركون في الدورات التدريبية ذات الصلة,,1.0,0.0,2026,2026,قسم الاعداد والتدريب,done,,,,IQD,one,,
اقامة دورات تدريبية متنوعة في مجال الحاسوب والتقنيات والتكنلوجيا ( جداول البيانات والعروض التقديمية وفوتوشوب واساسيات الشبكات وتطبيق الحوسبة السحابية وصيانة الحاسوب ),ge,الموارد البشرية,زيادة مؤهلات المعلمين من خلال تدريب التوظيف والمعلمين قبل واثناء الخدمة,تدريب المعلمين قبل واثناء الخدمة,تدريب المعلمين على محو الأمية الرقمية والتكنولوجية / التعلم عبر الإنترنت,تدريب الملعمين الذين يشاركون في الدورات التدريبية ذات الصلة,percent,100.0,25.0,2024,2026,المديرية العامة للتخطيط التربوي / مركز المعلومات والاتصالات,done,0.0,0.0,0.0,IQD,one,,
إقامة دورات خاصة بتكنلوجيا المعلومات icdl,ge,الموارد البشرية,زيادة مؤهلات المعلمين من خلال تدريب التوظيف والمعلمين قبل واثناء الخدمة,تدريب المعلمين قبل واثناء الخدمة,تدريب المعلمين على محو الأمية الرقمية والتكنولوجية / التعلم عبر الإنترنت,تدريب الملعمين الذين يشاركون في الدورات التدريبية ذات الصلة,percent,100.0,25.0,2024,2026,المديرية العامة للتخطيط التربوي / مركز المعلومات والاتصالات,done,0.0,0.0,0.0,IQD,one,,
اقامة دورات تدريبية متنوعة في مجال الحاسوب والتقنيات والتكنلوجيا ( جداول البيانات والعروض التقديمية وفوتوشوب واساسيات الشبكات وتطبيق الحوسبة السحابية وصيانة الحاسوب )1,ge,الموارد البشرية,زيادة مؤهلات المعلمين من خلال تدريب التوظيف والمعلمين قبل واثناء الخدمة,تدريب المعلمين قبل واثناء الخدمة,تدريب المعلمين على محو الأمية الرقمية والتكنولوجية / التعلم عبر الإنترنت,تدريب الملعمين الذين يشاركون في الدورات التدريبية ذات الصلة,percent,100.0,25.0,2024,2026,المديرية العامة للتخطيط التربوي / مركز المعلومات والاتصالات,done,0.0,0.0,0.0,IQD,one,,
إقاامة دورات خاصة بتكنلوجيا المعلومات icdl,ge,الموارد البشرية,زيادة مؤهلات المعلمين من خلال تدريب التوظيف والمعلمين قبل واثناء الخدمة,تدريب المعلمين قبل واثناء الخدمة,تدريب المعلمين على محو الأمية الرقمية والتكنولوجية / التعلم عبر الإنترنت,تدريب الملعمين الذين يشاركون في الدورات التدريبية ذات الصلة,percent,100.0,25.0,2024,2026,المديرية العامة للتخطيط التربوي / مركز المعلومات والاتصالات,done,0.0,0.0,0.0,IQD,one,,
اقامة دورات تدريبية متنوعة في مجال الحاسوب والتقنيات والتكنلوجيا ( جداول البيانات والعروض التقديمية واساسيات الشبكات وتطبيقات الحوسبة السحابية وصيانة الحاسوب والحوكمة الالكترونية ),ge,الموارد البشرية,زيادة مؤهلات المعلمين من خلال تدريب التوظيف والمعلمين قبل واثناء الخدمة,تدريب المعلمين قبل واثناء الخدمة,تدريب المعلمين على محو الأمية الرقمية والتكنولوجية / التعلم عبر الإنترنت,تدريب الملعمين الذين يشاركون في الدورات التدريبية ذات الصلة,percent,100.0,0.0,2026,2028,المديرية العامة للتخطيط التربوي / مركز المعلومات والاتصالات,done,0.0,0.0,0.0,IQD,one,,
إقامة دورات تدريبية في (مفاهيم الذكاء الاصطناعي) و (تطبيقات الذكاء الاصطناعي في العمل الإداري),ge,الموارد البشرية,زيادة مؤهلات المعلمين من خلال تدريب التوظيف والمعلمين قبل واثناء الخدمة,تدريب المعلمين قبل واثناء الخدمة,تدريب المعلمين على محو الأمية الرقمية والتكنولوجية / التعلم عبر الإنترنت,تدريب الملعمين الذين يشاركون في الدورات التدريبية ذات الصلة,percent,100.0,0.0,2026,2028,المديرية العامة للتخطيط التربوي / مركز المعلومات والاتصالات,done,0.0,0.0,0.0,IQD,one,,
إقامة دورات خاصة بتكنلوجيا المعلومات icdl,ge,الموارد البشرية,زيادة مؤهلات المعلمين من خلال تدريب التوظيف والمعلمين قبل واثناء الخدمة,تدريب المعلمين قبل واثناء الخدمة,تدريب المعلمين على محو الأمية الرقمية والتكنولوجية / التعلم عبر الإنترنت,تدريب الملعمين الذين يشاركون في الدورات التدريبية ذات الصلة,percent,100.0,0.0,2026,2028,المديرية العامة للتخطيط التربوي / مركز المعلومات والاتصالات,done,0.0,0.0,0.0,IQD,one,,
اقامة دورات تدريبية بواقع 8دورة في السنه,ge,الموارد البشرية,زيادة مؤهلات المعلمين من خلال تدريب التوظيف والمعلمين قبل واثناء الخدمة,تدريب المعلمين قبل واثناء الخدمة,تدريب المعلمين على محو الأمية الرقمية والتكنولوجية / التعلم عبر الإنترنت,تدريب الملعمين الذين يشاركون في الدورات التدريبية ذات الصلة,percent,100.0,60.0,2024,2025,قسم الاعداد والتدريب - تربية الانبار,delayed,0.0,0.0,0.0,IQD,one,,
إقامة دورات تدريبية,ge,الموارد البشرية,زيادة مؤهلات المعلمين من خلال تدريب التوظيف والمعلمين قبل واثناء الخدمة,تدريب المعلمين قبل واثناء الخدمة,تدريب المعلمين على محو الأمية الرقمية والتكنولوجية / التعلم عبر الإنترنت,تدريب الملعمين الذين يشاركون في الدورات التدريبية ذات الصلة,percent,100.0,,2024,2025,تربية البصرة,done,0.0,0.0,0.0,IQD,one,,
تنفيذ اجتماعات الالكترونية عبر برنامج FCC لتعليم الية الدخول لمنصة نيوتن التعليمية وادراة منصة نيوتن في المدرسة واما يكون الدعم الفني عن طريق فيدوات تعليمية محتوى نصي يتم توفيرة الى الهيئات التعليمة والتدريسية بعدد(3) - يكون العمل بهذا البرنامج ضمن عام دراسي,ge,الموارد البشرية,زيادة مؤهلات المعلمين من خلال تدريب التوظيف والمعلمين قبل واثناء الخدمة,تدريب المعلمين قبل واثناء الخدمة,تدريب المعلمين على محو الأمية الرقمية والتكنولوجية / التعلم عبر الإنترنت,تدريب الملعمين الذين يشاركون في الدورات التدريبية ذات الصلة,percent,100.0,0.0,2025,2025,المديرية العامة لتربية النجف الاشرف- شعبة التعليم عن بعد,done,,,,IQD,one,ـــ,
اقامة دورات حول المناهج,ge,الموارد البشرية,زيادة مؤهلات المعلمين من خلال تدريب التوظيف والمعلمين قبل واثناء الخدمة,تدريب المعلمين قبل واثناء الخدمة,تدريب المعلمين على محو الأمية الرقمية والتكنولوجية / التعلم عبر الإنترنت,تدريب الملعمين الذين يشاركون في الدورات التدريبية ذات الصلة,percent,100.0,60.0,2024,2025,مديرية تربية ذي قار,done,24000000.0,24000000.0,,IQD,one,الموازنة الجارية,
دورات لمعلمي التربية الخاصة,ge,الموارد البشرية,زيادة مؤهلات المعلمين من خلال تدريب التوظيف والمعلمين قبل واثناء الخدمة,تدريب المعلمين قبل واثناء الخدمة,تدريب المعلمين على محو الأمية الرقمية والتكنولوجية / التعلم عبر الإنترنت,تدريب الملعمين الذين يشاركون في الدورات التدريبية ذات الصلة,other,1.0,0.22,2024,2027,قسم الاعداد والتدريب,done,2000000.0,2000000.0,250000.0,IQD,one,,
التوسع في تدريب الملاك التربوي على استخدام التكنلوجيا والتعليم عبر الانترنيت,ge,الموارد البشرية,زيادة مؤهلات المعلمين من خلال تدريب التوظيف والمعلمين قبل واثناء الخدمة,تدريب المعلمين قبل واثناء الخدمة,تدريب المعلمين على محو الأمية الرقمية والتكنولوجية / التعلم عبر الإنترنت,تدريب الملعمين الذين يشاركون في الدورات التدريبية ذات الصلة,percent,100.0,0.0,2024,2025,قسم الاعداد والتدريب + قسم الاشراف التربوي والاختصاصي / وحدة التعليم عن بعد - تربية كربلاء,done,0.0,0.0,0.0,IQD,one,,
اقامة دورات الحوسبة السحابية ودورات ICDL واساسيات الحاسوب للمساهمة في القضاء على محو الامية الرقمية,ge,الموارد البشرية,زيادة مؤهلات المعلمين من خلال تدريب التوظيف والمعلمين قبل واثناء الخدمة,تدريب المعلمين قبل واثناء الخدمة,تدريب المعلمين على محو الأمية الرقمية والتكنولوجية / التعلم عبر الإنترنت,تدريب الملعمين الذين يشاركون في الدورات التدريبية ذات الصلة,percent,100.0,50.0,2024,2024,قسم الاعداد والتدريب - تربية الكرخ الاولى,done,0.0,0.0,0.0,IQD,one,لا يحتاج الى تخصيص,
اقامة دورات الحوسبة السحابية ودورات ICDL للمساهمة في القضاء على محو الامية الرقمية تم اقامة الدورات من قبل شعبة المعلومات والاتصالات للملاكات التعليمية والتدريبية لاستخدام التكنلوجيا والتعليم عبر الانترنيت بواقع (4) دورة قيادة الحاسوب الاولي و دورة الحاسوب الثانية ودورة الذكاء الاصطناعي الاولى ودورة الذكاء الاصطناعي الثانية و دورة الذكاء الاصطناعي الرابعة ودورة الذكاء الاصطناعي الخامسة ودورة الذكاء الاصطناعي السادسة ودورة طباعة وتنسيق المستندات word,ge,الموارد البشرية,زيادة مؤهلات المعلمين من خلال تدريب التوظيف والمعلمين قبل واثناء الخدمة,تدريب المعلمين قبل واثناء الخدمة,تدريب المعلمين على محو الأمية الرقمية والتكنولوجية / التعلم عبر الإنترنت,حصة المدارس التي تعمل بالنظام المزدوج لكل مستوى تعليمي,percent,100.0,0.0,2025,2026,شعبة المعلومات والاتصالات - تربية كرخ الاولى,done,,,,IQD,one,لا يحتاج تخصيص,
اقامة دورات متنوعة ( جداول البيانات والعروض التقديمية وقواعد البيانات والامن السيبراني واساسيات الشبكات وتطبيق الحوسبة السحابية وتنسيق وطباعة المستندات ),ge,الموارد البشرية,زيادة مؤهلات المعلمين من خلال تدريب التوظيف والمعلمين قبل واثناء الخدمة,تدريب المعلمين قبل واثناء الخدمة,تدريب المعلمين على محو الأمية الرقمية والتكنولوجية / التعلم عبر الإنترنت,تدريب الملعمين الذين يشاركون في الدورات التدريبية ذات الصلة,percent,100.0,30.0,2024,2025,قسم التخطيط التربوي,done,0.0,0.0,0.0,IQD,one,,
اقامة دورات متنوعة ( جداول البيانات والعروض التقديمية وقواعد البيانات والامن السيبراني واساسيات الشبكات وتطبيق الحوسبة السحابية وتنسيق وطباعة المستندات ) / دورات ICDL,ge,الموارد البشرية,زيادة مؤهلات المعلمين من خلال تدريب التوظيف والمعلمين قبل واثناء الخدمة,تدريب المعلمين قبل واثناء الخدمة,تدريب المعلمين على محو الأمية الرقمية والتكنولوجية / التعلم عبر الإنترنت,تدريب الملعمين الذين يشاركون في الدورات التدريبية ذات الصلة,percent,100.0,0.0,2026,2026,قسم التخطيط التربوي,done,,,,IQD,one,لا يحتاج,
اعداد ونشر فيديوات شرح توضيحي عن آلية العمل على نظام ادارة المعلومات التربوية (EMIS) على موقع قناة قسم التخطيط التربوي في المديرية العامة لتربية الكرخ الثالثة على اليوتيوب واجابة الاسئلة على الـ HAPPYFOX,ge,الموارد البشرية,زيادة مؤهلات المعلمين من خلال تدريب التوظيف والمعلمين قبل واثناء الخدمة,تدريب المعلمين قبل واثناء الخدمة,تدريب المعلمين على محو الأمية الرقمية والتكنولوجية / التعلم عبر الإنترنت,تدريب الملعمين الذين يشاركون في الدورات التدريبية ذات الصلة,percent,100.0,50.0,2024,2025,قسم التخطيط التربوي,done,0.0,0.0,0.0,IQD,one,,
تدريب معلمين والمدرسين,ge,الموارد البشرية,زيادة مؤهلات المعلمين من خلال تدريب التوظيف والمعلمين قبل واثناء الخدمة,تدريب المعلمين قبل واثناء الخدمة,تدريب المعلمين على محو الأمية الرقمية والتكنولوجية / التعلم عبر الإنترنت,تدريب الملعمين الذين يشاركون في الدورات التدريبية ذات الصلة,percent,100.0,15.0,2024,2025,قسم الاعداد والتدريب - تربية نينوى,done,20000000.0,,,IQD,one,تشغيلية,
تدريب 500 معلمين والمدرسين,ge,الموارد البشرية,زيادة مؤهلات المعلمين من خلال تدريب التوظيف والمعلمين قبل واثناء الخدمة,تدريب المعلمين قبل واثناء الخدمة,تدريب المعلمين على محو الأمية الرقمية والتكنولوجية / التعلم عبر الإنترنت,تدريب الملعمين الذين يشاركون في الدورات التدريبية ذات الصلة,percent,100.0,,2025,2025,قسم الاعداد والتدريب,done,20000000.0,,,IQD,one,تشغيلية,
تدريب 250معلمين والمدرسين,ge,الموارد البشرية,زيادة مؤهلات المعلمين من خلال تدريب التوظيف والمعلمين قبل واثناء الخدمة,تدريب المعلمين قبل واثناء الخدمة,تدريب المعلمين على محو الأمية الرقمية والتكنولوجية / التعلم عبر الإنترنت,تدريب الملعمين الذين يشاركون في الدورات التدريبية ذات الصلة,,1.0,0.0,2026,2026,قسم الاعداد والتدريب,done,,,,IQD,one,,
اقامة دورات الحوسبة السحابية ودورات ICDL للمساهمة في القضاء على محو الامية الرقمية بواقع (14) دورة (جداول بيانات الاكسل الثالثة) ودورة (اساسيات الحاسوب الثانية للموظفين) ودورة (تنسيق وطباعة المستندات word) وبلغ ودورة (معالجة نصوص الثانية) .,ge,الموارد البشرية,زيادة مؤهلات المعلمين من خلال تدريب التوظيف والمعلمين قبل واثناء الخدمة,تدريب المعلمين قبل واثناء الخدمة,تدريب المعلمين على محو الأمية الرقمية والتكنولوجية / التعلم عبر الإنترنت,تدريب الملعمين الذين يشاركون في الدورات التدريبية ذات الصلة,percent,100.0,0.0,2025,2025,قسم التخطيط التربوي,done,0.0,0.0,0.0,IQD,one,لا يحتاج الى تخصيص,
اقامة دورات تدريبية للمعلمين والمدرسين بواقع دورة 6في السنة,ge,الموارد البشرية,زيادة مؤهلات المعلمين من خلال تدريب التوظيف والمعلمين قبل واثناء الخدمة,تدريب المعلمين قبل واثناء الخدمة,تدريب المعلمين على تعليم ذوي الاحتياجات الخاصة,تدريب الملعمين الذين يشاركون في الدورات التدريبية ذات الصلة,percent,100.0,60.0,2024,2025,قسم الاعداد والتدريب - تربية الانبار,delayed,0.0,0.0,0.0,IQD,one,لايوجد,
اقامة دورة للتربية الخاصة عدد (1) يشترك فيها معلمي صفوف التربية الخاصة في المدارس الابتدائية عدد المتوقع ترشيحهم (125),ge,الموارد البشرية,زيادة مؤهلات المعلمين من خلال تدريب التوظيف والمعلمين قبل واثناء الخدمة,تدريب المعلمين قبل واثناء الخدمة,تدريب المعلمين على تعليم ذوي الاحتياجات الخاصة,تدريب الملعمين الذين يشاركون في الدورات التدريبية ذات الصلة,percent,100.0,0.0,2024,2024,المديرية العامة لتربية النجف/ قسم االاعداد والتدريب,done,450000.0,450000.0,,IQD,one,ـــ,
دورة للتربية الخاصة عدد (2) تم تنفيذ في الفصل الاول دورة عدد(1) يشترك فيها معلمي الصف الاول لتربية الخاصة في المدارس الابتدائية بلغ عدد المرشحين (55) مرشح تم تنفيذها 2025/2/23,ge,الموارد البشرية,زيادة مؤهلات المعلمين من خلال تدريب التوظيف والمعلمين قبل واثناء الخدمة,تدريب المعلمين قبل واثناء الخدمة,تدريب المعلمين على تعليم ذوي الاحتياجات الخاصة,تدريب الملعمين الذين يشاركون في الدورات التدريبية ذات الصلة,percent,100.0,,2025-02-23 00:00:00,2025-12-31 00:00:00,المديرية العامة لتربية النجف/ قسم االاعداد والتدريب,done,600000.0,,,IQD,one,تشغيلية,
برنامج مهارات التدريب للتربية الخاصة بالتعاون مع جامعة بابل,ge,الموارد البشرية,زيادة مؤهلات المعلمين من خلال تدريب التوظيف والمعلمين قبل واثناء الخدمة,تدريب المعلمين قبل واثناء الخدمة,تدريب المعلمين على تعليم ذوي الاحتياجات الخاصة,عدد الملاكات التربوية المتدربين على مهارات التربية الخاصة,percent,100.0,0.0,2025,2026,تربية بابل,done,0.0,0.0,0.0,IQD,one,مشاركة مجتمعية,
إقامة دورات تدريبية بواقع(5) دورات تدريبية,ge,الموارد البشرية,زيادة مؤهلات المعلمين من خلال تدريب التوظيف والمعلمين قبل واثناء الخدمة,تدريب المعلمين قبل واثناء الخدمة,تدريب المعلمين على تعليم ذوي الاحتياجات الخاصة,تدريب الملعمين الذين يشاركون في الدورات التدريبية ذات الصلة,percent,100.0,0.0,2024,2031,شعبة التدريب - تربية ديالى,done,,,,IQD,one,الموازنة التشغيلية,
اقامة دورات حول المناهج,ge,الموارد البشرية,زيادة مؤهلات المعلمين من خلال تدريب التوظيف والمعلمين قبل واثناء الخدمة,تدريب المعلمين قبل واثناء الخدمة,تدريب المعلمين على تعليم ذوي الاحتياجات الخاصة,تدريب الملعمين الذين يشاركون في الدورات التدريبية ذات الصلة,percent,100.0,60.0,2024,2025,مديرية تربية ذي قار,done,35000000.0,35000000.0,,IQD,one,الموازنة الجارية,
مشاركة المعلمين التربية الخاصة في الدورات التدريبية ضمن الخطة التدريبية,ge,الموارد البشرية,زيادة مؤهلات المعلمين من خلال تدريب التوظيف والمعلمين قبل واثناء الخدمة,تدريب المعلمين قبل واثناء الخدمة,تدريب المعلمين على تعليم ذوي الاحتياجات الخاصة,تدريب الملعمين الذين يشاركون في الدورات التدريبية ذات الصلة,percent,100.0,0.0,2024,2025,قسمم الاعداد والتدريب + قسم التعليم العام والملاك - تربية كربلاء,done,0.0,0.0,0.0,IQD,one,,
تدريب 50 معلم ومدرس,ge,الموارد البشرية,زيادة مؤهلات المعلمين من خلال تدريب التوظيف والمعلمين قبل واثناء الخدمة,تدريب المعلمين قبل واثناء الخدمة,تدريب المعلمين على تعليم ذوي الاحتياجات الخاصة,تدريب الملعمين الذين يشاركون في الدورات التدريبية ذات الصلة,percent,100.0,0.0,2024,2025,قسم الاعداد والتدريب - تربية نينوى,done,4000000.0,,,IQD,one,تشغيلية,
تدريب 50 معلم ومدرس,ge,الموارد البشرية,زيادة مؤهلات المعلمين من خلال تدريب التوظيف والمعلمين قبل واثناء الخدمة,تدريب المعلمين قبل واثناء الخدمة,تدريب المعلمين على تعليم ذوي الاحتياجات الخاصة,تدريب الملعمين الذين يشاركون في الدورات التدريبية ذات الصلة,percent,100.0,0.0,2025,2025,قسم الاعداد والتدريب,done,4000000.0,,,IQD,one,تشغيلية,
تدريب 50 معلم ومدرس,ge,الموارد البشرية,زيادة مؤهلات المعلمين من خلال تدريب التوظيف والمعلمين قبل واثناء الخدمة,تدريب المعلمين قبل واثناء الخدمة,تدريب المعلمين على تعليم ذوي الاحتياجات الخاصة,تدريب الملعمين الذين يشاركون في الدورات التدريبية ذات الصلة,,1.0,0.0,2026,2026,قسم الاعداد والتدريب,done,,,,IQD,one,,
إقامة دورات,ge,الموارد البشرية,زيادة مؤهلات المعلمين من خلال تدريب التوظيف والمعلمين قبل واثناء الخدمة,تدريب المعلمين قبل واثناء الخدمة,تدريب المعلمين على تعليم ذوي الاحتياجات الخاصة,تدريب الملعمين الذين يشاركون في الدورات التدريبية ذات الصلة,count,1.0,,2024,2024,قسم التعليم العام والملاك / شعبة التربية الخاصة - تربية الرصافة الثانية,done,,,,IQD,one,,
تدريب الكادر التربوي لنشر ثقافة الجودة إقامة دورات للكادر التربوي لغرض نشر ثقافة الجودة، ولتهيئة الكادر التربوي والتعليمي في المدارس .,ge,الموارد البشرية,زيادة مؤهلات المعلمين من خلال تدريب التوظيف والمعلمين قبل واثناء الخدمة,تدريب المعلمين قبل واثناء الخدمة,تدريب لنشر ثقافة الجودة,نسبة عدد الكوادر التربوية المستفيدة من الدورات,,1.0,0.0,2026,2026,شعبة إدارة الجودة والتطوير المؤسسي,done,,,,IQD,one,,
تعزيز جائزة حقوق الانسان والطفل من خلال بث ثقافة حقوق الانسان في المدارس وتضمين منهاج حقوق الانسان في المدارس وتقييمها,ge,الموارد البشرية,زيادة مؤهلات المعلمين من خلال تدريب التوظيف والمعلمين قبل واثناء الخدمة,تدريب المعلمين قبل واثناء الخدمة,تعزيز جائزة حقوق الانسان في المدارس,تعزيز حصص المديريات العامة للتربية التي لديها خطط وموازنات محددة لضمان استمرارية التعليم أثناء الأزمات، بإجمالي 20 خطة (19 محافظة ومديريات عامة للتربية في بغداد + مركز),,1.0,0.0,2026,2026,قسم الاشراف التربوي,done,,,,IQD,one,,
منح المعلمين التفرغ وعدم الممانعة,ge,الموارد البشرية,زيادة مؤهلات المعلمين من خلال تدريب التوظيف والمعلمين قبل واثناء الخدمة,تدريب المعلمين قبل واثناء الخدمة,تنوع مؤهلات المعلمين من خلال القبول بالكلبة التربوية المفتوحة وكليات التربية في وزارة التعليم العالي,تاهيل الملاكات التعليمية,percent,100.0,0.0,2026,2030,قسم الموارد البشرية,done,0.0,0.0,0.0,IQD,one,,
ورش توعية للمرشدين التربويين والهيئات التعليمية والتدريسية اختصاص التربية الرياضية او الفنية,ge,الموارد البشرية,التوظيف والتدريب للمنتسبين,التوظيف والتدريب,ورش عمل للمنسقين الصحيين في المدارس كافة حول مهام وواجبات المنسقين الصحيين,عقد ورش عمل للمنسقين الصحيين في المدارس كافة حول مهام وواجبات المنسقين الصحيين وعلى قاعة النشاط الرياضي وفي الاقضية والنواحي,,1.0,0.0,2026,2026,قسم النشاط الرياضي والكشفي,done,,,,IQD,one,,
تدريب 350 مرشد تربوي,ge,الموارد البشرية,التوظيف والتدريب للمنتسبين,التوظيف والتدريب,تدريب المرشدين التربويين للدعم النفسي والاجتماعي,تدريب المرشدين التربويين الذين يشاركون في الدورات التدريبية ذات الصلة,,1.0,0.0,2026,2026,قسم الاعداد والتدريب,done,,,,IQD,one,,
تدريب 150بدورات تثقيفية ادارية وتخصصية,ge,الموارد البشرية,التوظيف والتدريب للمنتسبين,التوظيف والتدريب,تدريب منتسبي التعليم في المدرسة والمديريات,تدريب الملاكات الذين يشاركون في الدورات التدريبية ذات الصلة,,1.0,0.0,2026,2026,قسم الاعداد والتدريب,done,,,,IQD,one,,
تدريب 150 الملاكات بدورات ادارية وتخصصية,ge,الموارد البشرية,التوظيف والتدريب للمنتسبين,التوظيف والتدريب,تدريب منتسبوا التخطيط والإدارة الاخرون,تدريب الملاكات الذين يشاركون في الدورات التدريبية ذات الصلة,,1.0,0.0,2026,2026,قسم الاعداد والتدريب,done,,,,IQD,one,,
تدريب 5000من الملاكات بدورات مكافحة الفساد و ايزو الطاقة الدولية,ge,الموارد البشرية,التوظيف والتدريب للمنتسبين,التوظيف والتدريب,تدريب منتسبوا التخطيط والإدارة الاخرون,تدريب الملاكات الذين يشاركون في الدورات التدريبية ذات الصلة,,1.0,0.0,2026,2026,قسم الاعداد والتدريب,done,,,,IQD,one,,
دورات مشروع البرنامج المتكامل في اعداد المدربين (TOT) للمواد العلمية,ge,الموارد البشرية,التوظيف والتدريب للمنتسبين,التوظيف والتدريب,التوظيف والتدريب,نسبة المتدربين من الادارة الوسطى والعليا في جوانب التخطيط والتنسيق والمهارات الادارية الى العدد الاجمالي على أساس سنوي,percent,100.0,,2025,2026,المديرية العامة للاعداد والتدريب,done,,,,IQD,one,عدم صرف اي اجور تخص الاستراتيجية / النصف الاول بسبب انعدام السيولة النقدية,تنفذ في الفصل الرابع من النصف الثاني لعام 2026
دورات رفع مهارات القراءة لدى تلاميذ المرحلة الابتدائية,ge,الموارد البشرية,التوظيف والتدريب للمنتسبين,التوظيف والتدريب,التوظيف والتدريب,نسبة المتدربين من الادارة الوسطى والعليا في جوانب التخطيط والتنسيق والمهارات الادارية الى العدد الاجمالي على أساس سنوي,percent,100.0,33.0,2024,2026,المديرية العامة للاعداد والتدريب,done,,,,IQD,one,عدم صرف اي اجور تخص الاستراتيجية / النصف الاول بسبب انعدام السيولة النقدية,نفذت الدورة الاولى من بداية تنفيذ المشروع في الفصل الاول من عام 2024 بواقع 51 متدرب
اقامة دورات,ge,الموارد البشرية,التوظيف والتدريب للمنتسبين,التوظيف والتدريب,التوظيف والتدريب,تدريب الملاكات الذين يشاركون في الدورات التدريبية ذات الصلة,percent,100.0,,2025,2025,المديرية العامة للاعداد والتدريب,done,,,,IQD,one,,
اقامة دورات,ge,الموارد البشرية,التوظيف والتدريب للمنتسبين,التوظيف والتدريب,التوظيف والتدريب,تدريب الملاكات الذين يشاركون في الدورات التدريبية ذات الصلة,percent,100.0,,2026,2026,المديرية العامة للاعداد والتدريب,done,,,,IQD,one,,
اقامه دورة تدريبية ورود اكسل بوربوينت للكوادر التعليمية والتدريسية والادارية,ge,الموارد البشرية,التوظيف والتدريب للمنتسبين,التوظيف والتدريب,التوظيف والتدريب,تدريب الملاكات الذين يشاركون في الدورات التدريبية ذات الصلة,percent,100.0,0.0,2025,2025,قسم التخطيط التربوي,done,0.0,0.0,0.0,IQD,one,,
اقامه دورة تدريبية ورود اكسل بوربوينت للكوادر التعليمية والتدريسية والادارية,ge,الموارد البشرية,التوظيف والتدريب للمنتسبين,التوظيف والتدريب,التوظيف والتدريب,تدريب الملاكات الذين يشاركون في الدورات التدريبية ذات الصلة,,1.0,,2026,2026,قسم التخطيط التربوي,done,0.0,0.0,0.0,IQD,one,,
اقامه دروه تدريبية icdl للكوادر التعليمية والتدريسية والادارية,ge,الموارد البشرية,التوظيف والتدريب للمنتسبين,التوظيف والتدريب,التوظيف والتدريب,تدريب الملاكات الذين يشاركون في الدورات التدريبية ذات الصلة,percent,100.0,0.0,2025,2025,قسم التخطيط التربوي,done,0.0,0.0,0.0,IQD,one,,
اقامه دروه تدريبية icdl للكوادر التعليمية والتدريسية والادارية,ge,الموارد البشرية,التوظيف والتدريب للمنتسبين,التوظيف والتدريب,التوظيف والتدريب,تدريب الملاكات الذين يشاركون في الدورات التدريبية ذات الصلة,,1.0,,2026,2026,قسم التخطيط التربوي,done,0.0,0.0,0.0,IQD,one,,
مشروع اعداد قادة تدريب على البرامج الارشادية للمرشدين التربويين,ge,الموارد البشرية,التوظيف والتدريب للمنتسبين,التوظيف والتدريب,تدريب المرشدين التربويين للدعم النفسي والاجتماعي,تدريب الملاكات الذين يشاركون في الدورات التدريبية ذات الصلة,percent,100.0,0.0,2024,2024,المديرية العامة للاعداد والتدريب,done,,120.0,,IQD,one,,
إقامة دورات تدريبية بواقع 10 دورة في السنه,ge,الموارد البشرية,التوظيف والتدريب للمنتسبين,التوظيف والتدريب,تدريب المرشدين التربويين للدعم النفسي والاجتماعي,تدريب الملاكات الذين يشاركون في الدورات التدريبية ذات الصلة,percent,100.0,30.0,2024,2025,قسم الاعداد والتدريب - تربية الانبار,done,0.0,0.0,0.0,IQD,one,لايوجد,
اقامة دورات تدريبية لتدريب للمرشدين بواقع 10دورة في السنة,ge,الموارد البشرية,التوظيف والتدريب للمنتسبين,التوظيف والتدريب,تدريب المرشدين التربويين للدعم النفسي والاجتماعي,تدريب الملاكات الذين يشاركون في الدورات التدريبية ذات الصلة,percent,100.0,30.0,2024,2025,قسم الاعداد والتدريب - تربية الانبار,done,0.0,0.0,0.0,IQD,one,لايوجد,
دورة تدريبية للمشرفين الجدد,ge,الموارد البشرية,التوظيف والتدريب للمنتسبين,التوظيف والتدريب,تدريب المرشدين التربويين للدعم النفسي والاجتماعي,تدريب الملاكات الذين يشاركون في الدورات التدريبية ذات الصلة,percent,100.0,60.0,2024,2025,تربية المثنى / قسم الاعداد والتدريب,done,610000.0,,,IQD,one,,
تدريب المعلمين والمدرسين من المعينيين الجدد والعقود وحملة الشهادات العليا لثلاث دورات متتالية الدورة الاولى (دورة واحدة قبل الخدمة) بلغ عدد المشاركين فيها (640) ودورتين متتاليتين (فنيات تعديل السلوك) بلغ عدد المشتركين فيها (2450) و (دورة للمشرفين الجدد) بلغ عدد المشتركين 65 مشترك و (دورة النزهة ومحاربة الفساد) بلغ عدد المشتركين 300 و (دورة التقييم الخارجي للمدارس الابتدائية) بلغ عدد المشتركين 90 (بدأت 2/11 ولغاية 2024/3/24),ge,الموارد البشرية,التوظيف والتدريب للمنتسبين,التوظيف والتدريب,تدريب المرشدين التربويين للدعم النفسي والاجتماعي,تدريب الملاكات الذين يشاركون في الدورات التدريبية ذات الصلة,percent,100.0,100.0,2024,2024,المديرية العامة لتربية النجف/ قسم االاعداد والتدريب,done,,,,IQD,one,ـــ,
تشكيل أعضاء لجان لاستلام المعاملات الخاصة بالتوظيف لغرض المطابقة مع الأوليات الاصلية وتحديد المدرسة للوظائف الشاغرة والتثبيت عليها وبعد التدقيق يتم تسليم المعاملات الى شعبة الملفات,ge,الموارد البشرية,التوظيف والتدريب للمنتسبين,التوظيف والتدريب,تدريب المرشدين التربويين للدعم النفسي والاجتماعي,تدريب الملاكات الذين يشاركون في الدورات التدريبية ذات الصلة,percent,100.0,50.0,2024,2024,المديرية العامة لتربية النجف/ قسم التعليم العام والملاك,done,,,,IQD,one,ـــ,
تكليف المرشدين التربوين من مدارس الفيض والشاغر والزيارات الميدانية لمدارس المرشدين ومتابعة عملهم وإصدار أوامر النقل وإقامة الندوات لتوجيه عمل المرشدين في المحافظة كافة,ge,الموارد البشرية,التوظيف والتدريب للمنتسبين,التوظيف والتدريب,تدريب المرشدين التربويين للدعم النفسي والاجتماعي,تدريب الملاكات الذين يشاركون في الدورات التدريبية ذات الصلة,percent,100.0,50.0,2024,2024,المديرية العامة لتربية النجف/ قسم التعليم العام والملاك,done,,,,IQD,one,ـــ,
إقامة دورات بعدد 4 دورة للمرشدين التربويين في المديرية المعينيين الجدد بالتعاون مع جامعة بابل وشعبة الارشاد التربوي,ge,الموارد البشرية,التوظيف والتدريب للمنتسبين,التوظيف والتدريب,تدريب المرشدين التربويين للدعم النفسي والاجتماعي,تدريب الملاكات الذين يشاركون في الدورات التدريبية ذات الصلة,percent,100.0,25.0,2024,2025,تربية بابل,done,0.0,0.0,0.0,IQD,one,لا يحتاج للتخصيص,
دورات تطويرية للمرشدين,ge,الموارد البشرية,التوظيف والتدريب للمنتسبين,التوظيف والتدريب,تدريب المرشدين التربويين للدعم النفسي والاجتماعي,تدريب الملاكات الذين يشاركون في الدورات التدريبية ذات الصلة,percent,100.0,60.0,2024,2025,مديرية تربية ذي قار,done,15000000.0,15000000.0,,IQD,one,الموازنة الجارية,
اقامة دورات تخص (التخطيط والنزاهة والقيادة الخ...),ge,الموارد البشرية,التوظيف والتدريب للمنتسبين,التوظيف والتدريب,تدريب المرشدين التربويين للدعم النفسي والاجتماعي,تدريب الملعمين الذين يشاركون في الدورات التدريبية ذات الصلة,percent,100.0,13.0,2024,2025,قسم الاعداد والتدريب - تربية الرصافة الاولى,done,4000000.0,4000000.0,250000.0,IQD,one,موازنة تشغيلية,
دورة الاساليب الارشادية الحديثة,ge,الموارد البشرية,التوظيف والتدريب للمنتسبين,التوظيف والتدريب,تدريب المرشدين التربويين للدعم النفسي والاجتماعي,تدريب المرشدين التربويين الذين يشاركون في الدورات التدريبية ذات الصلة,percent,100.0,0.0,2024,2025,قسم الاعداد والتدريب - تربية الرصافة الاولى,done,6000000.0,6000000.0,250001.0,IQD,one,موازنة تشغيلية,
اقامة دورات تدريبية لتدريب للمرشدين بواقع 2دورة في السنة,ge,الموارد البشرية,التوظيف والتدريب للمنتسبين,التوظيف والتدريب,تدريب المرشدين التربويين للدعم النفسي والاجتماعي,تدريب الملاكات الذين يشاركون في الدورات التدريبية ذات الصلة,percent,100.0,,2026,2026,قسم الاعداد والتدريب - تربية الرصافة الثالثة,done,0.0,0.0,0.0,IQD,one,,
اقامة دورات تدريبية بواقع (32)دورة,ge,الموارد البشرية,التوظيف والتدريب للمنتسبين,التوظيف والتدريب,تدريب المرشدين التربويين للدعم النفسي والاجتماعي,تدريب الملاكات الذين يشاركون في الدورات التدريبية ذات الصلة,percent,100.0,50.0,2024,2025,تربية الكرخ الثانية,done,0.0,0.0,0.0,IQD,one,0,
تدريب 100 مرشد تربوي,ge,الموارد البشرية,التوظيف والتدريب للمنتسبين,التوظيف والتدريب,تدريب المرشدين التربويين للدعم النفسي والاجتماعي,تدريب الملاكات الذين يشاركون في الدورات التدريبية ذات الصلة,percent,100.0,0.0,2024,2025,قسم الاعداد والتدريب - تربية نينوى,done,8000000.0,,,IQD,one,تشغيلية,
تدريب 82 مرشد تربوي,ge,الموارد البشرية,التوظيف والتدريب للمنتسبين,التوظيف والتدريب,تدريب المرشدين التربويين للدعم النفسي والاجتماعي,تدريب الملاكات الذين يشاركون في الدورات التدريبية ذات الصلة,percent,100.0,0.0,2025,2025,قسم الاعداد والتدريب,done,8000000.0,,,IQD,one,تشغيلية,
ورشة تدريبية تخصصية,ge,الموارد البشرية,التوظيف والتدريب للمنتسبين,التوظيف والتدريب,تدريب المرشدين التربويين للدعم النفسي والاجتماعي,تدريب الملاكات الذين يشاركون في الدورات التدريبية ذات الصلة,percent,100.0,50.0,2024,2025,التربية الرياضة,done,0.0,0.0,0.0,IQD,one,,
توظيف وتدريب,ge,الموارد البشرية,التوظيف والتدريب للمنتسبين,التوظيف والتدريب,تدريب المرشدين التربويين للدعم النفسي والاجتماعي,تدريب الملاكات الذين يشاركون في الدورات التدريبية ذات الصلة,percent,100.0,53.0,2024,2024,قسم الاعداد والتدريب - تربية الرصافة الثانية,done,,,,IQD,one,,
إقامة دورات,ge,الموارد البشرية,التوظيف والتدريب للمنتسبين,التوظيف والتدريب,تدريب المرشدين التربويين للدعم النفسي والاجتماعي,تدريب الملاكات الذين يشاركون في الدورات التدريبية ذات الصلة,percent,100.0,50.0,2024,2024,قسم الاعداد والتدريب - تربية الرصافة الثانية,done,,,,IQD,one,,
إقامة دورات,ge,الموارد البشرية,التوظيف والتدريب للمنتسبين,التوظيف والتدريب,تدريب المرشدين التربويين للدعم النفسي والاجتماعي,تدريب الملاكات الذين يشاركون في الدورات التدريبية ذات الصلة,count,1.0,0.17,2024,2024,قسم الاعداد والتدريب - تربية الرصافة الثانية,done,,,,IQD,one,,
دورات إعداد البحوث والدراسات التربوية,ge,الموارد البشرية,التوظيف والتدريب للمنتسبين,التوظيف والتدريب,تدريب المشرفون,تدريب المشرفون الذين يشاركون في الدورات التدريبية ذات الصلة,percent,100.0,13.0,2024,2031,المديرية العامة للاعداد والتدريب,done,,,,IQD,one,عدم صرف اي اجور تخص الاستراتيجية / النصف الاول بسبب انعدام السيولة النقدية,تنفذ الدورة في الفصل الرابع من النصف الثاني لعام 2026 ،نفذت الدورة الاولى من بداية تنفيذ المشروع في الفصل الاول من عام 2024 بواقع 29 متدرب
دورات اعداد قادة تدريب في تنمية المهارات الحياتية للمرحلة الثانوية,ge,الموارد البشرية,التوظيف والتدريب للمنتسبين,التوظيف والتدريب,تدريب المشرفون,تدريب المشرفون الذين يشاركون في الدورات التدريبية ذات الصلة,percent,100.0,,2025,2026,المديرية العامة للاعداد والتدريب,done,,,,IQD,one,عدم صرف اي اجور تخص الاستراتيجية / النصف الاول بسبب انعدام السيولة النقدية,
دورات المحادثة في الانكليزية,ge,الموارد البشرية,التوظيف والتدريب للمنتسبين,التوظيف والتدريب,تدريب المشرفون,تدريب المشرفون الذين يشاركون في الدورات التدريبية ذات الصلة,percent,100.0,,2024,2031,المديرية العامة للاعداد والتدريب,delayed,,,,IQD,one,عدم صرف اي اجور تخص الاستراتيجية / النصف الاول بسبب انعدام السيولة النقدية,
تدريب مشرفي الاختصاصي والتربوي عدد 2 دورة لكل منهما,ge,الموارد البشرية,التوظيف والتدريب للمنتسبين,التوظيف والتدريب,تدريب المشرفون,تدريب الملاكات الذين يشاركون في الدورات التدريبية ذات الصلة,percent,100.0,0.0,2024,2025,تربية بابل,done,0.0,0.0,0.0,IQD,one,لا يحتاج للتخصيص,
دورة الفنون والمهارات الكشفية ، ورشة اللقاء الحر (الابداع والابتكار) للقادة والقائدات,ge,الموارد البشرية,التوظيف والتدريب للمنتسبين,التوظيف والتدريب,تدريب المشرفون,تدريب الملاكات الذين يشاركون في الدورات التدريبية ذات الصلة,percent,100.0,0.0,2024,2025,المديريات العامة في بغداد - مديرية العامة التربية الرياضية,done,30000000.0,30000000.0,20000000.0,IQD,one,الشؤون المالية,
دورة تنمية وتطوير القيادات الكشفية للعمل في البيئة الأمنة ، الورشة التطويرية لمسؤولي الوحدات الكشفية,ge,الموارد البشرية,التوظيف والتدريب للمنتسبين,التوظيف والتدريب,تدريب المشرفون,تدريب الملاكات الذين يشاركون في الدورات التدريبية ذات الصلة,percent,100.0,40.0,2024,2025,المديريات العامة للتربية في المحافظات - المديرية العامة للتربية الرياضية,done,30000000.0,30000000.0,20000000.0,IQD,one,الشؤون المالية,
دورات مكافحة الفساد ودورات التحقيق الاداري والمشرفين الجدد,ge,الموارد البشرية,التوظيف والتدريب للمنتسبين,التوظيف والتدريب,تدريب المشرفون,تدريب الملاكات الذين يشاركون في الدورات التدريبية ذات الصلة,percent,100.0,60.0,2024,2025,مديرية تربية ذي قار,done,75000000.0,75000000.0,,IQD,one,الموازنة الجارية,
دورات تنشيطية للمشرفيين ( ادارية – تقييم),ge,الموارد البشرية,التوظيف والتدريب للمنتسبين,التوظيف والتدريب,تدريب المشرفون,تدريب المشرفون الذين يشاركون في الدورات التدريبية ذات الصلة,percent,100.0,0.0,2024,2025,قسم الاعداد والتدريب - تربية الرصافة الاولى,done,3000000.0,3000000.0,250000.0,IQD,one,موازنة تشغيلية,
تدريب المشرفين التربويين والاختصاصين,ge,الموارد البشرية,التوظيف والتدريب للمنتسبين,التوظيف والتدريب,تدريب المشرفون,تدريب الملاكات الذين يشاركون في الدورات التدريبية ذات الصلة,percent,100.0,,2026,2026,قسم الاعداد والتدريب - تربية الرصافة الثالثة,done,0.0,0.0,0.0,IQD,one,,
تدريب المشرفين التربويين والاختصاصين على نظم الحاسوب,ge,الموارد البشرية,التوظيف والتدريب للمنتسبين,التوظيف والتدريب,تدريب المشرفون,تدريب الملاكات الذين يشاركون في الدورات التدريبية ذات الصلة,percent,100.0,100.0,2024,2025,المديرية العامة لإعداد المعلمين والتدريب والتطوير التربوي,done,0.0,0.0,0.0,IQD,one,,
تدريب المشرفين التربويين والاختصاصين على نظم التخطيط والقيادة والإدارة,ge,الموارد البشرية,التوظيف والتدريب للمنتسبين,التوظيف والتدريب,تدريب المشرفون,تدريب الملاكات الذين يشاركون في الدورات التدريبية ذات الصلة,percent,100.0,100.0,2024,2025,المديرية العامة لإعداد المعلمين والتدريب والتطوير التربوي,done,0.0,0.0,0.0,IQD,one,,
تدريب ملاكات ورش المهارات الحياتية,ge,الموارد البشرية,التوظيف والتدريب للمنتسبين,التوظيف والتدريب,منتسبو التعليم في المدرسة والمديريات,تدريب الملاكات الذين يشاركون في الدورات التدريبية ذات الصلة,percent,100.0,33.0,2024,2025,الجهاز التنفيذي لمحو الأمية,done,0.0,0.0,0.0,IQD,one,الجهاز التنفيذي لمحو الأمية,
تدريب ملاكات ورش المهارات الحياتية,ge,الموارد البشرية,التوظيف والتدريب للمنتسبين,التوظيف والتدريب,منتسبو التعليم في المدرسة والمديريات,تدريب الملاكات الذين يشاركون في الدورات التدريبية ذات الصلة,other,1.0,0.2,2023,2031,الجهاز التنفيذي لمحو الأمية,done,0.0,0.0,0.0,IQD,one,الجهاز التنفيذي لمحو الأمية,
برنامج تأهيل وتدريب الموظفين الجدد بالتعاون مع ديوان محافظة بابل,ge,الموارد البشرية,التوظيف والتدريب للمنتسبين,التوظيف والتدريب,منتسبو التعليم في المدرسة والمديريات,تأهيل وتدريب عدد من الموظفين الجدد بالتعاون مع ديوان محافظة بابل,percent,100.0,0.0,2025,2026,تربية بابل,done,0.0,0.0,0.0,IQD,one,مشاركة مجتمعية,
برنامج طرائق التدريس الحديثة لتدريب الموظفين والملاكات التربوية والتدريسية بالتعاون مع جامعة المستقبل,ge,الموارد البشرية,التوظيف والتدريب للمنتسبين,التوظيف والتدريب,منتسبو التعليم في المدرسة والمديريات,تدريب الموظفين والملاكات التربوية والتدريسية حول طرائق التدريس الحديثة,percent,100.0,0.0,2025,2026,تربية بابل,done,0.0,0.0,0.0,IQD,one,مشاركة مجتمعية,
برناج تأهيل قادة تدريب بالتعاون مع العتبة الحسينية,ge,الموارد البشرية,التوظيف والتدريب للمنتسبين,التوظيف والتدريب,منتسبو التعليم في المدرسة والمديريات,تأهيل عدد من قادة تدريب بالتعاون مع العتبة الحسينية,count,1.0,0.0,2025,2026,تربية بابل,done,0.0,0.0,0.0,IQD,one,التمويل الدولي / منظمات مجتمع مدني,
إقامة دورات خاصة بالباحثين لأغراض الترقية العلمية بعدد 12 دورة,ge,الموارد البشرية,التوظيف والتدريب للمنتسبين,التوظيف والتدريب,منتسبو التعليم في المدرسة والمديريات,تدريب الملاكات الذين يشاركون في الدورات التدريبية ذات الصلة,percent,100.0,10.0,2024,2025,تربية بابل,done,0.0,0.0,0.0,IQD,one,,
يرنامج المعلم الرسالي بالتعاون مع العتبة الحسينية,ge,الموارد البشرية,التوظيف والتدريب للمنتسبين,التوظيف والتدريب,منتسبو التعليم في المدرسة والمديريات,عدد المعلمين المتدربين وفق برنامج المعلم الرسالي,count,1.0,0.0,2025,2026,تربية بابل,done,0.0,0.0,0.0,IQD,one,التمويل الدولي / منظمات مجتمع مدني,
تنفيذ ندوات لموظفي المركز عدد (9) -ورشة عمل بعنوان ((وسائل التواصل الاجتماعي وتأثيرها على صحة النفسية للطفل ),ge,الموارد البشرية,التوظيف والتدريب للمنتسبين,التوظيف والتدريب,منتسبو التعليم في المدرسة والمديريات,توظيف وتدريب الملعمين الذين يشاركون في الدورات التدريبية ذات الصلة,percent,100.0,0.0,2025,2025,مركز البحوث والدراسات جميع الباحثين في المديريات العامة جميع الباحثين في المديريات العامة,done,0.0,0.0,0.0,IQD,one,,
تنفيذ ندوات لموظفي المركز عدد (8) -تنفيذ ورش عمل عدد (4),ge,الموارد البشرية,التوظيف والتدريب للمنتسبين,التوظيف والتدريب,منتسبو التعليم في المدرسة والمديريات,توظيف وتدريب الممنتسبين الذين يشاركون في الدورات التدريبية ذات الصلة,percent,100.0,,2026,2026,مركز البحوث والدراسات,done,0.0,0.0,0.0,IQD,one,,
تنفيذ ندوات لموظفي المركز عدد (6) -ورشة عمل بعنوان ((دور الاعلام في تعزيز الوعي الفكري للمجتمع وأثره في تطوير البحث العلمي) -دورة بعنوان الباحث العلمي Googl Scholar,ge,الموارد البشرية,التوظيف والتدريب للمنتسبين,التوظيف والتدريب,منتسبو التعليم في المدرسة والمديريات,تدريب الملاكات الذين يشاركون في الدورات التدريبية ذات الصلة,percent,100.0,50.0,2024,2025,مركز البحوث والدراسات جميع الباحثين في المديريات العامة جميع الباحثين في المديريات العامة,done,0.0,0.0,0.0,IQD,one,,
تدريب موظف من كل مدرسة والبالغ عددها (698) مدرسة حكومية مع العمل بنظام الاصيل والبديل وحسب جدول زمني وفترات محددة ضمن برنامج EMIS,ge,الموارد البشرية,التوظيف والتدريب للمنتسبين,التوظيف والتدريب,منتسبو التعليم في المدرسة والمديريات,نسبة المتدربين من الادارة الوسطى والعليا في جوانب التخطيط والتنسيق والمهارات الادارية الى العدد الاجمالي على أساس سنوي,percent,100.0,20.0,2024,2027,قسم التخطيط التربوي,done,0.0,0.0,0.0,IQD,one,لاتحتاج تخصيص مالي,
دورة تاهيل المعلمين والمدرسين والموظفين 30750,ge,الموارد البشرية,التوظيف والتدريب للمنتسبين,التوظيف والتدريب,منتسبو التعليم في المدرسة والمديريات,تدريب الملاكات الذين يشاركون في الدورات التدريبية ذات الصلة,percent,100.0,2.0,2024,2032,قسم الاعداد والتدريب - تربية الرصافة الاولى,done,4000000.0,4000000.0,250000.0,IQD,one,موازنة تشغيلية,
إقامة دورات,ge,الموارد البشرية,التوظيف والتدريب للمنتسبين,التوظيف والتدريب,منتسبو التعليم في المدرسة والمديريات,تدريب الملاكات الذين يشاركون في الدورات التدريبية ذات الصلة,count,1.0,0.41,2024,2024,قسم الاعداد والتدريب - تربية الرصافة الثانية,done,,,,IQD,one,,
اقامه دروه تدريبية للكوادر التعليمية والتدريسية والادارية,ge,الموارد البشرية,التوظيف والتدريب للمنتسبين,التوظيف والتدريب,منتسبو التعليم في المدرسة والمديريات,تدريب الملاكات الذين يشاركون في الدورات التدريبية ذات الصلة,percent,100.0,0.0,2025,2025,قسم الاعداد والتدريب - تربية الرصافة الثالثة,done,0.0,0.0,0.0,IQD,one,,
اقامه دروه تدريبية للكوادر التعليمية والتدريسية والادارية,ge,الموارد البشرية,التوظيف والتدريب للمنتسبين,التوظيف والتدريب,منتسبو التعليم في المدرسة والمديريات,تدريب الملاكات الذين يشاركون في الدورات التدريبية ذات الصلة,percent,100.0,,2026,2026,قسم الاعداد والتدريب - تربية الرصافة الثالثة,done,0.0,0.0,0.0,IQD,one,,
اقامة دورات تدريبية لموظفين بواقع 20دورة,ge,الموارد البشرية,التوظيف والتدريب للمنتسبين,التوظيف والتدريب,منتسبو التعليم في المدرسة والمديريات,تدريب الملاكات الذين يشاركون في الدورات التدريبية ذات الصلة,percent,100.0,60.0,2024,2025,قسم الاعداد والتدريب - تربية الانبار,delayed,0.0,0.0,0.0,IQD,one,لايوجد,
اقامة دورات تدريبية بواقع 10دورة في السنة,ge,الموارد البشرية,التوظيف والتدريب للمنتسبين,التوظيف والتدريب,منتسبو التعليم في المدرسة والمديريات,تدريب الملاكات الذين يشاركون في الدورات التدريبية ذات الصلة,percent,100.0,60.0,2024,2025,قسم الاعداد والتدريب - تربية الانبار,delayed,0.0,0.0,0.0,IQD,one,لايوجد,
دورة حتمية للمدراء والمعاونين الجدد,ge,الموارد البشرية,التوظيف والتدريب للمنتسبين,التوظيف والتدريب,منتسبو التعليم في المدرسة والمديريات,تدريب الملاكات الذين يشاركون في الدورات التدريبية ذات الصلة,percent,100.0,0.0,2024,2025,تربية المثنى / قسم الاعداد والتدريب,done,2440000.0,,2440000.0,IQD,one,,
دورة فنيات تعديل السلوك,ge,الموارد البشرية,التوظيف والتدريب للمنتسبين,التوظيف والتدريب,منتسبو التعليم في المدرسة والمديريات,تدريب الملاكات الذين يشاركون في الدورات التدريبية ذات الصلة,percent,100.0,40.0,2024,2025,تربية المثنى / قسم الاعداد والتدريب,done,6100000.0,,,IQD,one,,
دورة تدريب ماقبل الخدمة(البرنامج الحكومي),ge,الموارد البشرية,التوظيف والتدريب للمنتسبين,التوظيف والتدريب,منتسبو التعليم في المدرسة والمديريات,تدريب الملاكات الذين يشاركون في الدورات التدريبية ذات الصلة,percent,100.0,50.0,2024,2025,تربية المثنى / قسم الاعداد والتدريب,done,7000000.0,,7000000.0,IQD,one,,
دورة تدريبية البرنامج الحكومي S.A.M.R,ge,الموارد البشرية,التوظيف والتدريب للمنتسبين,التوظيف والتدريب,منتسبو التعليم في المدرسة والمديريات,تدريب الملاكات الذين يشاركون في الدورات التدريبية ذات الصلة,percent,100.0,0.0,2024,2025,تربية المثنى / قسم الاعداد والتدريب,delayed,6100000.0,,,IQD,one,,
دورة تدريبية البرنامج الحكوميTEMS,ge,الموارد البشرية,التوظيف والتدريب للمنتسبين,التوظيف والتدريب,منتسبو التعليم في المدرسة والمديريات,تدريب الملاكات الذين يشاركون في الدورات التدريبية ذات الصلة,percent,100.0,0.0,2024,2025,تربية المثنى / قسم الاعداد والتدريب,delayed,4270000.0,,,IQD,one,,
دورة تدريبية لكادر معهد الفنون الجميلة,ge,الموارد البشرية,التوظيف والتدريب للمنتسبين,التوظيف والتدريب,منتسبو التعليم في المدرسة والمديريات,تدريب الملاكات الذين يشاركون في الدورات التدريبية ذات الصلة,percent,100.0,50.0,2024,2025,تربية المثنى / قسم الاعداد والتدريب,done,250000.0,,250000.0,IQD,one,,
اقامة دورات حسب الخطة التدريبية للملاكات التربوية والتدريسية والادارية,ge,الموارد البشرية,التوظيف والتدريب للمنتسبين,التوظيف والتدريب,منتسبو التعليم في المدرسة والمديريات,تدريب الملاكات الذين يشاركون في الدورات التدريبية ذات الصلة,percent,100.0,50.0,2024,2025,قسمم الاعداد والتدريب + قسم التعليم العام والملاك - تربية كربلاء,done,0.0,0.0,0.0,IQD,one,,
اقامة دورات حسب الخطة التدريبية للملاكات التربوية والتدريسية والادارية,ge,الموارد البشرية,التوظيف والتدريب للمنتسبين,التوظيف والتدريب,منتسبو التعليم في المدرسة والمديريات,تدريب الملاكات الذين يشاركون في الدورات التدريبية ذات الصلة,percent,100.0,0.0,2025,2028,قسمم الاعداد والتدريب + قسم التعليم العام والملاك - تربية كربلاء,done,0.0,0.0,0.0,IQD,one,,ينفذ المشروع سنة 2025
إقامة دورات تدريبية للموظفين وبواقع (8) دورة,ge,الموارد البشرية,التوظيف والتدريب للمنتسبين,التوظيف والتدريب,منتسبو التعليم في المدرسة والمديريات,تدريب الملاكات الذين يشاركون في الدورات التدريبية ذات الصلة,percent,100.0,0.0,2024,2031,شعبة التدريب - تربية ديالى,done,,,,IQD,one,الموازنة التشغيلية,
إقامة دورات تدريبية للمعلمين والمدرسين بواقع (698) دورة,ge,الموارد البشرية,التوظيف والتدريب للمنتسبين,التوظيف والتدريب,منتسبو التعليم في المدرسة والمديريات,تدريب الملاكات الذين يشاركون في الدورات التدريبية ذات الصلة,percent,100.0,8.5,2024,2031,شعبة التدريب - تربية ديالى,done,,,,IQD,one,الموازنة التشغيلية,
إقامة دورات تدريبية للموظفين وبواقع (4) دورة,ge,الموارد البشرية,التوظيف والتدريب للمنتسبين,التوظيف والتدريب,منتسبو التعليم في المدرسة والمديريات,تدريب الملاكات الذين يشاركون في الدورات التدريبية ذات الصلة,percent,100.0,55.0,2024,2025,شعبة التدريب - تربية كركوك,done,0.0,0.0,0.0,IQD,one,,
إقامة دورة لمعلمين التربية الرياضية والفنية وبواقع (2) دورة,ge,الموارد البشرية,التوظيف والتدريب للمنتسبين,التوظيف والتدريب,منتسبو التعليم في المدرسة والمديريات,تدريب الملاكات الذين يشاركون في الدورات التدريبية ذات الصلة,percent,100.0,50.0,2024,2025,شعبة التدريب - تربية كركوك,done,0.0,0.0,0.0,IQD,one,,
إقامة دورات الادارات المدرسية وبواقع (116) دورة,ge,الموارد البشرية,التوظيف والتدريب للمنتسبين,التوظيف والتدريب,منتسبو التعليم في المدرسة والمديريات,تدريب الملاكات الذين يشاركون في الدورات التدريبية ذات الصلة,percent,100.0,0.0,2025,2026,شعبة التدريب - تربية كركوك,done,0.0,0.0,0.0,IQD,one,,
إقامة دورات الادارات المدرسية وبواقع (2) دورة,ge,الموارد البشرية,التوظيف والتدريب للمنتسبين,التوظيف والتدريب,منتسبو التعليم في المدرسة والمديريات,تدريب الملاكات الذين يشاركون في الدورات التدريبية ذات الصلة,percent,100.0,50.0,2024,2025,شعبة التدريب - تربية كركوك,done,0.0,0.0,0.0,IQD,one,,
إقامة دورات الادارات المدرسية,ge,الموارد البشرية,التوظيف والتدريب للمنتسبين,التوظيف والتدريب,منتسبو التعليم في المدرسة والمديريات,تدريب الملاكات الذين يشاركون في الدورات التدريبية ذات الصلة,percent,100.0,0.0,2026,2026,شعبة التدريب - تربية كركوك,done,0.0,0.0,0.0,IQD,one,,
دورة تدريبية تنشيطية لمنتسبي المدريرية وحسب الفئة للموظفين الخدمة (لغرض الترقية والترفيع) ولمدة (5ايام) عدد دورات 7 دورة للفترة من 2/ 1/ 2026 حتى 31/ 12/ 2031,ge,الموارد البشرية,التوظيف والتدريب للمنتسبين,التوظيف والتدريب,منتسبو التعليم في المدرسة والمديريات,تدريب الملاكات الذين يشاركون في الدورات التدريبية ذات الصلة,percent,100.0,0.0,2026,2031,المديرية العامة لتربية النجف/ قسم االاعداد والتدريب,done,,,,IQD,one,موازنة تشغلية,
دورات قيادة الحاسوب لمنتسبي التربية كافة من موظفين وتدريسين بواقع( 20) دورة في السنة (140) دورة لمدة6 سنوات,ge,الموارد البشرية,التوظيف والتدريب للمنتسبين,التوظيف والتدريب,منتسبو التعليم في المدرسة والمديريات,تدريب الملاكات الذين يشاركون في الدورات التدريبية ذات الصلة,,1.0,0.0,2026,2031,المديرية العامة لتربية النجف /قسم التخطيط التربوي /شعبة الاتصالات والمعلومات,done,,,,IQD,one,ـــ,
تدريب المعلمين والمدرسين من ذوي العقود (6000) والاستثناء (1650) وحملة الشهادات العليا ست دورات متتالية اثنين دورات فصل الاول (دورة قبل الخدمة ) بلغ عدد المشاركين فيها (2000) مشارك ودورتين متتاليتين (فنيات تعديل السلوك) بلغ عدد المشتركين فيها (1500) مشارك و (دورة النزهة ومحاربة الفساد) بلغ عدد المشتركين 1120 مشارك و (دورة التقييم الخارجي للمدارس الابتدائية) بلغ عدد المشتركين 90 و (دورة طاقة الايزو ) للموظفين لمدرية تربية النجف والاداريين بلغ عدد المشاركين (1200 مشارك و (دورة التعليم المسرع من فئة المعلمين والمدراء) بلغ عدد المشاركين 70 مشارك من 267 حيث سوف تكون على شكل وجبات على مدارى السنة (بدأت 2/9 ولغاية 2025/3/31),ge,الموارد البشرية,التوظيف والتدريب للمنتسبين,التوظيف والتدريب,منتسبو التعليم في المدرسة والمديريات,تدريب الملاكات الذين يشاركون في الدورات التدريبية ذات الصلة,percent,100.0,,45697,46022,المديرية العامة لتربية النجف/ قسم االاعداد والتدريب,done,92000000.0,92000000.0,,IQD,one,تشغيلية,
دورات قيادة الحاسوب لمنتسبي التربية كافة من موظفين وتدريسين بواقع( 20) دورة في السنة و المنجز منها(6)دورات,ge,الموارد البشرية,التوظيف والتدريب للمنتسبين,التوظيف والتدريب,منتسبو التعليم في المدرسة والمديريات,تدريب الملاكات الذين يشاركون في الدورات التدريبية ذات الصلة,percent,100.0,,2025-01-02 00:00:00,2025-12-31 00:00:00,المديرية العامة لتربية النجف /قسم التخطيط التربوي /شعبة الاتصالات والمعلومات,done,,,,IQD,one,ـــ,
دورات تدريبية ((المدراء)) من المكلفين في المنصب حديثاً بواقع دورتين كدفعة اولى لهذه السنة (بلغ اجمالي المشتركين 262) و ((المعاونين)) من المكلفين في المنصب حديثاً بواقع دورتين كدفعة اولى لهذه السنة (بلغ اجمالي المشتركين 263),ge,الموارد البشرية,التوظيف والتدريب للمنتسبين,التوظيف والتدريب,منتسبو التعليم في المدرسة والمديريات,تدريب الملاكات الذين يشاركون في الدورات التدريبية ذات الصلة,percent,100.0,90.0,2024,2024,المديرية العامة لتربية النجف/ قسم االاعداد والتدريب,done,,,,IQD,one,ـــ,
دورات قيادة الحاسوب لمنتسبي التربية كافة من موظفين وتدريسين بواقع( 20) دورة في السنة (120) دورة لمدة6 سنوات,ge,الموارد البشرية,التوظيف والتدريب للمنتسبين,التوظيف والتدريب,منتسبو التعليم في المدرسة والمديريات,تدريب الملاكات الذين يشاركون في الدورات التدريبية ذات الصلة,percent,100.0,,2026,2031,المديرية العامة لتربية النجف/ قسم االاعداد والتدريب,done,,,,IQD,one,,
دورة تدريبية تنشيطية لمنتسبي المدريرية وحسب الفئة للموظفين الخدمة (لغرض الترقية والترفيع) ولمدة (5ايام) عدد دورات 7 دورة للفترة من 2/ 1/ 2026 حتى 31/ 12/ 2031,ge,الموارد البشرية,التوظيف والتدريب للمنتسبين,التوظيف والتدريب,منتسبو التعليم في المدرسة والمديريات,تدريب الملاكات الذين يشاركون في الدورات التدريبية ذات الصلة,percent,100.0,,2026,2031,المديرية العامة لتربية النجف/ قسم االاعداد والتدريب,done,,,,IQD,one,,
دورات تدريبية ((المدراء الجدد)) من المكلفين في المنصب حديثاً بواقع (7) دورة من الثانوي والابتدائي المنفذ منها (6) دورة كدفعة اولى لهذه العام (بلغ اجمالي المشتركين 270) و ((المعاونين الجدد))بواقع (7) دورات المنفذ منها (6) دورات من المكلفين في المنصب حديثاً لهذه السنة (بلغ اجمالي المشتركين 265),ge,الموارد البشرية,التوظيف والتدريب للمنتسبين,التوظيف والتدريب,منتسبو التعليم في المدرسة والمديريات,تدريب الملاكات الذين يشاركون في الدورات التدريبية ذات الصلة,percent,100.0,,2025-02-09 00:00:00,2025-12-31 00:00:00,المديرية العامة لتربية النجف/ قسم االاعداد والتدريب,done,4200000.0,4200000.0,,IQD,one,تشغيلية,
دورات تدريبية للكوادر التعليمية والإدارية بواقع 1085 دورة,ge,الموارد البشرية,التوظيف والتدريب للمنتسبين,التوظيف والتدريب,منتسبو التعليم في المدرسة والمديريات,تدريب الملاكات الذين يشاركون في الدورات التدريبية ذات الصلة,percent,100.0,60.0,2024,2025,تربية الكرخ الثانية,done,0.0,0.0,0.0,IQD,one,0,
تنفيذ الخطط والبرامج اثناء الخدمة,ge,الموارد البشرية,التوظيف والتدريب للمنتسبين,التوظيف والتدريب,منتسبو التعليم في المدرسة والمديريات,تدريب الملاكات الذين يشاركون في الدورات التدريبية ذات الصلة,percent,100.0,0.0,2024,2026,قسم التخطيط التربوي,done,0.0,0.0,0.0,IQD,one,,
اعداد برنامج الالكتروني (الارشفة الالكترونية للمراجعين) لقسم التخطيط التربوي لتقديم الخدمات للمراجعين واصدار تقارير عن الارشفة الالكترونية,ge,الموارد البشرية,التوظيف والتدريب للمنتسبين,التوظيف والتدريب,منتسبو التعليم في المدرسة والمديريات,تدريب الملاكات الذين يشاركون في الدورات التدريبية ذات الصلة,percent,100.0,50.0,2024,2025,قسم التخطيط التربوي,done,0.0,0.0,0.0,IQD,one,لا يحتاج الى تخصيص,
اقامة دورات و ورش لمنتسبو التعليم في المدرسة (معلم او مدرس) والمديريات بواقع (3) دورة سلامة اللغة العربية/ومكافحة الفساد للموظفين عدد (1) وتم اقامة دورة اساسيات الحاسوب الثانية للموظفين عدد المشاركين (21) واقامة دورة تنسيق وطباعة المستندات word وعدد المشاركين (13) وحسب كتاب قسم الاعداد والتدريب المرقم 550/8/2 في 2024/7/2,ge,الموارد البشرية,التوظيف والتدريب للمنتسبين,التوظيف والتدريب,منتسبو التعليم في المدرسة والمديريات,تدريب الملاكات الذين يشاركون في الدورات التدريبية ذات الصلة,percent,100.0,10.0,2024,2026,قسم التخطيط التربوي,done,0.0,0.0,0.0,IQD,one,,
اقامة دورات للملاكات التدريسية ( مدرسين ) ( دورة محادثة اللغة الانكليزيةدورة الرياضيات / دورة الفيزياء / دورة علوم الحياة/ دورة التربية الفنية/ دورة التأريخ / دورة لائحة السلوك الوظيفي / دورة مبادئ الوساطة والمحسوبية / دورة شرح مخاطر التدريس الخصوصي/ دورة تعزيز وترسيخ قيم ومفاهيم النزاهة للمؤسسات التربوية/ دورة اللغة العربية / دورة التربية الاسلامية دورة الاختبارات الدولية TIMSS,ge,الموارد البشرية,التوظيف والتدريب للمنتسبين,التوظيف والتدريب,منتسبو التعليم في المدرسة والمديريات,تدريب الملاكات الذين يشاركون في الدورات التدريبية ذات الصلة,percent,100.0,50.0,2024,2025,وزارة التربية / المديرية العامة لاعداد المعلمين و التدريب و التطوير التربوي,done,0.0,0.0,0.0,IQD,one,,
اقامة دورات للملاكات التعليمية (معلمين) (دورة اللغة الانكليزية / دورة الرياضيات / دورة علوم / دورة التربية الفنية/ دورة الاجتماعيات / دورة التربية الرياضية / دورة الصفوف الثلاثة الاولى / دورة التربية الاسلامية/ دورة الاشغال اليدوية/ دورة اللغة العربية / دورة لائحة السلوك الوظيفي / دورة النزاهة ومكافحة الفساد/ دورة مخاطر التدريس الخصوصي / دورة حقوق الانسان / المكتبات المدرسية /دورة الوساطة والمحسوبية بواقع (27) دورة,ge,الموارد البشرية,التوظيف والتدريب للمنتسبين,التوظيف والتدريب,منتسبو التعليم في المدرسة والمديريات,تدريب الملاكات الذين يشاركون في الدورات التدريبية ذات الصلة,percent,100.0,50.0,2024,2025,وزارة التربية / المديرية العامة لاعداد المعلمين و التدريب و التطوير التربوي,done,0.0,0.0,0.0,IQD,one,,
اقامة دورات للملاكات التعليمية (دورة اللغة الانكليزية / دورة الرياضيات / دورة علوم / دورة التربية الفنية/ دورة الاجتماعيات / دورة التربية الرياضية / دورة الصفوف الثلاثة الاولى / دورة التربية الاسلامية/ دورة الاشغال اليدوية/ دورة اللغة العربية / دورة لائحة السلوك الوظيفي / دورة النزاهة ومكافحة الفساد/ دورة مخاطر التدريس الخصوصي / دورة حقوق الانسان / المكتبات المدرسية /دورة الوساطة والمحسوبية بواقع (27) دورة للمعلمين / بواقع ( 23 ) دورة للمدرسين / بواقع ( 5 ) دورات للموظفين / بواقع ( 2) دورة رياض اطفال,ge,الموارد البشرية,التوظيف والتدريب للمنتسبين,التوظيف والتدريب,منتسبو التعليم في المدرسة والمديريات,تدريب الملاكات الذين يشاركون في الدورات التدريبية ذات الصلة,percent,100.0,0.0,2026,2026,وزارة التربية / المديرية العامة لاعداد المعلمين و التدريب و التطوير التربوي - تربية كرخ الثالثة,done,0.0,0.0,0.0,IQD,one,لا يحتاج,
إقامة دورات تدريبة للموظفين بواقع 4 دورات,ge,الموارد البشرية,التوظيف والتدريب للمنتسبين,التوظيف والتدريب,منتسبو التعليم في المدرسة والمديريات,تدريب الملاكات الذين يشاركون في الدورات التدريبية ذات الصلة,percent,100.0,0.0,2024,2025,قسم الاعداد والتدريب - تربية ميسان,done,0.0,0.0,0.0,IQD,one,لايوجد تمويل,
إقامة دورات تدريبة للموظفين بواقع 4 دورات,ge,الموارد البشرية,التوظيف والتدريب للمنتسبين,التوظيف والتدريب,منتسبو التعليم في المدرسة والمديريات,تدريب الملاكات الذين يشاركون في الدورات التدريبية ذات الصلة,percent,100.0,0.0,2026,2027,قسم الاعداد والتدريب - تربية ميسان,done,0.0,0.0,0.0,IQD,one,لايوجد تمويل,
إقامة دورات تدريبة للهئيات التعليمية والتدريسية بواقع 29 دورة,ge,الموارد البشرية,التوظيف والتدريب للمنتسبين,التوظيف والتدريب,منتسبو التعليم في المدرسة والمديريات,تدريب الملاكات الذين يشاركون في الدورات التدريبية ذات الصلة,percent,100.0,0.0,2024,2026,قسم الاعداد والتدريب - تربية ميسان,done,,,,IQD,one,سلفة تشغلية,
إقامة دورات تدريبة للهئيات التعليمية والتدريسية بواقع 29 دورة,ge,الموارد البشرية,التوظيف والتدريب للمنتسبين,التوظيف والتدريب,منتسبو التعليم في المدرسة والمديريات,تدريب الملاكات الذين يشاركون في الدورات التدريبية ذات الصلة,percent,100.0,0.0,2026,2027,قسم الاعداد والتدريب - تربية ميسان,done,,,,IQD,one,سلفة تشغلية,
دورات إثرائية في سلامة اللغة العربية لموظفي التعليم المهني بواقع (4) دورات,ge,الموارد البشرية,التوظيف والتدريب للمنتسبين,التوظيف والتدريب,منتسبو التعليم في المدرسة والمديريات,تدريب الملاكات الذين يشاركون في الدورات التدريبية ذات الصلة,percent,100.0,,2025,2028,المديرية العامة للاعداد والتدريب,done,,,,IQD,one,عدم صرف اي اجور تخص الاستراتيجية / النصف الاول بسبب انعدام السيولة النقدية,تنفذ في الفصل الثاني من النصف الاول لعام 2026
دورات تطويرية في سلامة اللغة العربية لموظفي المديريات العامة لتربيات محافظة بغداد,ge,الموارد البشرية,التوظيف والتدريب للمنتسبين,التوظيف والتدريب,منتسبو التعليم في المدرسة والمديريات,تدريب الملاكات الذين يشاركون في الدورات التدريبية ذات الصلة,percent,100.0,,2024,2028,المديرية العامة للاعداد والتدريب,done,,,,IQD,one,عدم صرف اي اجور تخص الاستراتيجية / النصف الاول بسبب انعدام السيولة النقدية,
دورات مشروع تدريب في استراتيجيات الامن السيبراني لمديري المدارس ومعاهد الفنون الجميلة,ge,الموارد البشرية,التوظيف والتدريب للمنتسبين,التوظيف والتدريب,منتسبو التعليم في المدرسة والمديريات,تدريب الملاكات الذين يشاركون في الدورات التدريبية ذات الصلة,percent,100.0,,2025,2031,المديرية العامة للاعداد والتدريب,done,,,,IQD,one,عدم صرف اي اجور تخص الاستراتيجية / النصف الاول بسبب انعدام السيولة النقدية,
دورات عداد قادة تدريب في مجال حقوق الانسان,ge,الموارد البشرية,التوظيف والتدريب للمنتسبين,التوظيف والتدريب,منتسبو التعليم في المدرسة والمديريات,تدريب الملاكات الذين يشاركون في الدورات التدريبية ذات الصلة,percent,100.0,,2025,2031,المديرية العامة للاعداد والتدريب,done,,,,IQD,one,عدم صرف اي اجور تخص الاستراتيجية / النصف الاول بسبب انعدام السيولة النقدية,
دورات تدريبية في توظيف الذكاء الاصطناعي في تدريس الرياضيات لمدارس المتميزين,ge,الموارد البشرية,التوظيف والتدريب للمنتسبين,التوظيف والتدريب,منتسبو التعليم في المدرسة والمديريات,تدريب الملاكات الذين يشاركون في الدورات التدريبية ذات الصلة,percent,100.0,,2025,2031,المديرية العامة للاعداد والتدريب,done,,,,IQD,one,عدم صرف اي اجور تخص الاستراتيجية / النصف الاول بسبب انعدام السيولة النقدية,
"دورات مشروع توظيف الذكاء الاصطناعي في تدريس المواد العلمية (الفيزياء,الكيمياء,الاحياء) لمدارس المتميزين بغداد والمحافظات",ge,الموارد البشرية,التوظيف والتدريب للمنتسبين,التوظيف والتدريب,منتسبو التعليم في المدرسة والمديريات,تدريب الملاكات الذين يشاركون في الدورات التدريبية ذات الصلة,percent,100.0,,2025,2031,المديرية العامة للاعداد والتدريب,done,,,,IQD,one,عدم صرف اي اجور تخص الاستراتيجية / النصف الاول بسبب انعدام السيولة النقدية,تنفذ في الفصل الثالث من النصف الثاني لعام 2026
دورات مشروع تدريب على الاختبارات للمعلمين,ge,الموارد البشرية,التوظيف والتدريب للمنتسبين,التوظيف والتدريب,منتسبو التعليم في المدرسة والمديريات,تدريب الملاكات الذين يشاركون في الدورات التدريبية ذات الصلة,percent,100.0,,2025,2031,المديرية العامة للاعداد والتدريب,done,,,,IQD,one,عدم صرف اي اجور تخص الاستراتيجية / النصف الاول بسبب انعدام السيولة النقدية,
دورات مشروع تدريب استخدام التكنلوجيا في تقديم المحتوى الرقمي للمعلمين,ge,الموارد البشرية,التوظيف والتدريب للمنتسبين,التوظيف والتدريب,منتسبو التعليم في المدرسة والمديريات,تدريب الملاكات الذين يشاركون في الدورات التدريبية ذات الصلة,percent,100.0,13.0,2024,2031,المديرية العامة للاعداد والتدريب,done,,,,IQD,one,عدم صرف اي اجور تخص الاستراتيجية / النصف الاول بسبب انعدام السيولة النقدية,نفذت الدورة الاولى من بداية تنفيذ المشروع في الفصل الثاني من عام 2024 بواقع 20متدرب
دورات مشروع تدريب على الاختبارات الالكترونية للمدرسين,ge,الموارد البشرية,التوظيف والتدريب للمنتسبين,التوظيف والتدريب,منتسبو التعليم في المدرسة والمديريات,تدريب الملاكات الذين يشاركون في الدورات التدريبية ذات الصلة,percent,100.0,,2025,2031,المديرية العامة للاعداد والتدريب,done,,,,IQD,one,عدم صرف اي اجور تخص الاستراتيجية / النصف الاول بسبب انعدام السيولة النقدية,تنفذ في الفصل الثاني او النصف الثاني لعام 2026
دورات مشروع توظيف الذكاء الاصطناعي في تدريس العلوم للمرحلة الابتدائية,ge,الموارد البشرية,التوظيف والتدريب للمنتسبين,التوظيف والتدريب,منتسبو التعليم في المدرسة والمديريات,تدريب الملاكات الذين يشاركون في الدورات التدريبية ذات الصلة,percent,100.0,,2025,2031,المديرية العامة للاعداد والتدريب,done,,,,IQD,one,عدم صرف اي اجور تخص الاستراتيجية / النصف الاول بسبب انعدام السيولة النقدية,
"دورات مشروع توظيف الذكاء الاصطناعي في تدريس المواد العلمية (الفيزياء,الكيمياء,الاحياء) لمدارس الموهبين",ge,الموارد البشرية,التوظيف والتدريب للمنتسبين,التوظيف والتدريب,منتسبو التعليم في المدرسة والمديريات,تدريب الملاكات الذين يشاركون في الدورات التدريبية ذات الصلة,percent,100.0,,2025,2031,المديرية العامة للاعداد والتدريب,done,,,,IQD,one,عدم صرف اي اجور تخص الاستراتيجية / النصف الاول بسبب انعدام السيولة النقدية,تنفذ في الفصل الثاني او النصف الثاني لعام 2026
دورات مشروع تدريب استخدام التكنلوجيا في تقديم المحتوى الرقمي للمدرسين,ge,الموارد البشرية,التوظيف والتدريب للمنتسبين,التوظيف والتدريب,منتسبو التعليم في المدرسة والمديريات,تدريب الملاكات الذين يشاركون في الدورات التدريبية ذات الصلة,percent,100.0,,2025,2031,المديرية العامة للاعداد والتدريب,done,,,,IQD,one,عدم صرف اي اجور تخص الاستراتيجية / النصف الاول بسبب انعدام السيولة النقدية,
مشروع تدريبي تطويري لتوظيف الذكاء الاصطناعي في العلوم والبحوث للمشرفين الاختصاصي والتربوي,ge,الموارد البشرية,التوظيف والتدريب للمنتسبين,التوظيف والتدريب,منتسبو التعليم في المدرسة والمديريات,تدريب الملاكات الذين يشاركون في الدورات التدريبية ذات الصلة,percent,100.0,0.0,2026,2031,المديرية العامة للاعداد والتدريب,done,,,,IQD,one,عدم صرف اي اجور تخص الاستراتيجية / النصف الاول بسبب انعدام السيولة النقدية,
مشروع تدريب مدرسي الرياضيات للصف الثالث المتوسط,ge,الموارد البشرية,التوظيف والتدريب للمنتسبين,التوظيف والتدريب,منتسبو التعليم في المدرسة والمديريات,تدريب الملاكات الذين يشاركون في الدورات التدريبية ذات الصلة,percent,100.0,30.0,2024,2031,المديرية العامة للاعداد والتدريب,done,,,,IQD,one,عدم صرف اي اجور تخص الاستراتيجية / النصف الاول بسبب انعدام السيولة النقدية,تم ادراج مستهدفات 2024 و2025 ضمن الفصل الاول لعام 2026
مشروع تدريب المعلمين الجدد لمادة الرياضيات للصف السادس الابتدائي,ge,الموارد البشرية,التوظيف والتدريب للمنتسبين,التوظيف والتدريب,منتسبو التعليم في المدرسة والمديريات,تدريب الملاكات الذين يشاركون في الدورات التدريبية ذات الصلة,,1.0,0.3,2024,2031,المديرية العامة للاعداد والتدريب,done,,,,IQD,one,عدم صرف اي اجور تخص الاستراتيجية / النصف الاول بسبب انعدام السيولة النقدية,تم ادراج مستهدفات 2024 و2025 ضمن الفصل الاول لعام 2027
مشروع تدريب في سلامة اللغة العربية لموظفي معاهد الفنون الجميلة للمحافظات,ge,الموارد البشرية,التوظيف والتدريب للمنتسبين,التوظيف والتدريب,منتسبو التعليم في المدرسة والمديريات,تدريب الملاكات الذين يشاركون في الدورات التدريبية ذات الصلة,,1.0,0.0,2025,2028,المديرية العامة للاعداد والتدريب,done,,,,IQD,one,عدم صرف اي اجور تخص الاستراتيجية / النصف الاول بسبب انعدام السيولة النقدية,تم ادراج مستهدفات 2025 ضمن الفصل الاول لعام 2028
مشروع اعداد قادة تدريب على الاساليب الحديثة لادارة الموارد البشرية (TOT) وتصميم الحقائب التعليمية,ge,الموارد البشرية,التوظيف والتدريب للمنتسبين,التوظيف والتدريب,منتسبو التعليم في المدرسة والمديريات,تدريب الملاكات الذين يشاركون في الدورات التدريبية ذات الصلة,,1.0,,2025,2028,المديرية العامة للاعداد والتدريب,done,,,,IQD,one,عدم صرف اي اجور تخص الاستراتيجية / النصف الاول بسبب انعدام السيولة النقدية,تم ادراج مستهدفات 2025 ضمن الفصل الاول لعام 2029
دورات اعداد قادة تدريب في توظيف الذكاء الاصطناعي في مواد العلوم الاجتماعية,ge,الموارد البشرية,التوظيف والتدريب للمنتسبين,التوظيف والتدريب,منتسبو التعليم في المدرسة والمديريات,تدريب الملاكات الذين يشاركون في الدورات التدريبية ذات الصلة,percent,100.0,,2025,2030,المديرية العامة للاعداد والتدريب,done,,,,IQD,one,عدم صرف اي اجور تخص الاستراتيجية / النصف الاول بسبب انعدام السيولة النقدية,تنفذ في الفصل الرابع من النصف الثاني لعام 2026
دورات اعداد قادة تدريب في توظيف الذكاء الاصطناعي في تدريس الرياضيات للمرحلة الثانوية,ge,الموارد البشرية,التوظيف والتدريب للمنتسبين,التوظيف والتدريب,منتسبو التعليم في المدرسة والمديريات,تدريب الملاكات الذين يشاركون في الدورات التدريبية ذات الصلة,percent,100.0,,2025,2031,المديرية العامة للاعداد والتدريب,done,,,,IQD,one,عدم صرف اي اجور تخص الاستراتيجية / النصف الاول بسبب انعدام السيولة النقدية,
تدريب 150بدورات تثقيفية ادارية وتخصصية,ge,الموارد البشرية,التوظيف والتدريب للمنتسبين,التوظيف والتدريب,منتسبو التعليم في المدرسة والمديريات,تدريب الملاكات الذين يشاركون في الدورات التدريبية ذات الصلة,percent,100.0,0.0,2024,2025,قسم الاعداد والتدريب - تربية نينوى,done,12000000.0,,,IQD,one,تشغيلية,
تدريب 1262بدورات تثقيفية ادارية وتخصصية,ge,الموارد البشرية,التوظيف والتدريب للمنتسبين,التوظيف والتدريب,منتسبو التعليم في المدرسة والمديريات,تدريب الملاكات الذين يشاركون في الدورات التدريبية ذات الصلة,percent,100.0,0.0,2025,2025,قسم الاعداد والتدريب,done,12000000.0,,,IQD,one,تشغيلية,
1-ندوة عن الترابط بين حقوق الانسان والتعليم عدد(1) لكل سنة . 2-ورش شرح ظواهر الفساد وكيفية مكافحتها عدد(6) لكل سنة . 3-دورة شرح قانون انضباط موظفي الدولة عدد(1) لكل سنة,ge,الموارد البشرية,التوظيف والتدريب للمنتسبين,التوظيف والتدريب,منتسبو التعليم في المدرسة والمديريات,تدريب الملاكات الذين يشاركون في الدورات التدريبية ذات الصلة,percent,100.0,50.0,2023,2031,الفريق الساند لوزارة التربية في المديرية العامة للدراسة التركمانية لتطبيق الاستراتيجية الوطنية للنزاهة,done,,,,IQD,one,وزارة التربية,
دورات القيادة واللاتصال والدورات التنشيطية للمدراء والمعاونين,ge,الموارد البشرية,التوظيف والتدريب للمنتسبين,التوظيف والتدريب,منتسبو التعليم في المدرسة والمديريات,تدريب الملاكات الذين يشاركون في الدورات التدريبية ذات الصلة,percent,100.0,60.0,2024,2025,مديرية تربية ذي قار,done,155000000.0,155000000.0,,IQD,one,الموازنة الجارية,
الدورات التدريبية والتحكيمية,ge,الموارد البشرية,التوظيف والتدريب للمنتسبين,التوظيف والتدريب,منتسبو التعليم في المدرسة والمديريات,تدريب الملاكات الذين يشاركون في الدورات التدريبية ذات الصلة,percent,100.0,50.0,2024,2025,المديرية العامة للتربية الرياضية والنشاط المدرسي,done,,,,IQD,one,المديريات العامة للتربية في المحافظات اقسام النشاط الرياضي والمدرسي,
تدريب على استخدام التكنلوجيا وعلى الامن السيبراني والابتزاز الالكتروني,ge,الموارد البشرية,التوظيف والتدريب للمنتسبين,التوظيف والتدريب,منتسبو التعليم في المدرسة والمديريات,تدريب الملاكات الذين يشاركون في الدورات التدريبية ذات الصلة,percent,100.0,25.0,2024,2026,المديرية العامة للتخطيط التربوي / مركز المعلومات والاتصالات,done,0.0,0.0,0.0,IQD,one,,
تدريب على على الامن السيبراني والحماية من العنف الرقمي والابتزاز الالكتروني,ge,الموارد البشرية,التوظيف والتدريب للمنتسبين,التوظيف والتدريب,منتسبو التعليم في المدرسة والمديريات,تدريب الملاكات الذين يشاركون في الدورات التدريبية ذات الصلة,percent,100.0,0.0,2026,2028,المديرية العامة للتخطيط التربوي / مركز المعلومات والاتصالات,done,0.0,0.0,0.0,IQD,one,,
تدريب على ااستخدام التكنلوجيا وعلى الامن السيبراني والابتزاز الالكتروني,ge,الموارد البشرية,التوظيف والتدريب للمنتسبين,التوظيف والتدريب,منتسبو التعليم في المدرسة والمديريات,تدريب الملاكات الذين يشاركون في الدورات التدريبية ذات الصلة,percent,100.0,25.0,2024,2026,المديرية العامة للتخطيط التربوي / مركز المعلومات والاتصالات,done,0.0,0.0,0.0,IQD,one,,
إعداد تقارير واقع القوى العاملة وحركتها سنوياً لسنة 2024,ge,الموارد البشرية,التوظيف والتدريب للمنتسبين,التوظيف والتدريب,منتسبو التعليم في المدرسة والمديريات,تدريب الملاكات الذين يشاركون في الدورات التدريبية ذات الصلة,percent,100.0,0.0,2025,2026,م .ع. التخطيط التربوي - قسم التخطيط,done,0.0,0.0,0.0,IQD,one,,
إعداد تقارير واقع القوى العاملة وحركتها سنوياً لسنة 2025,ge,الموارد البشرية,التوظيف والتدريب للمنتسبين,التوظيف والتدريب,منتسبو التعليم في المدرسة والمديريات,تدريب الملاكات الذين يشاركون في الدورات التدريبية ذات الصلة,percent,100.0,0.0,2026,2027,م .ع. التخطيط التربوي - قسم التخطيط,done,0.0,0.0,0.0,IQD,one,,
إعداد تقارير واقع القوى العاملة وحركتها سنوياً لسنة 2023 وبلغ العدد الكلي لمنتسبي الوزارة (868423) منتسباً,ge,الموارد البشرية,التوظيف والتدريب للمنتسبين,التوظيف والتدريب,منتسبو التعليم في المدرسة والمديريات,تدريب الملاكات الذين يشاركون في الدورات التدريبية ذات الصلة,percent,100.0,50.0,2024,2025,م .ع. التخطيط التربوي - قسم التخطيط,done,0.0,0.0,0.0,IQD,one,,
اقامة دورات و ورش لمنتسبو التعليم في المدرسة (معلم او مدرس) والمديريات دورات سلامة اللغة العربية/ومكافحة الفساد للموظفين وتم اقامة دورات اساسيات الحاسوب للموظفين واقامة دورة تنسيق وطباعة المستندات word,ge,الموارد البشرية,التوظيف والتدريب للمنتسبين,التوظيف والتدريب,منتسبو التعليم في المدرسة والمديريات,تدريب الملاكات الذين يشاركون في الدورات التدريبية ذات الصلة,percent,100.0,0.0,2025,2026,قسم التخطيط التربوي,done,0.0,0.0,0.0,IQD,one,,
"اقامة دورات تدريبية: • تنظيم دورة تدريبية بعنوان ""استراتيجيات التدريس الحديثة (التعلم النشط)""، بهدف تعزيز مهارات التدريس الفعال وتوظيف أساليب تعليمية مبتكرة. • إلقاء محاضرات تخصصية ضمن دورة ""إعداد قادة تدريب على أنموذج (S.A.M.R) لدمج التقنية في تدريس الرياضيات""، لتعزيز التكامل بين المحتوى الرقمي والعمليات التعليمية. • إلقاء محاضرات في دورة تدريبية بعنوان ""توظيف الذكاء الاصطناعي في تدريس الرياضيات""، لدعم التوجه نحو التعليم الذكي والرقمي.• تنظيم دورة تدريبية لمشروع ""توظيف الذكاء الاصطناعي في تدريس المواد العلمية (فيزياء، كيمياء، أحياء)"" في مدارس المتميزين، لدعم بيئة تعليمية قائمة على التقنيات المتقدمة.",ge,الموارد البشرية,التوظيف والتدريب للمنتسبين,التوظيف والتدريب,منتسبو التعليم في المدرسة والمديريات,تدريب الملاكات الذين يشاركون في الدورات التدريبية ذات الصلة,count,1.0,0.0,2024,2025,قسم تطوير التعليم -مكتب الوزير,done,0.0,0.0,0.0,IQD,one,,
"· تنفيذ ورش وبرامج متخصصة في تطوير اللغة العربية وصياغة الكتب الرسمية، بهدف تعزيز المهارات اللغوية للموظفين. • تقديم ورش تدريبية حول توظيف الذكاء الاصطناعي في تدريس مادة الرياضيات. • ورشة ""أساسيات الذكاء الاصطناعي: الخوارزميات البسيطة والبرمجة"" لتعزيز بناء قدرات الموظفين في القسم • ورشة ""توظيف الذكاء الاصطناعي في التصحيح الآلي باستخدام تطبيق ""ZipGrade لتعزيز بناء قدرات الموظفين في القسم، • ورشة ""المعايير التخطيطية للخدمات التعليمية"" لتعزيز بناء قدرات الموظفين في القسم • ورشة ""How to be a good conversational teacher"" لتعزيز بناء قدرات الموظفين في القسم • ورشة ""تقويم تمرينات كتاب اللغة العربية للصف الأول المتوسط"" لتعزيز بناء قدرات الموظفين في القسم • ورشة ""الوسائل التعليمية بين الأصالة والمعاصرة"" لتعزيز بناء قدرات الموظفين في القسم • ورشة ""التعليم الريادي"" لتعزيز بناء قدرات الموظفين في القسم • ورشة ""تطوير المنهج"" لتعزيز بناء قدرات الموظفين في القسم",ge,الموارد البشرية,التوظيف والتدريب للمنتسبين,التوظيف والتدريب,منتسبو التعليم في المدرسة والمديريات,تدريب الملاكات الذين يشاركون في الدورات التدريبية ذات الصلة,count,1.0,0.0,2024,2025,قسم تطوير التعليم -مكتب الوزير,done,0.0,0.0,0.0,IQD,one,,
اقامة دورات تدريبية وتطويرية لمنتسبي التخطيط والادارة بواقع 10دوره في السنه,ge,الموارد البشرية,التوظيف والتدريب للمنتسبين,التوظيف والتدريب,منتسبو التخطيط والإدارة الاخرون,تدريب الملاكات الذين يشاركون في الدورات التدريبية ذات الصلة,percent,100.0,60.0,2024,2025,قسم الاعداد والتدريب - تربية الانبار,delayed,0.0,0.0,0.0,IQD,one,لايوجد,
ورشة تدريبية للخدمات الالكترونية,ge,الموارد البشرية,التوظيف والتدريب للمنتسبين,التوظيف والتدريب,منتسبو التخطيط والإدارة الاخرون,تدريب الملاكات الذين يشاركون في الدورات التدريبية ذات الصلة,percent,100.0,0.0,2025,2026,قسم بنك المعلومات - مديرية التعليم العام والاهلي والاجنبي,done,0.0,0.0,0.0,IQD,one,,
دورة تدريبية للخدمات الالكترونية,ge,الموارد البشرية,التوظيف والتدريب للمنتسبين,التوظيف والتدريب,منتسبو التخطيط والإدارة الاخرون,تدريب الملاكات الذين يشاركون في الدورات التدريبية ذات الصلة,percent,100.0,0.0,2025,2026,قسم بنك المعلومات - مديرية التعليم العام والاهلي والاجنبي,done,0.0,0.0,0.0,IQD,one,,
ورشة تدريبية للخدمات الالكترونية,ge,الموارد البشرية,التوظيف والتدريب للمنتسبين,التوظيف والتدريب,منتسبو التخطيط والإدارة الاخرون,تدريب الملاكات الذين يشاركون في الدورات التدريبية ذات الصلة,percent,100.0,0.0,2025,2026,قسم بنك المعلومات - مديرية التعليم العام والاهلي والاجنبي,delayed,0.0,0.0,0.0,IQD,one,,
دورة الترفيع للموظفين,ge,الموارد البشرية,التوظيف والتدريب للمنتسبين,التوظيف والتدريب,منتسبو التخطيط والإدارة الاخرون,تدريب الملاكات الذين يشاركون في الدورات التدريبية ذات الصلة,percent,100.0,93.0,2024,2025,قسم الاعداد والتدريب - تربية المثنى,done,3660000.0,,,IQD,one,,
دورة تدريبية تنشيطية لمنتسبي المدريرية وحسب الفئة الموظفين(كتاب) (لغرض الترقية والترفيع ) ولمدة 5 أيام (4 دورة )للفترة 2/ 1/ 2026 حتى 31/ 12 / 2031,ge,الموارد البشرية,التوظيف والتدريب للمنتسبين,التوظيف والتدريب,منتسبو التخطيط والإدارة الاخرون,تدريب الملاكات الذين يشاركون في الدورات التدريبية ذات الصلة,percent,100.0,0.0,2026,2031,المديرية العامة لتربية النجف/ قسم االاعداد والتدريب,done,,,,IQD,one,موازنة تشغلية,
دورة تدريبية تنشيطية لمنتسبي المدريرية وحسب الفئة للموظفين (لغرض الترفيع) ولمدة 14 يوم ) (3 دورة) للفترة من 2/ 1/ 2026 حتى 31/ 12/ 2031,ge,الموارد البشرية,التوظيف والتدريب للمنتسبين,التوظيف والتدريب,منتسبو التخطيط والإدارة الاخرون,تدريب الملاكات الذين يشاركون في الدورات التدريبية ذات الصلة,percent,100.0,0.0,2026,2031,المديرية العامة لتربية النجف/ قسم االاعداد والتدريب,done,,,,IQD,one,موازنة تشغلية,
دورة تدريبية تنشيطية لمنتسبي المدريرية وحسب الفئة للمعلمين الجامعين (لغرض التسريع) ولمدة 14 يوم ) (3 دورة) للفترة من 2/ 1/ 2026 حتى 31/ 12/ 2031,ge,الموارد البشرية,التوظيف والتدريب للمنتسبين,التوظيف والتدريب,منتسبو التخطيط والإدارة الاخرون,تدريب الملاكات الذين يشاركون في الدورات التدريبية ذات الصلة,percent,100.0,0.0,2026,2031,المديرية العامة لتربية النجف/ قسم االاعداد والتدريب,done,,,,IQD,one,موازنة تشغلية,
دورات مختلفة لكافة منتسبي المديرية (دورة لموظفي الخدمة في التربية والمدارس بلغ عدد المشتركين 1800 مشترك) و (دورة لموظفي ديوان التربية 14 يوم بلغ عدد المشتركين 47 مشترك) بدأت بتاريخ 2/4 ولغاية 2024/3/24,ge,الموارد البشرية,التوظيف والتدريب للمنتسبين,التوظيف والتدريب,منتسبو التخطيط والإدارة الاخرون,تدريب الملاكات الذين يشاركون في الدورات التدريبية ذات الصلة,percent,100.0,100.0,2024,2024,المديرية العامة لتربية النجف/ قسم االاعداد والتدريب,done,,,,IQD,one,ـــ,
دورة تدريبية تنشيطية لمنتسبي المدريرية وحسب الفئة الموظفين(كتاب) (لغرض الترقية والترفيع ) ولمدة 5 أيام (4 دورة )للفترة 2/ 1/ 2026 حتى 31/ 12 / 2031,ge,الموارد البشرية,التوظيف والتدريب للمنتسبين,التوظيف والتدريب,منتسبو التخطيط والإدارة الاخرون,تدريب الملاكات الذين يشاركون في الدورات التدريبية ذات الصلة,percent,100.0,,2026,2031,المديرية العامة لتربية النجف/ قسم االاعداد والتدريب,done,,,,IQD,one,,
دورة تدريبية تنشيطية لمنتسبي المدريرية وحسب الفئة للموظفين (لغرض الترفيع) ولمدة 14 يوم ) (3 دورة) للفترة من 2/ 1/ 2026 حتى 31/ 12/ 2031,ge,الموارد البشرية,التوظيف والتدريب للمنتسبين,التوظيف والتدريب,منتسبو التخطيط والإدارة الاخرون,تدريب الملاكات الذين يشاركون في الدورات التدريبية ذات الصلة,percent,100.0,,2026,2031,المديرية العامة لتربية النجف/ قسم االاعداد والتدريب,done,,,,IQD,one,,
دورة تدريبية تنشيطية لمنتسبي المدريرية وحسب الفئة للمعلمين الجامعين (لغرض التسريع) ولمدة 14 يوم ) (3 دورة) للفترة من 2/ 1/ 2026 حتى 31/ 12/ 2031,ge,الموارد البشرية,التوظيف والتدريب للمنتسبين,التوظيف والتدريب,منتسبو التخطيط والإدارة الاخرون,تدريب الملاكات الذين يشاركون في الدورات التدريبية ذات الصلة,percent,100.0,,2026,2031,المديرية العامة لتربية النجف/ قسم االاعداد والتدريب,done,,,,IQD,one,,
دورات مختلفة لكافة منتسبي المديرية (دورة لموظفي الخدمة في التربية والمدارس على مدار السنة 2025 وتم الفصل الاول انجاز هذه الدورة حيث بلغ عدد المشتركين ( 2100 مشترك) و (دورة لموظفي ديوان التربية 15 فعلية يوم بلغ عدد المشتركين 95 مشترك) بدأت بتاريخ 2/23 ولغاية 2025/3/7,ge,الموارد البشرية,التوظيف والتدريب للمنتسبين,التوظيف والتدريب,منتسبو التخطيط والإدارة الاخرون,نسبة,percent,100.0,,2025-02-23 00:00:00,2025-12-31 00:00:00,المديرية العامة لتربية النجف/ قسم االاعداد والتدريب,done,2700000.0,2700000.0,,IQD,one,تشغيلية,
إقامة دورات لمنتسبي المديرية والاقسام الفرعية في الاقضية للتخطيط والإدارة بعدد 72 دورة,ge,الموارد البشرية,التوظيف والتدريب للمنتسبين,التوظيف والتدريب,منتسبو التخطيط والإدارة الاخرون,تدريب الملاكات الذين يشاركون في الدورات التدريبية ذات الصلة,percent,100.0,40.0,2024,2025,تربية بابل,done,0.0,0.0,0.0,IQD,one,,
1-دورة القيادات الوسطى عدد(1)لكل سنة 2-ورشة عمل لمسؤولي متابعة الخطة السنوية عدد(1)لكل سنة 3-دورة الحوكمة الالكترونية عدد (1)لكل سنة 4- دورة تطويرية حاسبات لموظفي المديرية عدد(1) لكل سنة,ge,الموارد البشرية,التوظيف والتدريب للمنتسبين,التوظيف والتدريب,منتسبو التخطيط والإدارة الاخرون,تدريب الملاكات الذين يشاركون في الدورات التدريبية ذات الصلة,percent,100.0,50.0,2023,2031,المديرية العامة لاعداد المعلمين والتدريب والتطوير التربوي والمديرية العامة للتخطيط التربوي - الدراسة التركمانية,done,,,,IQD,one,وزارة التربية,
دورات تطويرية في مجال الادارة والتخطيط الاستراتيجي والحاسوب,ge,الموارد البشرية,التوظيف والتدريب للمنتسبين,التوظيف والتدريب,منتسبو التخطيط والإدارة الاخرون,تدريب الملاكات الذين يشاركون في الدورات التدريبية ذات الصلة,percent,100.0,60.0,2024,2025,مديرية تربية ذي قار,done,50000000.0,50000000.0,,IQD,one,الموازنة الجارية,
دورات ( ترفيع / قانون انضباط موظفي الدولة / مخاطبات رسمية ) 4267,ge,الموارد البشرية,التوظيف والتدريب للمنتسبين,التوظيف والتدريب,منتسبو التخطيط والإدارة الاخرون,تدريب الملاكات الذين يشاركون في الدورات التدريبية ذات الصلة,percent,100.0,12.0,2024,2031,قسم الاعداد والتدريب - تربية الرصافة الاولى,done,10000000.0,10000000.0,250001.0,IQD,one,موازنة تشغيلية,
دورات مختلفة لكافة منتسبي المديرية,ge,الموارد البشرية,التوظيف والتدريب للمنتسبين,التوظيف والتدريب,منتسبو التخطيط والإدارة الاخرون,تدريب الملاكات الذين يشاركون في الدورات التدريبية ذات الصلة,percent,100.0,,2026,2026,قسم الاعداد والتدريب - تربية الرصافة الثالثة,done,0.0,0.0,0.0,IQD,one,,
اقامة ورشةالاحصاء (الكراس الاحصائي)للتعليم الثانوي عدد (1) وشمول موظفي قسم التخطيط التربوي وحسب كتابنا المرقم 38225/8/2 في 2024/7/30,ge,الموارد البشرية,التوظيف والتدريب للمنتسبين,التوظيف والتدريب,منتسبو التخطيط والإدارة الاخرون,تدريب الملاكات الذين يشاركون في الدورات التدريبية ذات الصلة,percent,100.0,0.0,2024,2025,قسم التخطيط التربوي - تربية كرخ الاولى,done,0.0,0.0,0.0,IQD,one,,
اقامة ورشة عن كيفية اعداد الخطة السنوية ومتابعتها وإصدار التقارير وتحديد نسب الإنجاز والانحراف في قسم التخطيط التربوي وحسب كتابنا المرقم 38224/8/2 في 2024/7/30,ge,الموارد البشرية,التوظيف والتدريب للمنتسبين,التوظيف والتدريب,منتسبو التخطيط والإدارة الاخرون,تدريب الملاكات الذين يشاركون في الدورات التدريبية ذات الصلة,percent,100.0,0.0,2024,2025,قسم التخطيط التربوي - تربية كرخ الاولى,done,0.0,0.0,0.0,IQD,one,,
ورش تدريبية بواقع (80) ورشة,ge,الموارد البشرية,التوظيف والتدريب للمنتسبين,التوظيف والتدريب,منتسبو التخطيط والإدارة الاخرون,تدريب الملاكات الذين يشاركون في الدورات التدريبية ذات الصلة,percent,100.0,75.0,2024,2025,تربية الكرخ الثانية,done,0.0,0.0,0.0,IQD,one,0,
دورة الترقية والترفيع لموظفي الخدمة,ge,الموارد البشرية,التوظيف والتدريب للمنتسبين,التوظيف والتدريب,منتسبو التخطيط والإدارة الاخرون,تدريب الملاكات الذين يشاركون في الدورات التدريبية ذات الصلة,percent,100.0,50.0,2024,2025,وزارة التربية / المديرية العامة لاعداد المعلمين و التدريب و التطوير التربوي - تربية كرخ الثالثة,done,0.0,0.0,0.0,IQD,one,,
اقامة ورشة عمل بعنوان (أنواع الفساد الاداري),ge,الموارد البشرية,التوظيف والتدريب للمنتسبين,التوظيف والتدريب,منتسبو التخطيط والإدارة الاخرون,تدريب الملاكات الذين يشاركون في الدورات التدريبية ذات الصلة,percent,100.0,0.0,2025,2025,مركز البحوث والدراسات,done,0.0,0.0,0.0,IQD,one,,
اقامة ورشة عمل بعنوان (تنمية المهارات الادارية الاساسية),ge,الموارد البشرية,التوظيف والتدريب للمنتسبين,التوظيف والتدريب,منتسبو التخطيط والإدارة الاخرون,تدريب الملاكات الذين يشاركون في الدورات التدريبية ذات الصلة,percent,100.0,0.0,2024,2025,جميع المديريات العامة للتربية - مركز البحوث والدراسات,done,0.0,0.0,0.0,IQD,one,,
تدريب الملاكات بدورات ادارية وتخصصية,ge,الموارد البشرية,التوظيف والتدريب للمنتسبين,التوظيف والتدريب,منتسبو التخطيط والإدارة الاخرون,تدريب الملاكات الذين يشاركون في الدورات التدريبية ذات الصلة,percent,100.0,50.0,2024,2025,قسم الاعداد والتدريب - تربية نينوى,done,10000000.0,,,IQD,one,تشغيلية,
تدريب3208الملاكات بدورات ادارية وتخصصية,ge,الموارد البشرية,التوظيف والتدريب للمنتسبين,التوظيف والتدريب,منتسبو التخطيط والإدارة الاخرون,تدريب الملاكات الذين يشاركون في الدورات التدريبية ذات الصلة,percent,100.0,,2025,2025,قسم الاعداد والتدريب,done,10000000.0,,,IQD,one,تشغيلية,
إقامة دورات,ge,الموارد البشرية,التوظيف والتدريب للمنتسبين,التوظيف والتدريب,منتسبو التخطيط والإدارة الاخرون,تدريب الملاكات الذين يشاركون في الدورات التدريبية ذات الصلة,count,1.0,0.33,2024,2024,قسم التخطيط التربوي,done,,,,IQD,one,,
إقامة دورات تدريبة لموظفي قسم التخطيط,ge,الموارد البشرية,التوظيف والتدريب للمنتسبين,التوظيف والتدريب,منتسبو التخطيط والإدارة الاخرون,تدريب الملاكات الذين يشاركون في الدورات التدريبية ذات الصلة,percent,100.0,0.0,2025,2027,قسم الاعداد والتدريب - تربية ميسان,done,0.0,0.0,0.0,IQD,one,لايوجد تمويل,
اقامة دورات حسب الخطة التدريبية للملاكات التربوية والتدريسية والادارية,ge,الموارد البشرية,التوظيف والتدريب للمنتسبين,التوظيف والتدريب,منتسبو التخطيط والإدارة الاخرون,تدريب الملاكات الذين يشاركون في الدورات التدريبية ذات الصلة,percent,100.0,0.0,2025,2028,قسمم الاعداد والتدريب + قسم التعليم العام والملاك - تربية كربلاء,done,0.0,0.0,0.0,IQD,one,,ينفذ المشروع سنة 2025
ورش تدريبية متعددة,ge,الموارد البشرية,التوظيف والتدريب للمنتسبين,التوظيف والتدريب,منتسبو التخطيط والإدارة الاخرون,تدريب الملاكات الذين يشاركون في الدورات التدريبية ذات الصلة,percent,100.0,0.0,2025,2026,تربية القادسية,done,0.0,0.0,0.0,IQD,one,,
استلام وتدقيق ورفع درجات التقييم الخاصة بالكادر التعليمي والاعتراضات,ge,الموارد البشرية,التوظيف والتدريب للمنتسبين,التوظيف والتدريب,تقييم الاداء للكادر التعليمي,رفع مستوى الكادر التعليمي من خلال تعزيز نقاط القوة ومعالجة نقاط الضعف,,1.0,0.0,2026,2026,شعبة إدارة الجودة والتطوير المؤسسي,stopped,,,,IQD,one,,
اقامة ورش دليل الجودة,ge,الموارد البشرية,التوظيف والتدريب للمنتسبين,التوظيف والتدريب,ورش دليل الجودة,لمعرفة معايير الجودة والخطة التطويرية,,1.0,0.0,2026,2026,شعبة إدارة الجودة والتطوير المؤسسي,done,,,,IQD,one,,
استلام وتدقيق ورفع درجات التقييم الخاصة بالكادر الاداري والاعتراضات,ge,الموارد البشرية,التوظيف والتدريب للمنتسبين,التوظيف والتدريب,تقييم الاداء للكادر الاداري,رفع مستوى الكادر الاداري من خلال تعزيز نقاط القوة ومعالجة نقاط الضعف,,1.0,0.0,2026,2026,شعبة إدارة الجودة والتطوير المؤسسي,stopped,,,,IQD,one,,
اقامة ورش نشر ثقافة النزاهة ومكافحة الفساد,ge,الموارد البشرية,التوظيف والتدريب للمنتسبين,التوظيف والتدريب,ورش لجنة الفريق الساند لتطبيق الاستراتيجية الوطنية للنزاهة ومكافحة الفساد,للسعي لمكافحة ظواهر ومخاطر الفساد وتطبيق القوانين والانظمة والتعليمات التي تحد منه,,1.0,0.0,2026,2026,شعبة إدارة الجودة والتطوير المؤسسي,done,,,,IQD,one,,
ورش مدراء المدارس استمارات تقييم الاداء الوظيفي للإداريين,ge,الموارد البشرية,التوظيف والتدريب للمنتسبين,التوظيف والتدريب,ورش تقييم الاداء الوظيفي للاداريين,تدريبهم على كيفية استخدام استمارات التقييم,,1.0,0.0,2026,2026,شعبة إدارة الجودة والتطوير المؤسسي,stopped,,,,IQD,one,,
دورة تدريبية للمدراء ومعاونين المدارس الثانوي والابتدائي ( برنامج الاعتماد المدرسي) (8 دورات) ما بين ثانوي وابتدائي بتاريخ 2/ 1/ 2026 حتى 30/ 12/ 2031,ge,الموارد البشرية,التوظيف والتدريب للمنتسبين,التوظيف والتدريب,تدريب المدراء ومعاونين الثانوني والابتدائي,تدريب الملاكات الذين يشاركون في الدورات التدريبية ذات الصلة,percent,100.0,0.0,2026,2031,المديرية العامة لتربية النجف/ قسم االاعداد والتدريب,delayed,,,,IQD,one,موازنة تشغلية,سيتم تنفيذ ما تبقي من الدورة في الفصل الثالث والرابع
استحداث اجراءات ومسارات لقبول الطلبة المتسربين من التعليم العام( الطلبة المتلكئين),tv,الالتحاق العادل بالتعليم والتدريب المهني والتقني,"ضمان مسارات مرنة للتعليم والتدريب المهني والتقني, خاصة للفتيات والشباب خارج المدرسة والمتعلمين من ذوي الاحتياجات الخاصة",المسارات المرنة,توسيع المسارات التعليمية لمؤسسات التعليم والتدريب المهني والتقني وتسهيل انتقال الطلاب بين هذه المؤسسات.,زيادة معدلات الانتقال الى المدارس المهنية,percent,100.0,100.0,2024,2025,المديرية العامة للتعليم المهني,done,0.0,0.0,0.0,IQD,one,,
دراسة مدى الاستفادة من انتقال الطلبة الى المهني وفق تعليمات المتلكئين,tv,الالتحاق العادل بالتعليم والتدريب المهني والتقني,"ضمان مسارات مرنة للتعليم والتدريب المهني والتقني, خاصة للفتيات والشباب خارج المدرسة والمتعلمين من ذوي الاحتياجات الخاصة",المسارات المرنة,توسيع المسارات التعليمية لمؤسسات التعليم والتدريب المهني والتقني وتسهيل انتقال الطلاب بين هذه المؤسسات.,زيادة معدلات الانتقال الى المدارس المهنية,percent,100.0,0.0,2025,2026,قسم شؤون الطلبة - التعليم المهني,done,0.0,0.0,0.0,IQD,one,,
وضع وتطبيق سياسات لتعزيز الشمولية والالتحاق المتكافيء في عدد من اعدايات التعليم المهني,tv,الالتحاق العادل بالتعليم والتدريب المهني والتقني,"ضمان مسارات مرنة للتعليم والتدريب المهني والتقني, خاصة للفتيات والشباب خارج المدرسة والمتعلمين من ذوي الاحتياجات الخاصة",المسارات المرنة,تصميم وانشاء تخصصات جديدة وبرامج تعليمية وتدريبية لتعزيزالتحاق الفتيات وذوي الاحتياجات الخاصة والمتسربين.,زيادة معدلات الانتقال الى المدارس المهنية,percent,100.0,100.0,2023,2024,قسم شؤون الطلبة,done,0.0,0.0,0.0,IQD,one,,
فتح اختصاصات جديدة لمواكبة سوق العمل مع تطوير الاختصاصات الخاصة بالفتيات (التربية الاسرية),tv,الالتحاق العادل بالتعليم والتدريب المهني والتقني,"ضمان مسارات مرنة للتعليم والتدريب المهني والتقني, خاصة للفتيات والشباب خارج المدرسة والمتعلمين من ذوي الاحتياجات الخاصة",المسارات المرنة,تصميم وانشاء تخصصات جديدة وبرامج تعليمية وتدريبية لتعزيزالتحاق الفتيات وذوي الاحتياجات الخاصة والمتسربين.,زيادة معدلات الانتقال الى المدارس المهنية,percent,100.0,6.0,2024,2031,شعبة الدراسات الفنية +قسم الشؤون العلمية,done,0.0,0.0,0.0,IQD,one,,
افتتاح مدارس مهنية مسائية للبنات,tv,الالتحاق العادل بالتعليم والتدريب المهني والتقني,"ضمان مسارات مرنة للتعليم والتدريب المهني والتقني, خاصة للفتيات والشباب خارج المدرسة والمتعلمين من ذوي الاحتياجات الخاصة",المسارات المرنة,وضع الاجراءات والمسارات لقبول المتسربين من التعليم من مؤسسات التعليم والتدريب المهني والتقني وادراجهم في برامج التدريب.,زيادة معدلات الانتقال الى المدارس المهنية,percent,100.0,50.0,2024,2024,شعبة الدراسات الفنية,done,0.0,0.0,0.0,IQD,one,,
افتتاح مدارس مهنية صباحية و مسائية جديدة,tv,الالتحاق العادل بالتعليم والتدريب المهني والتقني,"ضمان مسارات مرنة للتعليم والتدريب المهني والتقني, خاصة للفتيات والشباب خارج المدرسة والمتعلمين من ذوي الاحتياجات الخاصة",المسارات المرنة,وضع الاجراءات والمسارات لقبول المتسربين من التعليم من مؤسسات التعليم والتدريب المهني والتقني وادراجهم في برامج التدريب.,زيادة معدلات الانتقال الى المدارس المهنية,percent,100.0,0.0,2025,2026,شعبة الدراسات الفنية,done,,,,IQD,one,,
وضع تعليمات متكاملة لنظم ومسارات قبول ذوي الاحتياجات الخاصة,tv,الالتحاق العادل بالتعليم والتدريب المهني والتقني,"ضمان مسارات مرنة للتعليم والتدريب المهني والتقني, خاصة للفتيات والشباب خارج المدرسة والمتعلمين من ذوي الاحتياجات الخاصة",المسارات المرنة,انشاء انظمة ومسارات لقبول ذوي الاحتياجات الخاصة في التخصصات التي تتيح لهم الحصول على فرص عمل مناسبة.,زيادة معدلات الانتقال الى المدارس المهنية,percent,100.0,100.0,2023,2024,قسم شؤون الطلبة,done,0.0,0.0,0.0,IQD,one,,
استحداث اجراءات ومسارات لقبول الطلبة المتسربين من التعليم العام( الطلبة المتلكئين),tv,الالتحاق العادل بالتعليم والتدريب المهني والتقني,"ضمان مسارات مرنة للتعليم والتدريب المهني والتقني, خاصة للفتيات والشباب خارج المدرسة والمتعلمين من ذوي الاحتياجات الخاصة",المسارات المرنة,توسيع المسارات التعليمية لمؤسسات التعليم والتدريب المهني والتقني وتسهيل انتقال الطلاب بين هذه المؤسسات.,زيادة معدلات الانتقال الى المدارس المهنية,percent,100.0,25.0,2023,2025,المديرية العامة للتعليم المهني,done,0.0,0.0,0.0,IQD,one,,
التهيئة والاعداد لخلق مراكز التطوير الوظيفي ريادية,tv,الالتحاق العادل بالتعليم والتدريب المهني والتقني,تقديم التوجيه والارشاد وفق احتياجات سوق العمل وزيادة وعي المجتمع بدور التعليم والتدريب المهني والتقني,رفع مستوى الوعي والتوجيه والارشاد,تطوير خدمات التوجيه والارشاد في جميع المراحل لا سيما في مراحل التعليم الاساسي لتقديم مؤسسات التعليم والتدريب المهني والتقني والمهن الناتجة عنها,زيادة معدلات الانتقال من المدارس المهنية والمدارس الاكاديمية الى الكليات التقنية,percent,100.0,60.0,2023,2024,اليونسكو,done,0.0,0.0,0.0,IQD,one,منظمة اليونسكو,
تحسين روابط سوق العمل من خلال مراكز التطوير المهني والمجالس القطاعية,tv,الالتحاق العادل بالتعليم والتدريب المهني والتقني,تقديم التوجيه والارشاد وفق احتياجات سوق العمل وزيادة وعي المجتمع بدور التعليم والتدريب المهني والتقني,رفع مستوى الوعي والتوجيه والارشاد,تطوير خدمات التوجيه والارشاد في جميع المراحل لا سيما في مراحل التعليم الاساسي لتقديم مؤسسات التعليم والتدريب المهني والتقني والمهن الناتجة عنها,زيادة معدلات الانتقال من المدارس المهنية والمدارس الاكاديمية الى الكليات التقنية,percent,100.0,30.0,2023,2026,منظمة اليونسكو بالتنسيق مع المديرية العامة للعلاقات الثقافية,done,6600000.0,6600000.0,0.0,IQD,one,لوكالة الكورية للتعاون الدولي KOICA,نود الاشارة ان المشروع يشمل وزارتي التربية / المديرية العامة للتربية في محافظة نينوى والعمل ووزارة العمل والشؤون الاجتماعية كجهات مستفيدة
مشروع الخبرة الميدانية يتم تنفيذه من خلال تنظيم مشاهدات علمية للطلبة في مؤسسات تمتلك مراكز متكاملة للاجهزة والمعدات الخاصة بكل اختصاص و كلا حسب اختصاصه,tv,الالتحاق العادل بالتعليم والتدريب المهني والتقني,تقديم التوجيه والارشاد وفق احتياجات سوق العمل وزيادة وعي المجتمع بدور التعليم والتدريب المهني والتقني,رفع مستوى الوعي والتوجيه والارشاد,تطوير خدمات التوجيه والارشاد في جميع المراحل لا سيما في مراحل التعليم الاساسي لتقديم مؤسسات التعليم والتدريب المهني والتقني والمهن الناتجة عنها,عدد المستفيدين,percent,100.0,0.0,2026,2031,قسم شؤون الطلبة(شعبة النشاط الرياضي),done,,,,IQD,one,,
اعداد دراسة لانشاء برنامج توجيه مهني خاص بالطلبة الملتحقين بالتعليم المهني,tv,الالتحاق العادل بالتعليم والتدريب المهني والتقني,تقديم التوجيه والارشاد وفق احتياجات سوق العمل وزيادة وعي المجتمع بدور التعليم والتدريب المهني والتقني,رفع مستوى الوعي والتوجيه والارشاد,تطوير خدمات التوجيه والارشاد في جميع المراحل لا سيما في مراحل التعليم الاساسي لتقديم مؤسسات التعليم والتدريب المهني والتقني والمهن الناتجة عنها,زيادة معدلات الانتقال من المدارس المهنية والمدارس الاكاديمية الى الكليات التقنية,percent,100.0,0.0,2025,2027,شعبة الجودة + منظمة اليونسكو,done,0.0,0.0,0.0,IQD,one,منظمات,
اعداد دراسة للتطوير الوظيفي للتعليم المهني,tv,الالتحاق العادل بالتعليم والتدريب المهني والتقني,تقديم التوجيه والارشاد وفق احتياجات سوق العمل وزيادة وعي المجتمع بدور التعليم والتدريب المهني والتقني,رفع مستوى الوعي والتوجيه والارشاد,تطوير مراكز التطوير الوظيفي,زيادة معدلات الانتقال من المدارس المهنية والمدارس الاكاديمية الى الكليات التقنية,percent,100.0,0.0,2025,2027,شعبة الجودة + منظمة اليونسكو,done,0.0,0.0,0.0,IQD,one,منظمات,
مشروع ريادة يتم تدريب طلبة الصف الثاني في الاعداديات المهنية ورفع مستوى وعيهم على تأسيس مشاريع صغيرة مدرة للدخل,tv,الالتحاق العادل بالتعليم والتدريب المهني والتقني,تقديم التوجيه والارشاد وفق احتياجات سوق العمل وزيادة وعي المجتمع بدور التعليم والتدريب المهني والتقني,رفع مستوى الوعي والتوجيه والارشاد,بناء برامج قروض صغيرة مدرة للدخل لخريجي مؤسسات التعليم والتدريب المهني والتقني,مراحل أنجاز المشروع,percent,100.0,0.0,2024,2024,قسم التدريب,done,,,,IQD,one,مكتب رئيس مجلس الوزراء / مديرية الريادة والتمييز,ان مشروع ريادة مستمر واصبح جزء لايتجزأ من العملية التربوية اذ يتم تدريب طلاب الصف الثاني من كل سنة وبعد اكمال التدريب يتم تقديم المشاريع التي يرغبون باقامتها ان كان يرغب بذلك كون الطالب له حريه تقديم مشروع من عدمه بعد ذلك توجد قنوات خاصة رسمية لاعطاء القروض يتم تحديد هذه القنوات من قبل مديرية الريادة والتمييز كالمصارف ووزارة العمل والشؤون الاجتماعية.
تفعيل وتدريب لجان الجذب,tv,الالتحاق العادل بالتعليم والتدريب المهني والتقني,تقديم التوجيه والارشاد وفق احتياجات سوق العمل وزيادة وعي المجتمع بدور التعليم والتدريب المهني والتقني,رفع مستوى الوعي والتوجيه والارشاد,تعزيز وعي المجتمع باهمية التعليم والتدريب المهني والتقني ودور المراة في سوق العمل من خلال حملات التوعية,زيادة معدلات الانتقال والقبول الى المدارس المهنية,percent,100.0,0.0,2024,2025,قسم الاشراف + شعبة الاعلام + قسم التدريب,done,0.0,0.0,0.0,IQD,one,,
تفعيل ورشة لتأهيل وصناعة الرحلات لسد حاجة الاعداديات المهنية,tv,الكفاءة الداخلية,"تعزيز البنى التحتية للتعليم والتدريب المهني والتقني (مباني, مختبرات, فصول دراسية, ملاعب, انترنيت)",البنية التحتية,تعزيز الادارة المركزية المعنية باعادة اعمار وصيانة واعادة تاهيل البنى التحتية لجميع مؤسسالت التعليم والتدريب المهني والتقني (معالجة الكفاءة),الاحتياجات التدريبية للموظفين الاداريين ومدربي التعليم والتدريب التقني والمهني( الناتجة عن تقييمات الاداء السنوية),percent,100.0,40.0,2023,2025,اعداديات الصناعة\ اختصاص نجارة,done,,,,IQD,one,صندوق التربية,
مشروع استرداد الأصول المهنية للحفاظ على المال العام,tv,الكفاءة الداخلية,"تعزيز البنى التحتية للتعليم والتدريب المهني والتقني (مباني, مختبرات, فصول دراسية, ملاعب, انترنيت)",البنية التحتية,تعزيز الادارة المركزية المعنية باعادة اعمار وصيانة واعادة تاهيل البنى التحتية لجميع مؤسسالت التعليم والتدريب المهني والتقني (معالجة الكفاءة),عدد المباني او العقارات التي تم استردادها ونقل ملكيتها الى المديرية العامة للتعليم المهني,percent,100.0,,2026,2031,قسم الأملاك والأراضي,done,,,,IQD,one,,
مشروع إزالة التجاوزات من الأراضي المهنية للحفاظ على هدر المال العام والتي تم التجاوز عليها من قبل جهات خارجية,tv,الكفاءة الداخلية,"تعزيز البنى التحتية للتعليم والتدريب المهني والتقني (مباني, مختبرات, فصول دراسية, ملاعب, انترنيت)",البنية التحتية,تعزيز الادارة المركزية المعنية باعادة اعمار وصيانة واعادة تاهيل البنى التحتية لجميع مؤسسالت التعليم والتدريب المهني والتقني (معالجة الكفاءة),عدد التجاوزات التي تم ازالتها,percent,100.0,,2026,2031,قسم الأملاك والأراضي,done,,,,IQD,one,,
دراسة تقويمية لمدى الاستفادة من مراكز التميز المهنية (4),tv,الكفاءة الداخلية,"تعزيز البنى التحتية للتعليم والتدريب المهني والتقني (مباني, مختبرات, فصول دراسية, ملاعب, انترنيت)",البنية التحتية,انشاء وتجهيز مراكز التميز في مؤسسات التعليم والتدريب المهني والتقني بمشاركة اصحاب الاعمال لخدمة القطاعات الاستراتيجية,انخفاض معدل التسرب في المدارس المهنية,percent,100.0,0.0,2025,2027,شعبة الجودة + منظمة اليونسكو,done,0.0,0.0,0.0,IQD,one,منظمات,
اعداد الوصف الوظيفي للتعليم المهني,tv,الكفاءة الداخلية,تعزيز الاطار المؤسسي لضمان جودة التعليم والتدريب وانشاء نظام ومعايير لكفاءة التدريسيين والمدربين والمشرفين ضمن اطار الجودة المعتمد.,وضع التشريعات والاجراءات والانظمة لتحسين الجودة,تحديث التوصيفات الوظيفية للعاملين في المناصب الادارية والتنسيقية ومطابقتها مع ملفات تعريف الموظفين الحالية لتحديد الثغرات واحتياجات التدريب وما الى ذلك,الاحتياجات التدريبية للموظفين الاداريين ومدربي التعليم والتدريب التقني والمهني( الناتجة عن تقييمات الاداء السنوية),percent,100.0,0.0,2025,2031,شعبة الجودة + قسم الشؤون الادارية,done,0.0,0.0,0.0,IQD,one,,
دراسة مسودة مشروع قانون المجلس الاعلى للتعليم والتدريب التقني والمهني,tv,الكفاءة الداخلية,تعزيز الاطار المؤسسي لضمان جودة التعليم والتدريب وانشاء نظام ومعايير لكفاءة التدريسيين والمدربين والمشرفين ضمن اطار الجودة المعتمد.,وضع التشريعات والاجراءات والانظمة لتحسين الجودة,تنفيذ الاطار الوطني للمؤهلات,الاحتياجات التدريبية للموظفين الاداريين ومدربي التعليم والتدريب التقني والمهني( الناتجة عن تقييمات الاداء السنوية),percent,100.0,10.0,2024,2030,المدير العام,done,0.0,0.0,0.0,IQD,one,,
اعداد برنامج تدريبي لبناء قدرات التعليم المهني باستخدام التدريب عن بعد,tv,الكفاءة الداخلية,تعزيز الاطار المؤسسي لضمان جودة التعليم والتدريب وانشاء نظام ومعايير لكفاءة التدريسيين والمدربين والمشرفين ضمن اطار الجودة المعتمد.,البنى التحتية واستخدام التكنولوجيا,انشاء برنامج لبناء قدرات المدربين في التعليم عن بعد ورقمنه المحتوى التربوي والتدريب,الاحتياجات التدريبية للموظفين الاداريين ومدربي التعليم والتدريب التقني والمهني( الناتجة عن تقييمات الاداء السنوية),percent,100.0,50.0,2024,2025,قسم التدريب -المديرية العامة للتعليم المهني,done,0.0,0.0,0.0,IQD,one,,
اعداد دراسة لتحويل بعض مفردات الكتاب المنهجي الى مادة رقمية ( فيديو تعليمي),tv,الجودة والكفاءة الخارجية,ضمان جودة مواد التعليم والتعلم والمناهج وطرائق التقويم وعمليات ضمان التطوير المستمر لخدمات التعليم التقني والتدريب المهني.,المناهج والمواد التدريبية وتحقيق الاعتمادية,رقمنة المواد والمحتوى تطوير منصات والية التعلم عن بعد,نسبة مواد التعليم والتدريب التقني والمهني التي تقدم للطلاب تدريبات قائمة على العمل,percent,100.0,15.0,2024,2027,قسم الشؤون العلمية,done,0.0,0.0,0.0,IQD,one,,
تحديث المناهج في عدد من الاعداديات المهنية (مراكز التميز)وصياغتها وفق منهج قائم على الكفاءة.,tv,الجودة والكفاءة الخارجية,ضمان جودة مواد التعليم والتعلم والمناهج وطرائق التقويم وعمليات ضمان التطوير المستمر لخدمات التعليم التقني والتدريب المهني.,المناهج والمواد التدريبية وتحقيق الاعتمادية,تطوير منهج قائم على الكفاءة في المدارس المهنية وتقديم تدريب قائم على العمل,نسبة مواد التعليم والتدريب التقني والمهني التي تقدم للطلاب تدريبات قائمة على العمل,percent,100.0,100.0,2023,2025,منظمة يونسكو,done,0.0,0.0,0.0,IQD,one,,
اعداد دراسة لاستخدام الوسائل الحديثة (الالكترونية) لتقويم اداء المدرسين والموظفين,tv,الجودة والكفاءة الخارجية,ضمان جودة مواد التعليم والتعلم والمناهج وطرائق التقويم وعمليات ضمان التطوير المستمر لخدمات التعليم التقني والتدريب المهني.,المناهج والمواد التدريبية وتحقيق الاعتمادية,مراجعة اجراءات التقويم,نسبة مواد التعليم والتدريب التقني والمهني التي تقدم للطلاب تدريبات قائمة على العمل,percent,100.0,0.0,2025,2027,شعبة الجودة + قسم الاشراف,done,0.0,0.0,0.0,IQD,one,,
تطوير مهارات الباحثين من حملة الشهادات العليا في التعليم المهني,tv,الجودة والكفاءة الخارجية,ضمان جودة مواد التعليم والتعلم والمناهج وطرائق التقويم وعمليات ضمان التطوير المستمر لخدمات التعليم التقني والتدريب المهني.,المناهج والمواد التدريبية وتحقيق الاعتمادية,تطوير نظام البحث العلمي بهدف تطوير التعليم والتدريب المهني والتقني,زيادة عدد المستفيدين,percent,100.0,6.0,2024,2031,شعبة التخطيط + الموظفين حملة الشهادات العليا,done,0.0,0.0,0.0,IQD,one,,
تدريب ملاكات اعداديات مراكز التميز.,tv,الجودة والكفاءة الخارجية,تعزيز مهارات المدربين والعاملين في مجال التعليم والكفاءة المهنية ضمن اطار ومعايير الجودة الشاملة,بناء قدرات المدربين والموظفين العاملين في ادارة التعليم,توفير تدريب جيد قبل الخدمة واثناءها لمعلمي ومدربي التعليم التقني والتدريب المهني,اعتماد مؤسسات التعليم والتدريب التقني والمهني بناءً على نتائج الاعتماد المرتبط بالإطار الوطني للمؤهلات,percent,100.0,50.0,2022,2024,منظمة اليونسكو,done,0.0,0.0,0.0,IQD,one,منظمة اليونسكو,
التأهيل والتدريب الوظيفي الالماني (برنامج مسعى )لبعض الاختصاصات(كهرباء/ضيافة/زراعة) لعدد من الاعداديات المهنية,tv,الجودة والكفاءة الخارجية,تعزيز مهارات المدربين والعاملين في مجال التعليم والكفاءة المهنية ضمن اطار ومعايير الجودة الشاملة,بناء قدرات المدربين والموظفين العاملين في ادارة التعليم,توفير تدريب جيد قبل الخدمة واثناءها لمعلمي ومدربي التعليم التقني والتدريب المهني,اعتماد مؤسسات التعليم والتدريب التقني والمهني بناءً على نتائج الاعتماد المرتبط بالإطار الوطني للمؤهلات,percent,100.0,100.0,2023,2024,منظمة GIZ الالمانية,done,0.0,0.0,0.0,IQD,one,منظمة GIZ الالمانية,
تدريب ملاكات الاعداديات الزراعية على طرق زراعة الفطر والاسمدة العضوية والاعلاف والزراعة المائية,tv,الجودة والكفاءة الخارجية,تعزيز مهارات المدربين والعاملين في مجال التعليم والكفاءة المهنية ضمن اطار ومعايير الجودة الشاملة,بناء قدرات المدربين والموظفين العاملين في ادارة التعليم,توفير تدريب جيد قبل الخدمة واثناءها لمعلمي ومدربي التعليم التقني والتدريب المهني,اعتماد مؤسسات التعليم والتدريب التقني والمهني بناءً على نتائج الاعتماد المرتبط بالإطار الوطني للمؤهلات,percent,100.0,50.0,2023,2024,منظمة COWATER مشروع ازدهارك,done,0.0,0.0,0.0,IQD,one,منظمة COWATER مشروع ازدهارك,
برنامج بناء قدرات المعلمين والمدربين,tv,الجودة والكفاءة الخارجية,تعزيز مهارات المدربين والعاملين في مجال التعليم والكفاءة المهنية ضمن اطار ومعايير الجودة الشاملة,بناء قدرات المدربين والموظفين العاملين في ادارة التعليم,توفير تدريب جيد قبل الخدمة واثناءها لمعلمي ومدربي التعليم التقني والتدريب المهني,تعزيز مهارات المعلمين والمدربين,percent,100.0,7.0,2024,2031,قسم التدريب -المديرية العامة للتعليم المهني,done,0.0,0.0,0.0,IQD,one,,
تنفيذ برنامج تدريبي لبناء وتأهيل متخصصين في اعداد البرامج التدريبية,tv,الجودة والكفاءة الخارجية,تعزيز مهارات المدربين والعاملين في مجال التعليم والكفاءة المهنية ضمن اطار ومعايير الجودة الشاملة,بناء قدرات المدربين والموظفين العاملين في ادارة التعليم,تدريب مطوري المناهج,تعزيز مهارات المعلمين والمدربين,percent,100.0,0.0,2025,2028,قسم التدريب -المديرية العامة للتعليم المهني,done,0.0,0.0,0.0,IQD,one,,
تنفيذ برنامج تدريبي لبناء قدرات التعليم المهني باستخدام التدريب عن بعد,tv,الجودة والكفاءة الخارجية,تعزيز مهارات المدربين والعاملين في مجال التعليم والكفاءة المهنية ضمن اطار ومعايير الجودة الشاملة,بناء قدرات المدربين والموظفين العاملين في ادارة التعليم,تدريب المدربين على التعليم عن بعد والمحتوى التربوي الرقمي والتدريبي,تعزيز مهارات المعلمين والمدربين,percent,100.0,100.0,2024,2025,قسم التدريب -المديرية العامة للتعليم المهني,done,0.0,0.0,0.0,IQD,one,,
اعداد ووضع معايير وفق الاسس العلمية في اختيار المدربين (معايير مهنية ومعايير شخصية),tv,الجودة والكفاءة الخارجية,تعزيز مهارات المدربين والعاملين في مجال التعليم والكفاءة المهنية ضمن اطار ومعايير الجودة الشاملة,بناء قدرات المدربين والموظفين العاملين في ادارة التعليم,مراجعة معايير اختيار المدربين (الموارد البشرية),تعزيز مهارات المعلمين والمدربين,percent,100.0,0.0,2025,2026,قسم التدريب -المديرية العامة للتعليم المهني,done,0.0,0.0,0.0,IQD,one,,
تنفيذ برنامج تدريبي للهيئات المسؤولة عن التدريب,tv,الجودة والكفاءة الخارجية,تعزيز مهارات المدربين والعاملين في مجال التعليم والكفاءة المهنية ضمن اطار ومعايير الجودة الشاملة,بناء قدرات المدربين والموظفين العاملين في ادارة التعليم,تطوير الهيئات المسؤولة عن تدريب وتأهيل المدربين والموجهين لمؤسسات التعليم ولتدريب المهني والتقني.,تعزيز مهارات المعلمين والمدربين,percent,100.0,0.0,2025,2028,قسم التدريب -المديرية العامة للتعليم المهني,done,0.0,0.0,0.0,IQD,one,,
اعداد دراسة ميدانية لحاجة سوق العمل للاختصاصات الجديدة,tv,الجودة والكفاءة الخارجية,ربط مخرجات مؤسسات التعليم والتدريب المهني والتقني باحتياجات سوق العمل (الانتقال من التدريب الى العمل).,روابط سوق العمل,اجراء دراسات التتبع على جانبي العرض والطلب للتقويم المستمر لتحديد موائمة البرامج لاحتياجات سوق العمل,إنشاء مرصد معلومات سوق العمل,percent,100.0,0.0,2025,2027,شعبة الدراسات الفنية,done,0.0,0.0,0.0,IQD,one,,
اعداد دراسة لتطوير التدريب بما يتناسب مع حاجة السوق المحلية.,tv,الجودة والكفاءة الخارجية,ربط مخرجات مؤسسات التعليم والتدريب المهني والتقني باحتياجات سوق العمل (الانتقال من التدريب الى العمل).,روابط سوق العمل,تطوير برامج التدريب القائمة على العمل ( التسليم، المدربين، والاتفاقيات مع رواد الاعمال),إنشاء مرصد معلومات سوق العمل,percent,100.0,0.0,2025,2027,قسم التدريب +شعبة الدراسات الفنية + المنظمات - المديرية العامة للتعليم المهني,done,0.0,0.0,0.0,IQD,one,,
استحداث شعبة حاضنات الاعمال ومرصد سوق العمل ضمن شعب قسم التدريب التابع للمدريرة العامة للتعليم المهني وحسب البيان الوزاري بالعدد (6/4/68308) في 11/12/2023,tv,الحوكمة والادارة والتمويل,تعزيز قدرات التخطيط الاستراتيجي والتشغيلي بما في ذلك ادارة المعلومات لتقديم خدمات منسقة وفعالة,ادارة المعلومات والتخطيط الاستراتيجي والعملياتي,انشاء مرصد لسوق العمل بالتعاون مع وزارة التعليم العالي والبحث العلمي ووزارة العمل والشؤون الاجتماعية ووزارات اخرى مختارة وممثلي القطاع الخاص وشركاء اخرين,انشاء مرصد معلومات سوق العمل,percent,100.0,100.0,2024,2025,قسم التدريب -المديرية العامة للتعليم المهني,done,0.0,0.0,0.0,IQD,one,,
مشروع اصلاح التعليم والتدريب التقني والمهني الاخضر والرقمي TVET3 يتم تنفيذه ضمن برامج اعداد السياسات و دمج المهارات الخضراء والرقمية في التعليم والتدريب التقني والمهني,tv,الحوكمة والادارة والتمويل,تعزيز قدرات التخطيط الاستراتيجي والتشغيلي بما في ذلك ادارة المعلومات لتقديم خدمات منسقة وفعالة,ادارة المعلومات والتخطيط الاستراتيجي والعملياتي,انشاء مجالس للتعليم والتدريب المهني والتقني لضمان التنسيق الفعال وتطوير السياسات والتنفيذ المنسق عبر الوزارات القطاعية كما هو منصوص عليه في القانون المقترح لذلك المجلس,مراحل انجاز المشروع وعدد السياسيات التي تم تنفيذها,percent,100.0,0.0,2025,2027,منظمة اليونسكو بالتنسيق مع المديرية العامة للعلاقات الثقافية+شعبة التخطيط,done,,,,IQD,one,اليونسكو+ الاتحاد الأوربي,نود الاشارة ان المشروع يشمل وزارة التربية / ووزارة العمل والشؤون الاجتماعية /ووزارة التعليم العالي
اعداد دراسة علمية لتخطيط الموارد المالية الموجهة للتعليم المهني وفق الخطط المالية السنوية,tv,الحوكمة والادارة والتمويل,"تعزيز الادارة المالية لضمان التخصيصات المالية في الوقت المناسب وعلى اساس الاحتياجات, بناءا على الخطط الاستراتيجية العملياتية مع محفظة تمويل متنوعة",الإدارة المالية,تخصيص الموارد المالية الموجهة لمؤسسات التعليم والتدريب المهني والتقني وفق الخطط المالية السنوية,زيادة الميزانية السنوية للتعليم والتدريب المهني والتقني,percent,100.0,0.0,2025,2027,شعبة الرقابة + قسم الشؤون المالية,done,0.0,0.0,0.0,IQD,one,,
اعداد دراسة لتحويل الموازنة من البنود الى البرامج والاداء واثرها على الاستراتيجية,tv,الحوكمة والادارة والتمويل,"تعزيز الادارة المالية لضمان التخصيصات المالية في الوقت المناسب وعلى اساس الاحتياجات, بناءا على الخطط الاستراتيجية العملياتية مع محفظة تمويل متنوعة",الإدارة المالية,تطبيق موازنة البرامج والاداء بدلا من موازنة البنود,زيادة الميزانية السنوية للتعليم والتدريب المهني والتقني,percent,100.0,0.0,2025,2027,شعبة الرقابة + قسم الشؤون المالية,done,0.0,0.0,0.0,IQD,one,,
"وضع اسس لتعظيم موارد التعليم المهني من خلال العمل على تنويع مصادر التمويل ( تفعيل الحوانيت, المضي بتعديل قانون الاستثمار وتعديلاته, وضع ضوابط التعليم المهني الاهلي....).",tv,الحوكمة والادارة والتمويل,"تعزيز الادارة المالية لضمان التخصيصات المالية في الوقت المناسب وعلى اساس الاحتياجات, بناءا على الخطط الاستراتيجية العملياتية مع محفظة تمويل متنوعة",الإدارة المالية,تنويع مصادر التمويل,زيادة الميزانية السنوية للتعليم والتدريب المهني والتقني,percent,100.0,75.0,2023,2025,قسم الاملاك والاراضي + قسم الشؤون المالية + قسم الشؤون العلمية,done,0.0,0.0,0.0,IQD,one,,
مشروع حوكمة المدفوعات يتم تنفيذه من خلال تطبيق نظام الدفع الالكتروني واصدار صحة الصدور بنظام (QR) لوثائق الطلبة .,tv,الحوكمة والادارة والتمويل,"تعزيز الادارة المالية لضمان التخصيصات المالية في الوقت المناسب وعلى اساس الاحتياجات, بناءا على الخطط الاستراتيجية العملياتية مع محفظة تمويل متنوعة",الإدارة المالية,تنويع مصادر التمويل,نسبة انجاز المشروع,percent,100.0,0.0,2025,2026,قسم المالية+قسم شؤون الطلبة,done,,0.0,0.0,IQD,one,,
مشروع انشاء وتشغيل منحل عسل (تمويل ذاتي),tv,الحوكمة والادارة والتمويل,"تعزيز الادارة المالية لضمان التخصيصات المالية في الوقت المناسب وعلى اساس الاحتياجات, بناءا على الخطط الاستراتيجية العملياتية مع محفظة تمويل متنوعة",الإدارة المالية,تنويع مصادر التمويل,زيادة الميزانية السنوية للتعليم والتدريب المهني والتقني,percent,100.0,0.0,2026,2027,قسم التعليم المهني في كرخ الاولى (اعدادية الزيتون المهنية),done,,0.0,0.0,IQD,one,الكادر التربوي والتدريسي في قسم التعليم المهني الكرخ الاولى,يتم متابعة المشروع واصدار الموافقات الاصولية من قبل قسم الاملاك والاراضي في المديرية
مشروع زراعي/ انشاء بيوت ابلاستيكية لزراعة الخضروات ( تمويل ذاتي ),tv,الحوكمة والادارة والتمويل,"تعزيز الادارة المالية لضمان التخصيصات المالية في الوقت المناسب وعلى اساس الاحتياجات, بناءا على الخطط الاستراتيجية العملياتية مع محفظة تمويل متنوعة",الإدارة المالية,تنويع مصادر التمويل,زيادة الميزانية السنوية للتعليم والتدريب المهني والتقني,percent,100.0,0.0,2026,2027,قسم التعليم المهني في كرخ الاولى (اعدادية الزيتون المهنية),done,,0.0,0.0,IQD,one,الكادر التربوي والتدريسي في قسم التعليم المهني الكرخ الاولى,يتم متابعة المشروع واصدار الموافقات الاصولية من قبل قسم الاملاك والاراضي في المديرية
مشروع زراعي/ انشاء بيوت ابلاستيكية لزراعة الطماطم ( تمويل ذاتي ),tv,الحوكمة والادارة والتمويل,"تعزيز الادارة المالية لضمان التخصيصات المالية في الوقت المناسب وعلى اساس الاحتياجات, بناءا على الخطط الاستراتيجية العملياتية مع محفظة تمويل متنوعة",الإدارة المالية,تنويع مصادر التمويل,زيادة الميزانية السنوية للتعليم والتدريب المهني والتقني,percent,100.0,0.0,2026,2027,قسم التعليم المهني في بابل (اعدادية الحمزة لمهنية),done,,0.0,0.0,IQD,one,الكادر التربوي والتدريسي في قسم التعليم المهني بابل,يتم متابعة المشروع واصدار الموافقات الاصولية من قبل قسم الاملاك والاراضي في المديرية
مشروع انتاج مادة الخل,tv,الحوكمة والادارة والتمويل,"تعزيز الادارة المالية لضمان التخصيصات المالية في الوقت المناسب وعلى اساس الاحتياجات, بناءا على الخطط الاستراتيجية العملياتية مع محفظة تمويل متنوعة",الإدارة المالية,تنويع مصادر التمويل,زيادة الميزانية السنوية للتعليم والتدريب المهني والتقني,percent,100.0,0.0,2026,2027,قسم التعليم المهني في بابل (اعدادية الحمزة لمهنية),done,,0.0,0.0,IQD,one,الكادر التربوي والتدريسي في قسم التعليم المهني بابل,يتم متابعة المشروع واصدار الموافقات الاصولية من قبل قسم الاملاك والاراضي في المديرية
مشروع النخيل التدريبي الاستثماري,tv,الحوكمة والادارة والتمويل,"تعزيز الادارة المالية لضمان التخصيصات المالية في الوقت المناسب وعلى اساس الاحتياجات, بناءا على الخطط الاستراتيجية العملياتية مع محفظة تمويل متنوعة",الإدارة المالية,تنويع مصادر التمويل,زيادة الميزانية السنوية للتعليم والتدريب المهني والتقني,percent,100.0,0.0,2026,2027,قسم التعليم المهني في القادسية (اعدادية الديوانية المهنية),done,,0.0,0.0,IQD,one,الكادر التربوي والتدريسي في قسم التعليم المهني في القادسية,يتم متابعة المشروع واصدار الموافقات الاصولية من قبل قسم الاملاك والاراضي في المديرية
مشروع انتاج التين التدريبي الاستثماري,tv,الحوكمة والادارة والتمويل,"تعزيز الادارة المالية لضمان التخصيصات المالية في الوقت المناسب وعلى اساس الاحتياجات, بناءا على الخطط الاستراتيجية العملياتية مع محفظة تمويل متنوعة",الإدارة المالية,تنويع مصادر التمويل,زيادة الميزانية السنوية للتعليم والتدريب المهني والتقني,percent,100.0,0.0,2026,2027,قسم التعليم المهني في القادسية (اعدادية الديوانية المهنية),done,,0.0,0.0,IQD,one,الكادر التربوي والتدريسي في قسم التعليم المهني في القادسية,يتم متابعة المشروع واصدار الموافقات الاصولية من قبل قسم الاملاك والاراضي في المديرية
مشروع تأهيل وتشغيل الملعب الرياضي في الاعدادية المركزية للبنبن كملعب خماسي.,tv,الحوكمة والادارة والتمويل,"تعزيز الادارة المالية لضمان التخصيصات المالية في الوقت المناسب وعلى اساس الاحتياجات, بناءا على الخطط الاستراتيجية العملياتية مع محفظة تمويل متنوعة",الإدارة المالية,تنويع مصادر التمويل,زيادة الميزانية السنوية للتعليم والتدريب المهني والتقني,percent,100.0,0.0,2026,2026,مستثمر عقد ايجار مع المديرية العامة للتعليم المهني (اعدادية المركزية للبنبن ),done,,0.0,0.0,IQD,one,مستثمر,يتم متابعة المشروع واصدار الموافقات الاصولية ومتابعة اجراء المباريات من قبل قسم الاملاك والاراضي في المديرية
مشاريع زراعية/البيوت البلاستيكية ومشاريع الدواجن ( تمويل ذاتي ),tv,الحوكمة والادارة والتمويل,"تعزيز الادارة المالية لضمان التخصيصات المالية في الوقت المناسب وعلى اساس الاحتياجات, بناءا على الخطط الاستراتيجية العملياتية مع محفظة تمويل متنوعة",الإدارة المالية,تنويع مصادر التمويل,زيادة الميزانية السنوية للتعليم والتدريب المهني والتقني,percent,100.0,20.0,2023,2031,قسم التعليم المهني في بابل,done,,0.0,0.0,IQD,one,الكادر التربوي والتدريسي في قسم التعليم المهني بابل,
